Property_ID,Location,Property_Type,Area_sqft,Bedrooms,Bathrooms,Furnishing_Status,Parking_Spaces,Floors,Property_Age,Balconies,Amenities_Count,Availability,Nearby_Schools,Price
PROP_14366,Silicon Hills,Penthouse,4317,3,4.0,Furnished,2,23,5.0,0,8,Ready To Move,2.0,3544800.0
PROP_11130,Oakridge Valley,Penthouse,3905,4,5.0,Semi-Furnished,1,29,1.0,1,3,Ready To Move,3.0,2042100.0
PROP_12603,Downtown Central,Independent House,3218,4,4.0,Furnished,2,1,0.0,1,4,Ready To Move,5.0,1883400.0
PROP_11748,Riverside District,Independent House,2346,2,2.0,Unfurnished,1,3,8.0,1,2,Ready To Move,4.0,1084600.0
PROP_13287,Sunset Park,Studio Apartment,632,1,1.0,Furnished,2,13,12.0,0,5,Ready To Move,3.0,302300.0
PROP_10788,Greenwood Heights,Independent House,3035,3,3.0,Furnished,1,2,1.0,1,2,Ready To Move,1.0,1487400.0
PROP_12835,Oakridge Valley,Independent House,2921,3,4.0,Semi-Furnished,1,1,11.0,0,4,Ready To Move,2.0,1087700.0
PROP_10085,Oakridge Valley,Apartment,927,1,1.0,Unfurnished,1,19,7.0,0,8,Ready To Move,3.0,383400.0
PROP_12996,Lakeside Estates,Apartment,1253,2,1.0,Furnished,1,24,4.0,1,4,Under Construction,5.0,661800.0
PROP_11558,Oakridge Valley,Independent House,2945,4,3.0,Furnished,2,3,1.0,0,10,Under Construction,2.0,1290700.0
PROP_11316,Midtown Corridor,Luxury Villa,4306,4,4.0,Semi-Furnished,1,2,0.0,2,6,Ready To Move,4.0,2826300.0
PROP_10626,Lakeside Estates,Independent House,2305,3,3.0,Semi-Furnished,1,2,1.0,1,2,Under Construction,4.0,1352200.0
PROP_15756,Downtown Central,Independent House,2442,3,2.0,Semi-Furnished,2,3,4.0,2,7,Ready To Move,2.0,1609200.0
PROP_13149,Westend Terrace,Studio Apartment,490,1,1.0,Furnished,2,19,6.0,1,8,Ready To Move,4.0,316500.0
PROP_15477,Harbor Point,Independent House,2487,4,3.0,Furnished,0,2,4.0,1,5,Ready To Move,3.0,1544900.0
PROP_12587,Harbor Point,Apartment,1452,3,3.0,Semi-Furnished,1,4,6.0,1,6,Ready To Move,4.0,892800.0
PROP_10324,Westend Terrace,Independent House,2477,3,2.0,Semi-Furnished,0,3,2.0,0,5,Ready To Move,1.0,1150600.0
PROP_14446,Oakridge Valley,Studio Apartment,481,1,1.0,Furnished,1,2,15.0,2,7,Ready To Move,3.0,265100.0
PROP_13266,Westend Terrace,Apartment,1399,2,3.0,Furnished,1,20,9.0,2,2,Ready To Move,4.0,594300.0
PROP_11570,Oakridge Valley,Penthouse,4765,5,7.0,Unfurnished,1,28,40.0,0,7,Ready To Move,5.0,1833300.0
PROP_13728,Downtown Central,Luxury Villa,4484,4,5.0,Furnished,1,2,40.0,2,4,Ready To Move,3.0,2389800.0
PROP_12092,Lakeside Estates,Studio Apartment,765,1,1.0,Furnished,0,13,2.0,1,5,Under Construction,1.0,416600.0
PROP_15683,Lakeside Estates,Luxury Villa,3984,3,3.0,Semi-Furnished,0,3,4.0,0,1,Ready To Move,3.0,2651500.0
PROP_14589,Sunset Park,Independent House,1999,3,2.0,Furnished,1,3,3.0,0,5,Under Construction,3.0,853900.0
PROP_10409,Greenwood Heights,Penthouse,4452,4,5.0,Furnished,1,32,12.0,1,3,Under Construction,5.0,2347800.0
PROP_15843,Oakridge Valley,Independent House,3214,4,4.0,Semi-Furnished,1,2,35.0,2,4,Ready To Move,4.0,1093000.0
PROP_14765,Harbor Point,Apartment,1455,2,2.0,Unfurnished,1,19,9.0,1,6,Ready To Move,2.0,786700.0
PROP_15630,Silicon Hills,Penthouse,5582,4,5.0,Unfurnished,1,19,7.0,0,6,Under Construction,2.0,3908600.0
PROP_10394,Westend Terrace,Studio Apartment,464,1,1.0,Semi-Furnished,1,19,5.0,0,7,Under Construction,3.0,265600.0
PROP_13683,Harbor Point,Studio Apartment,530,1,1.0,Semi-Furnished,2,15,5.0,0,4,Ready To Move,3.0,376100.0
PROP_15596,Riverside District,Luxury Villa,4522,3,4.0,Unfurnished,2,2,25.0,1,4,Ready To Move,2.0,2345100.0
PROP_15927,Downtown Central,Apartment,1431,2,2.0,Furnished,1,1,4.0,2,10,Ready To Move,1.0,767900.0
PROP_11420,Greenwood Heights,Apartment,1047,2,2.0,Semi-Furnished,1,4,11.0,0,6,Ready To Move,5.0,454200.0
PROP_12167,Silicon Hills,Penthouse,5672,5,6.0,Semi-Furnished,2,18,30.0,2,3,Ready To Move,2.0,3575500.0
PROP_11884,Westend Terrace,Apartment,1292,2,2.0,Furnished,2,17,8.0,2,6,Under Construction,3.0,587400.0
PROP_13967,Westend Terrace,Luxury Villa,4774,5,6.0,Unfurnished,3,4,18.0,0,8,Ready To Move,4.0,2339300.0
PROP_12440,Midtown Corridor,Apartment,1415,3,3.0,Semi-Furnished,3,7,35.0,3,4,Ready To Move,1.0,633900.0
PROP_13076,Silicon Hills,Independent House,3258,5,4.0,Semi-Furnished,1,1,33.0,2,10,Under Construction,4.0,1596000.0
PROP_14455,Riverside District,Luxury Villa,5125,5,5.0,Semi-Furnished,2,3,0.0,1,8,Ready To Move,1.0,2979900.0
PROP_12035,Greenwood Heights,Studio Apartment,406,1,1.0,Furnished,2,4,39.0,2,8,Ready To Move,3.0,221200.0
PROP_12526,Riverside District,Apartment,1384,2,3.0,Furnished,2,10,34.0,2,1,Ready To Move,1.0,489200.0
PROP_14442,Oakridge Valley,Independent House,2407,3,3.0,Furnished,1,2,22.0,2,5,Ready To Move,1.0,903700.0
PROP_10605,Midtown Corridor,Apartment,810,1,1.0,Furnished,2,2,8.0,2,8,Ready To Move,3.0,493200.0
PROP_14939,Silicon Hills,Apartment,564,1,1.0,Unfurnished,1,24,5.0,2,4,Ready To Move,3.0,327500.0
PROP_14007,Sunset Park,Apartment,1492,2,2.0,Semi-Furnished,1,7,22.0,1,1,Under Construction,5.0,537400.0
PROP_14686,Greenwood Heights,Independent House,2780,4,5.0,Furnished,0,2,7.0,1,6,Ready To Move,1.0,1344200.0
PROP_14281,Oakridge Valley,Apartment,1337,1,1.0,Semi-Furnished,0,13,5.0,2,7,Ready To Move,5.0,504700.0
PROP_14029,Midtown Corridor,Apartment,913,1,1.0,Furnished,2,22,5.0,0,1,Ready To Move,4.0,484100.0
PROP_15970,Oakridge Valley,Independent House,2650,4,5.0,Semi-Furnished,1,1,2.0,1,8,Under Construction,2.0,1077400.0
PROP_13488,Sunset Park,Apartment,1321,2,1.0,Furnished,2,12,3.0,2,7,Ready To Move,1.0,572000.0
PROP_11515,Oakridge Valley,Apartment,1278,2,2.0,Semi-Furnished,1,1,2.0,1,2,Ready To Move,3.0,525000.0
PROP_14392,Oakridge Valley,Apartment,1405,3,4.0,Furnished,2,13,3.0,1,7,Ready To Move,3.0,686500.0
PROP_12978,Sunset Park,Luxury Villa,5398,4,4.0,Semi-Furnished,1,4,0.0,0,8,Under Construction,3.0,2644200.0
PROP_11195,Riverside District,Apartment,1640,3,4.0,Unfurnished,0,3,5.0,1,1,Ready To Move,5.0,849000.0
PROP_11322,Oakridge Valley,Apartment,938,1,1.0,Unfurnished,2,18,18.0,1,8,Ready To Move,2.0,384200.0
PROP_11863,Greenwood Heights,Apartment,1710,3,3.0,Unfurnished,1,13,21.0,0,5,Ready To Move,3.0,663100.0
PROP_12804,Greenwood Heights,Studio Apartment,547,1,1.0,Furnished,3,5,14.0,1,7,Ready To Move,2.0,301400.0
PROP_10812,Sunset Park,Independent House,2157,3,2.0,Semi-Furnished,2,2,3.0,1,3,Under Construction,3.0,951600.0
PROP_15726,Silicon Hills,Luxury Villa,4622,4,4.0,Semi-Furnished,0,4,7.0,1,3,Under Construction,2.0,2977700.0
PROP_10806,Downtown Central,Independent House,2361,3,3.0,Semi-Furnished,3,3,12.0,1,7,Under Construction,5.0,1298500.0
PROP_14297,Downtown Central,Apartment,1311,2,2.0,Furnished,1,22,3.0,2,4,Ready To Move,1.0,749500.0
PROP_14959,Downtown Central,Apartment,1493,2,2.0,Furnished,2,15,5.0,2,10,Ready To Move,3.0,954300.0
PROP_10080,Sunset Park,Penthouse,4164,3,5.0,Semi-Furnished,2,23,13.0,2,5,Under Construction,3.0,1895500.0
PROP_14636,Lakeside Estates,Apartment,1375,2,1.0,Unfurnished,0,21,2.0,3,6,Ready To Move,5.0,689900.0
PROP_13941,Westend Terrace,Independent House,2768,4,4.0,Semi-Furnished,0,2,0.0,1,8,Ready To Move,1.0,1477500.0
PROP_11434,Silicon Hills,Apartment,1567,2,2.0,Furnished,2,21,2.0,1,4,Under Construction,4.0,996200.0
PROP_16000,Midtown Corridor,Apartment,1289,2,2.0,Unfurnished,1,2,5.0,2,4,Ready To Move,1.0,574600.0
PROP_11601,Greenwood Heights,Independent House,2542,3,3.0,Semi-Furnished,3,1,15.0,2,7,Under Construction,3.0,1112400.0
PROP_10229,Westend Terrace,Luxury Villa,3594,3,3.0,Furnished,2,4,2.0,2,2,Ready To Move,2.0,2056500.0
PROP_13845,Silicon Hills,Independent House,2450,4,5.0,Semi-Furnished,1,2,25.0,2,3,Ready To Move,1.0,1296600.0
PROP_13318,Greenwood Heights,Apartment,1973,3,3.0,Furnished,0,4,23.0,2,3,Ready To Move,5.0,758000.0
PROP_13297,Midtown Corridor,Apartment,1609,2,2.0,Semi-Furnished,1,19,2.0,1,4,Ready To Move,1.0,809400.0
PROP_14857,Westend Terrace,Studio Apartment,497,1,1.0,Semi-Furnished,1,1,8.0,2,7,Ready To Move,1.0,273600.0
PROP_13902,Greenwood Heights,Penthouse,5077,4,5.0,Unfurnished,1,34,3.0,1,6,Ready To Move,5.0,2797300.0
PROP_15006,Midtown Corridor,Luxury Villa,4583,4,4.0,Semi-Furnished,1,3,13.0,1,4,Ready To Move,2.0,2886500.0
PROP_13886,Greenwood Heights,Independent House,2672,3,3.0,Unfurnished,1,3,6.0,1,5,Under Construction,2.0,1050700.0
PROP_14725,Riverside District,Apartment,1209,1,1.0,Furnished,1,6,10.0,2,6,Ready To Move,1.0,545300.0
PROP_11076,Oakridge Valley,Apartment,1045,2,2.0,Furnished,1,22,9.0,3,5,Ready To Move,5.0,508700.0
PROP_15957,Riverside District,Apartment,1482,3,3.0,Semi-Furnished,1,4,16.0,2,8,Ready To Move,5.0,729000.0
PROP_12777,Silicon Hills,Independent House,2477,4,4.0,Semi-Furnished,0,1,10.0,1,3,Ready To Move,5.0,1571000.0
PROP_10682,Oakridge Valley,Apartment,1350,2,1.0,Unfurnished,2,13,3.0,1,6,Ready To Move,3.0,537600.0
PROP_12550,Downtown Central,Studio Apartment,350,1,1.0,Furnished,0,13,6.0,3,7,Ready To Move,4.0,304700.0
PROP_13408,Riverside District,Apartment,1502,3,3.0,Furnished,2,3,2.0,0,10,Under Construction,3.0,744100.0
PROP_12099,Midtown Corridor,Apartment,1119,2,2.0,Furnished,3,11,5.0,1,7,Under Construction,3.0,607400.0
PROP_15565,Oakridge Valley,Apartment,1747,3,3.0,Furnished,1,22,1.0,1,5,Ready To Move,4.0,738200.0
PROP_11222,Harbor Point,Penthouse,4554,4,6.0,Semi-Furnished,2,19,6.0,3,7,Ready To Move,4.0,3246400.0
PROP_11913,Greenwood Heights,Luxury Villa,4476,4,5.0,Furnished,1,3,4.0,2,7,Ready To Move,3.0,2542400.0
PROP_14559,Downtown Central,Penthouse,4361,3,4.0,Semi-Furnished,3,32,13.0,0,7,Ready To Move,1.0,2844900.0
PROP_10038,Midtown Corridor,Apartment,1348,2,1.0,Furnished,1,11,0.0,1,6,Ready To Move,1.0,712300.0
PROP_12365,Midtown Corridor,Luxury Villa,4061,3,4.0,Semi-Furnished,1,4,0.0,2,3,Ready To Move,1.0,2574300.0
PROP_11216,Westend Terrace,Luxury Villa,5395,5,5.0,Furnished,2,4,17.0,1,10,Ready To Move,4.0,2861200.0
PROP_12133,Silicon Hills,Apartment,1516,2,2.0,Semi-Furnished,3,21,2.0,1,7,Ready To Move,2.0,948900.0
PROP_15307,Harbor Point,Apartment,1332,3,3.0,Unfurnished,0,15,12.0,1,6,Ready To Move,4.0,824500.0
PROP_10234,Downtown Central,Independent House,2782,4,4.0,Furnished,2,2,19.0,2,3,Ready To Move,3.0,1478200.0
PROP_13312,Silicon Hills,Apartment,1121,2,3.0,Semi-Furnished,2,3,1.0,1,7,Under Construction,3.0,667000.0
PROP_15009,Sunset Park,Studio Apartment,546,1,1.0,Furnished,2,12,4.0,1,2,Ready To Move,1.0,265000.0
PROP_14105,Harbor Point,Independent House,2799,3,3.0,Semi-Furnished,0,3,2.0,2,5,Under Construction,5.0,1760100.0
PROP_15377,Westend Terrace,Luxury Villa,6163,5,6.0,Semi-Furnished,1,2,0.0,1,6,Under Construction,2.0,3196700.0
PROP_15385,Harbor Point,Independent House,2801,4,3.0,Furnished,1,2,8.0,0,4,Ready To Move,1.0,1716800.0
PROP_14056,Downtown Central,Apartment,1516,2,2.0,Semi-Furnished,1,23,5.0,3,6,Ready To Move,5.0,911900.0
PROP_11644,Silicon Hills,Apartment,1261,2,2.0,Semi-Furnished,2,20,40.0,0,2,Ready To Move,5.0,563100.0
PROP_12313,Midtown Corridor,Apartment,1298,2,2.0,Unfurnished,3,1,2.0,2,8,Ready To Move,1.0,690200.0
PROP_14983,Downtown Central,Independent House,3131,5,6.0,Furnished,2,2,4.0,1,6,Ready To Move,1.0,1902100.0
PROP_10697,Lakeside Estates,Independent House,2413,3,3.0,Semi-Furnished,1,3,10.0,1,6,Ready To Move,2.0,1400100.0
PROP_15958,Silicon Hills,Luxury Villa,5587,6,6.0,Semi-Furnished,0,3,21.0,1,8,Under Construction,3.0,3408000.0
PROP_12551,Midtown Corridor,Apartment,1334,2,2.0,Semi-Furnished,0,16,5.0,1,4,Ready To Move,5.0,641700.0
PROP_12930,Midtown Corridor,Independent House,2507,3,3.0,Semi-Furnished,3,3,3.0,3,6,Ready To Move,5.0,1417900.0
PROP_10094,Westend Terrace,Apartment,1590,2,1.0,Unfurnished,1,18,17.0,1,3,Ready To Move,2.0,652000.0
PROP_11398,Downtown Central,Penthouse,4755,4,6.0,Semi-Furnished,1,26,1.0,1,6,Ready To Move,4.0,3482300.0
PROP_14087,Silicon Hills,Luxury Villa,4652,4,4.0,Unfurnished,0,2,7.0,1,8,Ready To Move,5.0,3365400.0
PROP_15586,Midtown Corridor,Apartment,1052,1,1.0,Furnished,0,24,25.0,1,10,Ready To Move,5.0,499500.0
PROP_12517,Sunset Park,Apartment,1390,2,2.0,Semi-Furnished,2,21,1.0,1,6,Ready To Move,4.0,587700.0
PROP_13575,Sunset Park,Independent House,2698,4,3.0,Furnished,3,3,1.0,1,8,Ready To Move,3.0,1328400.0
PROP_15884,Sunset Park,Luxury Villa,4747,5,6.0,Semi-Furnished,3,2,19.0,0,5,Ready To Move,2.0,2203900.0
PROP_14783,Midtown Corridor,Apartment,1071,2,2.0,Semi-Furnished,0,5,21.0,1,3,Ready To Move,1.0,520000.0
PROP_11499,Silicon Hills,Luxury Villa,4719,4,4.0,Unfurnished,2,3,1.0,1,8,Ready To Move,5.0,3538700.0
PROP_10325,Silicon Hills,Studio Apartment,579,1,1.0,Unfurnished,1,9,0.0,2,9,Ready To Move,5.0,449100.0
PROP_15563,Harbor Point,Studio Apartment,525,1,1.0,Semi-Furnished,2,9,4.0,1,5,Under Construction,1.0,287600.0
PROP_10545,Sunset Park,Studio Apartment,523,1,1.0,Semi-Furnished,0,15,2.0,0,7,Under Construction,1.0,264900.0
PROP_15372,Riverside District,Apartment,1125,2,2.0,Semi-Furnished,2,7,3.0,1,10,Ready To Move,4.0,551000.0
PROP_10024,Harbor Point,Apartment,1412,2,2.0,Furnished,2,3,7.0,2,10,Under Construction,4.0,817500.0
PROP_12132,Sunset Park,Apartment,1444,2,2.0,Unfurnished,0,12,9.0,2,7,Ready To Move,1.0,597300.0
PROP_11818,Harbor Point,Apartment,1238,1,1.0,Semi-Furnished,1,8,1.0,0,5,Ready To Move,4.0,703300.0
PROP_12942,Westend Terrace,Apartment,1312,2,1.0,Furnished,0,15,4.0,1,5,Ready To Move,3.0,585700.0
PROP_11722,Midtown Corridor,Apartment,1216,2,3.0,Furnished,2,17,7.0,2,5,Ready To Move,4.0,707000.0
PROP_12134,Sunset Park,Apartment,1239,2,2.0,Semi-Furnished,1,6,2.0,2,4,Ready To Move,1.0,532800.0
PROP_13600,Riverside District,Studio Apartment,597,1,1.0,Semi-Furnished,1,5,1.0,1,3,Under Construction,4.0,316000.0
PROP_10566,Westend Terrace,Studio Apartment,562,1,1.0,Furnished,1,2,1.0,0,4,Ready To Move,4.0,345000.0
PROP_13996,Westend Terrace,Apartment,1591,3,2.0,Semi-Furnished,0,11,0.0,1,3,Under Construction,4.0,675000.0
PROP_13840,Greenwood Heights,Independent House,2217,4,4.0,Semi-Furnished,2,2,0.0,2,5,Ready To Move,4.0,1265400.0
PROP_15257,Midtown Corridor,Apartment,804,1,1.0,Furnished,3,12,11.0,1,7,Ready To Move,1.0,484100.0
PROP_11865,Oakridge Valley,Penthouse,3514,4,5.0,Furnished,1,30,0.0,1,8,Ready To Move,3.0,2043100.0
PROP_13904,Sunset Park,Apartment,1485,2,2.0,Unfurnished,2,3,7.0,3,5,Ready To Move,1.0,590600.0
PROP_10157,Downtown Central,Apartment,1035,1,1.0,Furnished,2,22,5.0,3,6,Ready To Move,5.0,615900.0
PROP_12481,Sunset Park,Independent House,2480,2,2.0,Furnished,2,3,8.0,1,1,Under Construction,5.0,1004800.0
PROP_13280,Oakridge Valley,Independent House,2353,3,3.0,Semi-Furnished,1,2,1.0,2,8,Ready To Move,4.0,1070200.0
PROP_13619,Sunset Park,Luxury Villa,4357,4,4.0,Semi-Furnished,1,4,1.0,0,4,Ready To Move,5.0,2261800.0
PROP_10178,Silicon Hills,Apartment,1384,2,1.0,Unfurnished,1,20,9.0,2,7,Ready To Move,2.0,788000.0
PROP_11670,Silicon Hills,Luxury Villa,5789,5,5.0,Unfurnished,2,3,0.0,2,3,Under Construction,1.0,4206800.0
PROP_10440,Oakridge Valley,Apartment,1851,3,3.0,Furnished,1,23,0.0,0,3,Under Construction,4.0,732400.0
PROP_13719,Harbor Point,Independent House,2304,3,3.0,Unfurnished,1,1,6.0,3,6,Ready To Move,3.0,1283400.0
PROP_11189,Midtown Corridor,Independent House,2088,3,2.0,Unfurnished,1,3,1.0,3,5,Ready To Move,3.0,1193000.0
PROP_10264,Greenwood Heights,Apartment,1226,2,2.0,Unfurnished,1,20,10.0,1,5,Ready To Move,1.0,516500.0
PROP_11836,Downtown Central,Apartment,1721,3,3.0,Furnished,0,20,0.0,1,5,Under Construction,2.0,941000.0
PROP_14307,Oakridge Valley,Apartment,1353,2,1.0,Furnished,1,16,1.0,3,7,Ready To Move,3.0,605200.0
PROP_11449,Lakeside Estates,Luxury Villa,5490,5,6.0,Semi-Furnished,2,2,2.0,0,7,Ready To Move,1.0,3639300.0
PROP_10222,Sunset Park,Apartment,1188,1,1.0,Unfurnished,2,10,9.0,1,3,Ready To Move,3.0,479000.0
PROP_10255,Riverside District,Apartment,1251,2,2.0,Semi-Furnished,2,21,2.0,1,9,Ready To Move,5.0,686000.0
PROP_10309,Midtown Corridor,Luxury Villa,5351,5,6.0,Unfurnished,1,4,5.0,2,6,Ready To Move,1.0,3527300.0
PROP_11085,Oakridge Valley,Independent House,3142,5,5.0,Semi-Furnished,1,3,1.0,0,5,Ready To Move,1.0,1318500.0
PROP_14569,Westend Terrace,Luxury Villa,4165,4,4.0,Semi-Furnished,1,3,5.0,3,8,Ready To Move,5.0,2328600.0
PROP_10748,Greenwood Heights,Apartment,1586,3,3.0,Semi-Furnished,2,14,3.0,0,5,Ready To Move,2.0,718700.0
PROP_10032,Greenwood Heights,Luxury Villa,4259,3,3.0,Furnished,1,3,3.0,1,5,Ready To Move,2.0,2261500.0
PROP_10554,Downtown Central,Independent House,2900,4,3.0,Semi-Furnished,2,2,0.0,2,3,Ready To Move,2.0,1657200.0
PROP_12032,Harbor Point,Apartment,2013,4,4.0,Unfurnished,0,19,5.0,2,2,Ready To Move,3.0,1016400.0
PROP_14420,Downtown Central,Apartment,1241,1,1.0,Semi-Furnished,1,13,0.0,2,2,Ready To Move,3.0,744800.0
PROP_12875,Riverside District,Independent House,2223,4,3.0,Furnished,3,3,9.0,1,6,Ready To Move,4.0,1221500.0
PROP_11965,Silicon Hills,Luxury Villa,5493,4,5.0,Semi-Furnished,2,4,8.0,2,6,Ready To Move,1.0,4130700.0
PROP_12345,Midtown Corridor,Studio Apartment,578,1,1.0,Unfurnished,1,12,17.0,1,6,Ready To Move,5.0,297600.0
PROP_15557,Silicon Hills,Luxury Villa,5784,6,6.0,Semi-Furnished,1,3,0.0,1,2,Ready To Move,1.0,4824300.0
PROP_15780,Oakridge Valley,Penthouse,4615,4,6.0,Semi-Furnished,0,20,10.0,3,4,Ready To Move,5.0,2288300.0
PROP_10168,Riverside District,Luxury Villa,5236,6,7.0,Semi-Furnished,1,3,10.0,2,7,Ready To Move,2.0,3191300.0
PROP_10764,Sunset Park,Apartment,1068,1,1.0,Unfurnished,2,18,1.0,0,4,Ready To Move,1.0,436600.0
PROP_12329,Sunset Park,Apartment,1422,2,3.0,Semi-Furnished,2,18,7.0,1,4,Ready To Move,3.0,648500.0
PROP_11262,Sunset Park,Apartment,1337,2,2.0,Semi-Furnished,1,1,1.0,2,6,Under Construction,5.0,551300.0
PROP_10320,Silicon Hills,Apartment,1076,2,1.0,Semi-Furnished,2,11,0.0,2,3,Ready To Move,3.0,765400.0
PROP_15471,Greenwood Heights,Apartment,1062,1,1.0,Semi-Furnished,0,15,6.0,1,7,Ready To Move,4.0,464200.0
PROP_12790,Riverside District,Apartment,1568,3,4.0,Semi-Furnished,2,16,14.0,2,6,Ready To Move,4.0,866300.0
PROP_10297,Lakeside Estates,Penthouse,5491,5,7.0,Semi-Furnished,1,22,0.0,1,5,Ready To Move,2.0,3955000.0
PROP_13873,Westend Terrace,Independent House,2325,4,3.0,Semi-Furnished,1,3,6.0,2,1,Ready To Move,5.0,1159900.0
PROP_10531,Midtown Corridor,Apartment,1788,2,2.0,Furnished,1,15,10.0,1,5,Under Construction,4.0,810300.0
PROP_13741,Midtown Corridor,Independent House,1537,3,2.0,Furnished,2,2,7.0,1,10,Ready To Move,1.0,940600.0
PROP_12878,Harbor Point,Studio Apartment,581,1,1.0,Semi-Furnished,1,15,7.0,2,5,Under Construction,3.0,312400.0
PROP_15577,Midtown Corridor,Apartment,1477,3,3.0,Unfurnished,3,17,4.0,1,7,Ready To Move,4.0,785200.0
PROP_14084,Silicon Hills,Apartment,1714,3,2.0,Furnished,1,20,6.0,0,2,Ready To Move,1.0,925600.0
PROP_10347,Greenwood Heights,Independent House,2059,3,2.0,Furnished,0,2,6.0,3,3,Ready To Move,5.0,882600.0
PROP_10081,Midtown Corridor,Apartment,1617,2,2.0,Semi-Furnished,1,18,5.0,3,8,Ready To Move,5.0,830100.0
PROP_12781,Midtown Corridor,Independent House,2350,2,1.0,Semi-Furnished,1,2,0.0,1,5,Ready To Move,4.0,1256400.0
PROP_12848,Sunset Park,Apartment,850,1,1.0,Semi-Furnished,1,12,13.0,2,7,Under Construction,1.0,324000.0
PROP_13971,Riverside District,Apartment,1531,2,1.0,Semi-Furnished,1,21,13.0,2,6,Ready To Move,4.0,675200.0
PROP_15807,Midtown Corridor,Independent House,2641,4,4.0,Semi-Furnished,1,3,1.0,1,5,Under Construction,2.0,1413900.0
PROP_11358,Riverside District,Luxury Villa,4918,5,6.0,Semi-Furnished,1,2,19.0,2,4,Ready To Move,4.0,2798200.0
PROP_15358,Greenwood Heights,Apartment,1396,3,2.0,Semi-Furnished,0,13,17.0,1,4,Ready To Move,1.0,530000.0
PROP_11040,Westend Terrace,Independent House,2716,3,2.0,Unfurnished,1,1,1.0,1,6,Under Construction,2.0,1225600.0
PROP_10866,Harbor Point,Luxury Villa,5298,5,5.0,Furnished,2,2,1.0,1,3,Ready To Move,3.0,3974100.0
PROP_12143,Sunset Park,Independent House,2703,4,5.0,Semi-Furnished,1,1,2.0,3,4,Under Construction,3.0,1256400.0
PROP_15641,Silicon Hills,Independent House,2607,3,4.0,Semi-Furnished,0,2,4.0,2,3,Under Construction,5.0,1512000.0
PROP_11731,Oakridge Valley,Independent House,2670,3,4.0,Furnished,1,3,25.0,2,3,Ready To Move,3.0,1012700.0
PROP_12695,Lakeside Estates,Penthouse,3616,4,5.0,Semi-Furnished,1,31,33.0,1,6,Under Construction,3.0,1964000.0
PROP_15347,Riverside District,Luxury Villa,4568,4,4.0,Unfurnished,2,4,2.0,1,7,Ready To Move,3.0,2871400.0
PROP_14360,Midtown Corridor,Apartment,1671,3,3.0,Unfurnished,0,15,0.0,2,8,Ready To Move,5.0,830900.0
PROP_14052,Downtown Central,Independent House,2802,4,3.0,Semi-Furnished,0,1,9.0,3,8,Ready To Move,2.0,1634800.0
PROP_10158,Greenwood Heights,Independent House,2492,4,4.0,Furnished,0,2,11.0,2,6,Ready To Move,1.0,1134300.0
PROP_10577,Downtown Central,Independent House,1923,3,4.0,Furnished,0,1,25.0,2,4,Ready To Move,5.0,1009800.0
PROP_10326,Westend Terrace,Independent House,2809,3,3.0,Semi-Furnished,1,2,0.0,1,4,Ready To Move,5.0,1441100.0
PROP_14212,Greenwood Heights,Apartment,1360,2,2.0,Semi-Furnished,2,7,0.0,3,6,Ready To Move,1.0,660200.0
PROP_15963,Greenwood Heights,Luxury Villa,5099,5,6.0,Furnished,2,2,5.0,2,8,Ready To Move,4.0,2521900.0
PROP_13253,Sunset Park,Studio Apartment,483,1,1.0,Furnished,0,13,9.0,1,5,Under Construction,3.0,224900.0
PROP_14837,Midtown Corridor,Studio Apartment,585,1,1.0,Furnished,2,15,18.0,1,3,Ready To Move,3.0,309200.0
PROP_15440,Sunset Park,Apartment,1230,1,2.0,Unfurnished,1,22,18.0,1,3,Ready To Move,5.0,444000.0
PROP_14670,Downtown Central,Apartment,807,1,1.0,Semi-Furnished,1,13,4.0,1,5,Ready To Move,2.0,482300.0
PROP_10961,Sunset Park,Luxury Villa,3760,4,5.0,Furnished,2,2,0.0,1,6,Ready To Move,4.0,2018500.0
PROP_12722,Lakeside Estates,Independent House,2755,4,3.0,Unfurnished,1,2,0.0,2,3,Ready To Move,5.0,1523500.0
PROP_10707,Silicon Hills,Independent House,2309,3,2.0,Furnished,2,1,1.0,1,9,Ready To Move,4.0,1615000.0
PROP_13298,Oakridge Valley,Apartment,1266,2,2.0,Furnished,1,17,6.0,2,6,Ready To Move,4.0,526100.0
PROP_10402,Downtown Central,Studio Apartment,390,1,1.0,Furnished,1,6,0.0,2,8,Ready To Move,5.0,336700.0
PROP_15514,Westend Terrace,Apartment,1103,2,1.0,Semi-Furnished,2,7,25.0,2,4,Ready To Move,5.0,414700.0
PROP_12651,Riverside District,Independent House,2550,3,4.0,Semi-Furnished,2,2,0.0,2,6,Ready To Move,3.0,1248800.0
PROP_14762,Midtown Corridor,Apartment,1515,3,4.0,Semi-Furnished,2,1,14.0,1,2,Ready To Move,5.0,761100.0
PROP_12374,Midtown Corridor,Luxury Villa,5670,5,6.0,Unfurnished,1,4,11.0,2,9,Under Construction,1.0,3283300.0
PROP_13820,Lakeside Estates,Apartment,1715,3,3.0,Furnished,2,8,0.0,2,6,Ready To Move,1.0,961600.0
PROP_14970,Westend Terrace,Apartment,1118,2,2.0,Furnished,1,24,8.0,1,2,Under Construction,2.0,524900.0
PROP_15744,Sunset Park,Luxury Villa,4663,4,5.0,Furnished,2,2,4.0,0,3,Under Construction,1.0,2146900.0
PROP_11648,Riverside District,Independent House,2804,3,3.0,Semi-Furnished,2,2,5.0,2,2,Ready To Move,1.0,1287100.0
PROP_13810,Silicon Hills,Penthouse,5466,3,5.0,Furnished,2,18,14.0,1,3,Ready To Move,3.0,3741200.0
PROP_15745,Riverside District,Studio Apartment,515,1,1.0,Unfurnished,2,15,2.0,1,4,Ready To Move,3.0,300700.0
PROP_12933,Midtown Corridor,Apartment,1058,2,1.0,Semi-Furnished,1,3,7.0,3,1,Ready To Move,3.0,531000.0
PROP_12390,Silicon Hills,Independent House,2904,5,5.0,Semi-Furnished,2,2,5.0,2,5,Ready To Move,3.0,1932900.0
PROP_14828,Westend Terrace,Penthouse,4761,3,4.0,Furnished,2,22,2.0,1,5,Ready To Move,2.0,2961900.0
PROP_12229,Westend Terrace,Apartment,1039,2,1.0,Unfurnished,3,14,3.0,1,3,Ready To Move,3.0,541200.0
PROP_10539,Westend Terrace,Studio Apartment,436,1,1.0,Furnished,1,4,2.0,2,4,Under Construction,3.0,273000.0
PROP_12376,Sunset Park,Independent House,2977,4,3.0,Furnished,1,3,21.0,2,7,Ready To Move,4.0,1204600.0
PROP_15629,Greenwood Heights,Apartment,1301,3,4.0,Furnished,1,22,9.0,1,6,Ready To Move,1.0,629600.0
PROP_11236,Harbor Point,Apartment,1535,3,3.0,Furnished,0,19,0.0,1,9,Ready To Move,4.0,971300.0
PROP_11685,Downtown Central,Apartment,980,2,2.0,Unfurnished,1,6,0.0,1,6,Under Construction,1.0,579200.0
PROP_11756,Downtown Central,Luxury Villa,4627,4,5.0,Semi-Furnished,1,4,3.0,2,10,Ready To Move,1.0,3392700.0
PROP_11213,Sunset Park,Studio Apartment,574,1,1.0,Semi-Furnished,1,9,4.0,0,6,Under Construction,4.0,265800.0
PROP_14386,Harbor Point,Luxury Villa,5186,5,6.0,Semi-Furnished,1,2,15.0,3,1,Ready To Move,2.0,3138700.0
PROP_10978,Oakridge Valley,Apartment,993,2,2.0,Semi-Furnished,0,8,11.0,1,8,Ready To Move,2.0,415400.0
PROP_12043,Silicon Hills,Apartment,1566,3,3.0,Semi-Furnished,1,10,0.0,1,6,Under Construction,5.0,952500.0
PROP_14900,Lakeside Estates,Luxury Villa,4119,4,5.0,Semi-Furnished,3,2,7.0,1,7,Ready To Move,1.0,2724700.0
PROP_15352,Midtown Corridor,Apartment,1382,3,2.0,Semi-Furnished,2,21,23.0,2,5,Under Construction,5.0,667200.0
PROP_12837,Downtown Central,Apartment,1855,4,4.0,Furnished,1,9,5.0,2,3,Ready To Move,1.0,955700.0
PROP_14417,Lakeside Estates,Independent House,2649,3,4.0,Unfurnished,1,2,11.0,1,7,Under Construction,2.0,1373700.0
PROP_10051,Greenwood Heights,Studio Apartment,566,1,1.0,Furnished,1,5,7.0,1,7,Under Construction,2.0,290400.0
PROP_14059,Sunset Park,Independent House,2076,3,3.0,Semi-Furnished,0,2,5.0,0,4,Under Construction,1.0,880000.0
PROP_11320,Midtown Corridor,Independent House,1951,3,4.0,Unfurnished,1,1,12.0,3,5,Ready To Move,4.0,1086100.0
PROP_11469,Westend Terrace,Apartment,1114,2,2.0,Unfurnished,1,13,4.0,1,6,Ready To Move,3.0,539000.0
PROP_12338,Greenwood Heights,Independent House,2337,3,3.0,Semi-Furnished,3,3,1.0,1,2,Ready To Move,1.0,1020900.0
PROP_12766,Lakeside Estates,Penthouse,4079,4,6.0,Semi-Furnished,1,24,16.0,2,5,Ready To Move,2.0,2450000.0
PROP_13544,Oakridge Valley,Independent House,2725,4,3.0,Furnished,2,2,21.0,0,7,Ready To Move,2.0,1033100.0
PROP_14679,Harbor Point,Apartment,1248,1,2.0,Semi-Furnished,0,5,24.0,1,7,Under Construction,4.0,560400.0
PROP_13478,Lakeside Estates,Apartment,1406,2,1.0,Semi-Furnished,0,24,0.0,3,7,Ready To Move,3.0,746600.0
PROP_11651,Harbor Point,Penthouse,5283,4,5.0,Semi-Furnished,2,22,3.0,1,3,Ready To Move,1.0,3920900.0
PROP_11269,Silicon Hills,Apartment,1209,2,1.0,Semi-Furnished,2,5,6.0,2,4,Ready To Move,3.0,759600.0
PROP_14687,Westend Terrace,Apartment,1221,2,2.0,Unfurnished,2,19,1.0,0,8,Ready To Move,5.0,654800.0
PROP_12692,Midtown Corridor,Apartment,1422,2,2.0,Semi-Furnished,1,17,11.0,2,9,Under Construction,2.0,682600.0
PROP_15538,Oakridge Valley,Apartment,1114,2,2.0,Furnished,2,6,1.0,1,2,Ready To Move,1.0,470600.0
PROP_14825,Silicon Hills,Apartment,1735,3,3.0,Furnished,0,19,0.0,1,5,Ready To Move,1.0,1051300.0
PROP_13022,Harbor Point,Apartment,1429,2,1.0,Furnished,2,24,10.0,1,3,Ready To Move,3.0,850000.0
PROP_13766,Greenwood Heights,Independent House,2337,3,4.0,Unfurnished,2,3,3.0,2,5,Ready To Move,3.0,1168300.0
PROP_12233,Silicon Hills,Independent House,2580,4,4.0,Furnished,0,2,4.0,1,6,Ready To Move,1.0,1821900.0
PROP_12810,Sunset Park,Apartment,1695,2,1.0,Semi-Furnished,0,8,4.0,1,4,Under Construction,1.0,561700.0
PROP_15048,Westend Terrace,Apartment,961,1,1.0,Furnished,1,7,2.0,2,4,Ready To Move,4.0,503500.0
PROP_15656,Silicon Hills,Independent House,2999,4,4.0,Unfurnished,1,2,5.0,2,3,Ready To Move,2.0,1732100.0
PROP_14650,Lakeside Estates,Apartment,1532,2,1.0,Furnished,3,6,2.0,3,5,Ready To Move,3.0,766500.0
PROP_15067,Midtown Corridor,Apartment,1658,3,4.0,Furnished,1,4,7.0,1,5,Ready To Move,3.0,944400.0
PROP_13708,Harbor Point,Independent House,2206,3,3.0,Furnished,1,2,9.0,3,8,Ready To Move,3.0,1292500.0
PROP_13185,Westend Terrace,Apartment,1026,2,2.0,Furnished,2,6,10.0,3,7,Under Construction,1.0,478300.0
PROP_11159,Lakeside Estates,Luxury Villa,4841,4,5.0,Furnished,1,3,13.0,0,6,Ready To Move,1.0,2970300.0
PROP_12464,Riverside District,Apartment,1168,2,3.0,Furnished,2,8,13.0,0,4,Ready To Move,1.0,601600.0
PROP_14372,Midtown Corridor,Penthouse,4362,4,5.0,Semi-Furnished,0,19,21.0,1,6,Ready To Move,4.0,2583000.0
PROP_14267,Riverside District,Apartment,893,2,1.0,Semi-Furnished,2,24,5.0,2,6,Ready To Move,3.0,457300.0
PROP_10470,Sunset Park,Apartment,1216,2,2.0,Semi-Furnished,1,20,17.0,1,5,Ready To Move,5.0,533500.0
PROP_12096,Downtown Central,Penthouse,5005,4,5.0,Semi-Furnished,1,32,5.0,2,6,Ready To Move,2.0,3626500.0
PROP_13334,Oakridge Valley,Apartment,1636,2,2.0,Furnished,2,16,0.0,2,7,Ready To Move,1.0,738300.0
PROP_12305,Greenwood Heights,Apartment,1595,3,3.0,Furnished,1,18,4.0,3,5,Ready To Move,5.0,782500.0
PROP_10927,Silicon Hills,Apartment,1494,3,4.0,Furnished,1,22,7.0,2,4,Under Construction,2.0,865500.0
PROP_11351,Lakeside Estates,Independent House,3207,4,5.0,Furnished,2,1,22.0,1,5,Ready To Move,2.0,1425800.0
PROP_11384,Sunset Park,Studio Apartment,725,1,1.0,Semi-Furnished,1,12,1.0,0,4,Under Construction,1.0,327600.0
PROP_15145,Westend Terrace,Apartment,1755,3,3.0,Semi-Furnished,1,15,11.0,2,3,Ready To Move,2.0,763500.0
PROP_10240,Greenwood Heights,Studio Apartment,562,1,1.0,Semi-Furnished,3,3,6.0,1,2,Ready To Move,1.0,283900.0
PROP_10200,Harbor Point,Independent House,2547,3,3.0,Semi-Furnished,2,2,0.0,3,6,Ready To Move,1.0,1655100.0
PROP_14744,Silicon Hills,Independent House,2335,4,4.0,Furnished,2,2,15.0,2,5,Ready To Move,5.0,1440700.0
PROP_11707,Midtown Corridor,Luxury Villa,6420,6,7.0,Furnished,2,3,10.0,2,4,Ready To Move,4.0,3584800.0
PROP_11955,Oakridge Valley,Apartment,911,1,1.0,Furnished,3,19,11.0,3,8,Ready To Move,1.0,394600.0
PROP_13471,Midtown Corridor,Apartment,1326,2,2.0,Semi-Furnished,2,8,9.0,1,8,Ready To Move,3.0,639600.0
PROP_13384,Lakeside Estates,Studio Apartment,718,1,1.0,Semi-Furnished,1,15,0.0,0,7,Ready To Move,5.0,452700.0
PROP_11551,Downtown Central,Apartment,1482,2,1.0,Furnished,3,17,2.0,1,3,Ready To Move,5.0,799700.0
PROP_15850,Silicon Hills,Independent House,2726,3,3.0,Semi-Furnished,2,1,3.0,1,8,Ready To Move,1.0,1844900.0
PROP_10466,Westend Terrace,Independent House,2940,3,3.0,Semi-Furnished,2,2,1.0,1,4,Ready To Move,1.0,1402400.0
PROP_11804,Riverside District,Luxury Villa,4405,4,5.0,Furnished,2,3,9.0,1,4,Ready To Move,4.0,2754400.0
PROP_10102,Downtown Central,Independent House,2045,3,3.0,Furnished,1,2,9.0,2,6,Ready To Move,1.0,1182200.0
PROP_14190,Midtown Corridor,Independent House,2540,3,2.0,Semi-Furnished,2,1,1.0,0,5,Under Construction,1.0,1311400.0
PROP_11537,Silicon Hills,Apartment,1820,4,4.0,Semi-Furnished,0,10,13.0,2,5,Ready To Move,3.0,954200.0
PROP_10473,Westend Terrace,Apartment,945,1,1.0,Semi-Furnished,1,5,5.0,2,5,Ready To Move,5.0,427900.0
PROP_12073,Sunset Park,Independent House,2211,3,3.0,Furnished,1,1,14.0,1,5,Ready To Move,5.0,950100.0
PROP_14403,Oakridge Valley,Independent House,2764,3,3.0,Semi-Furnished,2,3,15.0,2,10,Ready To Move,3.0,1051500.0
PROP_10411,Harbor Point,Studio Apartment,578,1,1.0,Semi-Furnished,1,1,14.0,1,9,Ready To Move,5.0,384300.0
PROP_12023,Harbor Point,Studio Apartment,591,1,1.0,Furnished,2,3,0.0,2,4,Ready To Move,3.0,420000.0
PROP_13759,Downtown Central,Luxury Villa,4784,5,5.0,Semi-Furnished,2,3,1.0,2,7,Under Construction,1.0,3294200.0
PROP_15587,Midtown Corridor,Apartment,1138,2,2.0,Unfurnished,1,11,15.0,2,6,Under Construction,4.0,509800.0
PROP_15154,Riverside District,Apartment,1258,2,1.0,Semi-Furnished,1,23,3.0,2,2,Ready To Move,5.0,604300.0
PROP_13209,Oakridge Valley,Independent House,2878,4,4.0,Unfurnished,1,1,11.0,3,8,Under Construction,3.0,1042400.0
PROP_14129,Midtown Corridor,Apartment,1253,2,3.0,Furnished,2,14,18.0,1,6,Under Construction,2.0,574200.0
PROP_14672,Silicon Hills,Independent House,2539,4,4.0,Semi-Furnished,1,2,39.0,1,3,Ready To Move,4.0,1331800.0
PROP_12961,Oakridge Valley,Independent House,2178,3,3.0,Semi-Furnished,0,3,11.0,2,7,Ready To Move,4.0,871000.0
PROP_11868,Sunset Park,Luxury Villa,4636,4,4.0,Unfurnished,2,2,0.0,1,7,Under Construction,4.0,2005100.0
PROP_14481,Sunset Park,Apartment,1391,2,2.0,Semi-Furnished,3,2,5.0,1,5,Ready To Move,3.0,587800.0
PROP_12997,Lakeside Estates,Studio Apartment,606,1,1.0,Unfurnished,1,10,5.0,1,4,Ready To Move,5.0,322100.0
PROP_14355,Harbor Point,Apartment,1816,3,2.0,Unfurnished,2,8,9.0,0,4,Ready To Move,1.0,954900.0
PROP_10882,Harbor Point,Independent House,3259,4,4.0,Unfurnished,2,3,12.0,1,5,Ready To Move,4.0,1688800.0
PROP_15716,Midtown Corridor,Independent House,2916,5,6.0,Semi-Furnished,1,1,5.0,1,3,Ready To Move,5.0,1622800.0
PROP_12755,Sunset Park,Independent House,2466,4,4.0,Unfurnished,1,3,0.0,2,3,Ready To Move,4.0,1174100.0
PROP_12506,Lakeside Estates,Studio Apartment,655,1,1.0,Unfurnished,1,15,34.0,2,5,Ready To Move,3.0,260400.0
PROP_14648,Harbor Point,Luxury Villa,4551,4,5.0,Semi-Furnished,1,2,7.0,1,2,Under Construction,3.0,2884600.0
PROP_11889,Westend Terrace,Independent House,2025,3,2.0,Furnished,1,3,16.0,1,3,Ready To Move,5.0,921300.0
PROP_14831,Harbor Point,Apartment,1500,2,2.0,Semi-Furnished,1,15,3.0,0,6,Ready To Move,3.0,867200.0
PROP_12139,Harbor Point,Independent House,1962,3,3.0,Unfurnished,0,3,2.0,1,6,Under Construction,2.0,1110500.0
PROP_13165,Greenwood Heights,Independent House,2313,3,4.0,Furnished,1,3,2.0,2,5,Under Construction,4.0,1035600.0
PROP_11666,Midtown Corridor,Apartment,1962,4,3.0,Unfurnished,1,9,3.0,2,10,Ready To Move,5.0,1068700.0
PROP_10600,Downtown Central,Penthouse,4661,4,5.0,Furnished,1,32,20.0,0,3,Ready To Move,2.0,2913600.0
PROP_13335,Downtown Central,Independent House,2170,3,2.0,Semi-Furnished,1,3,4.0,2,1,Ready To Move,5.0,1247800.0
PROP_10372,Harbor Point,Independent House,3206,5,4.0,Semi-Furnished,1,2,4.0,1,7,Ready To Move,2.0,1798400.0
PROP_12604,Westend Terrace,Apartment,1454,2,2.0,Furnished,1,23,3.0,1,10,Ready To Move,5.0,770000.0
PROP_11050,Silicon Hills,Independent House,2290,4,4.0,Furnished,1,1,4.0,2,8,Ready To Move,4.0,1660000.0
PROP_11871,Westend Terrace,Apartment,1003,2,2.0,Furnished,2,6,4.0,1,1,Ready To Move,4.0,543100.0
PROP_12914,Midtown Corridor,Apartment,1430,3,3.0,Furnished,2,23,22.0,2,10,Ready To Move,4.0,681100.0
PROP_15068,Lakeside Estates,Apartment,1211,2,2.0,Semi-Furnished,0,16,5.0,2,2,Ready To Move,3.0,630000.0
PROP_11893,Lakeside Estates,Independent House,2898,3,2.0,Unfurnished,1,2,1.0,2,4,Ready To Move,1.0,1521700.0
PROP_11143,Lakeside Estates,Apartment,1309,2,2.0,Furnished,0,18,13.0,3,8,Ready To Move,2.0,669300.0
PROP_12527,Lakeside Estates,Apartment,1267,2,1.0,Unfurnished,1,7,1.0,1,3,Under Construction,5.0,632200.0
PROP_13835,Riverside District,Apartment,1780,3,2.0,Furnished,2,12,24.0,1,4,Ready To Move,3.0,750800.0
PROP_14833,Silicon Hills,Apartment,1514,2,2.0,Semi-Furnished,2,11,16.0,1,3,Ready To Move,1.0,861900.0
PROP_10133,Greenwood Heights,Studio Apartment,580,1,1.0,Furnished,0,1,28.0,1,7,Ready To Move,2.0,258300.0
PROP_11171,Oakridge Valley,Luxury Villa,4424,4,4.0,Furnished,1,4,3.0,1,3,Under Construction,1.0,1973700.0
PROP_14875,Midtown Corridor,Apartment,831,1,2.0,Semi-Furnished,2,2,9.0,3,4,Ready To Move,3.0,441600.0
PROP_12834,Sunset Park,Studio Apartment,522,1,1.0,Semi-Furnished,0,1,10.0,3,3,Ready To Move,3.0,247900.0
PROP_11770,Oakridge Valley,Apartment,1380,3,2.0,Semi-Furnished,1,15,3.0,0,8,Ready To Move,1.0,561300.0
PROP_15501,Silicon Hills,Studio Apartment,496,1,1.0,Semi-Furnished,1,9,3.0,0,8,Ready To Move,3.0,353100.0
PROP_10747,Westend Terrace,Apartment,740,1,1.0,Furnished,2,5,6.0,2,8,Under Construction,1.0,370600.0
PROP_11880,Harbor Point,Independent House,2103,2,2.0,Semi-Furnished,0,3,0.0,3,4,Ready To Move,5.0,1245200.0
PROP_11323,Greenwood Heights,Apartment,1203,2,1.0,Semi-Furnished,1,16,2.0,1,7,Ready To Move,1.0,606400.0
PROP_13482,Downtown Central,Studio Apartment,516,1,1.0,Unfurnished,3,16,9.0,1,7,Ready To Move,5.0,333300.0
PROP_10502,Downtown Central,Apartment,1037,1,1.0,Semi-Furnished,3,14,0.0,2,7,Ready To Move,3.0,700700.0
PROP_14097,Riverside District,Apartment,1223,1,1.0,Furnished,1,19,19.0,2,8,Ready To Move,5.0,543200.0
PROP_12822,Riverside District,Independent House,2422,3,3.0,Unfurnished,0,1,1.0,1,7,Ready To Move,5.0,1288900.0
PROP_12487,Silicon Hills,Independent House,3273,5,5.0,Unfurnished,0,2,7.0,1,5,Under Construction,1.0,1877300.0
PROP_14598,Sunset Park,Independent House,2361,3,3.0,Semi-Furnished,1,2,10.0,1,7,Ready To Move,3.0,1058200.0
PROP_15308,Greenwood Heights,Independent House,3014,4,4.0,Semi-Furnished,1,2,24.0,1,4,Ready To Move,4.0,1135200.0
PROP_10801,Downtown Central,Apartment,1304,2,2.0,Furnished,2,2,18.0,0,5,Ready To Move,4.0,687000.0
PROP_13790,Westend Terrace,Independent House,2364,3,3.0,Furnished,1,1,8.0,2,6,Ready To Move,4.0,1100200.0
PROP_13204,Riverside District,Studio Apartment,542,1,1.0,Furnished,3,13,7.0,1,7,Ready To Move,2.0,337500.0
PROP_11906,Lakeside Estates,Luxury Villa,4136,4,4.0,Furnished,2,2,11.0,2,2,Under Construction,3.0,2331200.0
PROP_12307,Riverside District,Apartment,1088,2,2.0,Semi-Furnished,1,1,0.0,2,8,Ready To Move,4.0,622000.0
PROP_12081,Downtown Central,Luxury Villa,4002,5,6.0,Unfurnished,1,3,11.0,1,3,Ready To Move,4.0,2602100.0
PROP_10169,Midtown Corridor,Studio Apartment,398,1,1.0,Furnished,3,2,9.0,0,6,Ready To Move,5.0,318000.0
PROP_13018,Midtown Corridor,Studio Apartment,605,1,1.0,Unfurnished,1,19,2.0,2,8,Ready To Move,4.0,386900.0
PROP_12524,Oakridge Valley,Luxury Villa,4415,3,4.0,Furnished,1,4,8.0,2,8,Ready To Move,2.0,2217100.0
PROP_11610,Westend Terrace,Studio Apartment,627,1,1.0,Semi-Furnished,2,3,3.0,1,10,Ready To Move,5.0,381200.0
PROP_12643,Greenwood Heights,Apartment,1462,3,3.0,Semi-Furnished,2,11,3.0,1,8,Ready To Move,2.0,748900.0
PROP_10477,Riverside District,Apartment,1440,2,2.0,Semi-Furnished,0,13,3.0,1,5,Ready To Move,3.0,697000.0
PROP_14880,Harbor Point,Apartment,1445,2,2.0,Semi-Furnished,2,9,9.0,1,3,Ready To Move,4.0,799000.0
PROP_13743,Midtown Corridor,Luxury Villa,5488,5,5.0,Furnished,1,2,6.0,2,5,Ready To Move,1.0,3418800.0
PROP_15305,Westend Terrace,Luxury Villa,4203,4,5.0,Furnished,1,4,1.0,1,3,Under Construction,2.0,2395000.0
PROP_12843,Riverside District,Apartment,1392,2,2.0,Furnished,3,7,14.0,1,7,Ready To Move,3.0,718000.0
PROP_12410,Riverside District,Luxury Villa,4873,5,6.0,Unfurnished,2,3,38.0,2,5,Ready To Move,4.0,2526800.0
PROP_15219,Downtown Central,Apartment,1845,3,2.0,Furnished,0,11,0.0,3,6,Under Construction,1.0,1044800.0
PROP_10231,Riverside District,Apartment,614,1,1.0,Semi-Furnished,2,2,6.0,0,6,Ready To Move,2.0,354200.0
PROP_15108,Sunset Park,Apartment,1652,3,3.0,Semi-Furnished,1,6,2.0,1,2,Ready To Move,2.0,704500.0
PROP_12188,Riverside District,Independent House,2274,2,3.0,Semi-Furnished,0,2,0.0,2,7,Ready To Move,4.0,1106900.0
PROP_13218,Midtown Corridor,Independent House,3287,5,4.0,Semi-Furnished,1,2,0.0,2,2,Ready To Move,1.0,1819900.0
PROP_11696,Greenwood Heights,Apartment,805,1,1.0,Furnished,1,19,1.0,0,3,Under Construction,2.0,356900.0
PROP_12535,Westend Terrace,Apartment,1580,3,3.0,Furnished,1,10,1.0,2,5,Ready To Move,4.0,788800.0
PROP_15389,Harbor Point,Apartment,1594,2,1.0,Unfurnished,2,9,1.0,2,8,Under Construction,5.0,894600.0
PROP_11789,Greenwood Heights,Apartment,845,2,2.0,Furnished,1,13,5.0,2,2,Under Construction,5.0,406800.0
PROP_11045,Westend Terrace,Penthouse,4409,3,4.0,Furnished,2,27,2.0,1,4,Ready To Move,4.0,2644400.0
PROP_13969,Harbor Point,Apartment,1560,2,2.0,Semi-Furnished,0,5,1.0,1,10,Under Construction,1.0,792300.0
PROP_10018,Oakridge Valley,Luxury Villa,5046,4,4.0,Furnished,2,3,3.0,1,8,Under Construction,2.0,2426700.0
PROP_10535,Midtown Corridor,Studio Apartment,671,1,1.0,Furnished,2,3,19.0,2,3,Ready To Move,4.0,365600.0
PROP_13317,Oakridge Valley,Luxury Villa,5021,5,5.0,Furnished,1,2,2.0,2,6,Ready To Move,4.0,2438100.0
PROP_11129,Oakridge Valley,Independent House,2384,3,3.0,Semi-Furnished,1,2,0.0,1,5,Ready To Move,2.0,1015700.0
PROP_13859,Silicon Hills,Apartment,1427,3,2.0,Furnished,3,13,21.0,1,6,Ready To Move,4.0,808400.0
PROP_12347,Sunset Park,Luxury Villa,5333,5,5.0,Semi-Furnished,1,3,8.0,1,8,Ready To Move,1.0,2651300.0
PROP_15085,Oakridge Valley,Apartment,1415,2,2.0,Unfurnished,1,11,17.0,1,1,Under Construction,4.0,458200.0
PROP_14946,Midtown Corridor,Independent House,2725,3,3.0,Furnished,2,3,0.0,2,4,Ready To Move,2.0,1587400.0
PROP_11838,Lakeside Estates,Independent House,2342,3,3.0,Semi-Furnished,1,1,5.0,3,7,Ready To Move,5.0,1336900.0
PROP_11497,Westend Terrace,Apartment,1134,2,2.0,Semi-Furnished,3,4,5.0,2,3,Ready To Move,2.0,580000.0
PROP_15078,Downtown Central,Apartment,1595,2,2.0,Semi-Furnished,1,23,6.0,1,4,Ready To Move,4.0,834800.0
PROP_14630,Sunset Park,Penthouse,4059,3,4.0,Furnished,1,30,3.0,2,5,Under Construction,1.0,2077900.0
PROP_15806,Oakridge Valley,Apartment,816,1,1.0,Furnished,1,8,7.0,0,8,Ready To Move,1.0,371300.0
PROP_12759,Midtown Corridor,Independent House,3342,5,6.0,Semi-Furnished,1,2,3.0,2,4,Ready To Move,1.0,1834800.0
PROP_12437,Riverside District,Independent House,2321,3,3.0,Furnished,1,2,3.0,1,8,Ready To Move,5.0,1297300.0
PROP_10713,Downtown Central,Penthouse,4613,4,5.0,Furnished,0,32,8.0,2,3,Ready To Move,3.0,3438000.0
PROP_14782,Silicon Hills,Independent House,1962,3,3.0,Semi-Furnished,2,3,5.0,1,10,Ready To Move,3.0,1461900.0
PROP_13102,Greenwood Heights,Apartment,1128,2,1.0,Semi-Furnished,1,24,5.0,1,6,Under Construction,3.0,490100.0
PROP_13286,Silicon Hills,Independent House,2235,3,4.0,Furnished,0,1,7.0,1,6,Ready To Move,1.0,1382700.0
PROP_14620,Midtown Corridor,Independent House,2322,2,3.0,Furnished,1,1,1.0,0,8,Ready To Move,2.0,1405100.0
PROP_14602,Silicon Hills,Apartment,1434,2,2.0,Furnished,3,17,10.0,2,6,Ready To Move,1.0,894500.0
PROP_14945,Westend Terrace,Apartment,1702,2,1.0,Unfurnished,0,4,9.0,2,4,Ready To Move,1.0,664300.0
PROP_12893,Harbor Point,Apartment,1177,2,3.0,Semi-Furnished,2,1,1.0,0,4,Ready To Move,2.0,781300.0
PROP_15702,Lakeside Estates,Apartment,953,2,3.0,Furnished,1,9,10.0,1,3,Ready To Move,5.0,513700.0
PROP_10677,Riverside District,Apartment,1332,2,2.0,Furnished,0,1,3.0,2,7,Under Construction,2.0,660900.0
PROP_13081,Harbor Point,Apartment,1228,2,2.0,Semi-Furnished,1,8,10.0,1,6,Ready To Move,2.0,683100.0
PROP_13659,Westend Terrace,Studio Apartment,699,1,1.0,Semi-Furnished,1,2,11.0,1,6,Ready To Move,1.0,323900.0
PROP_12442,Greenwood Heights,Studio Apartment,642,1,1.0,Furnished,1,3,5.0,1,1,Ready To Move,4.0,291400.0
PROP_11721,Riverside District,Apartment,1515,2,2.0,Semi-Furnished,2,23,16.0,1,3,Ready To Move,3.0,728400.0
PROP_10015,Harbor Point,Luxury Villa,3204,3,3.0,Semi-Furnished,1,3,4.0,1,3,Ready To Move,1.0,2253000.0
PROP_11224,Greenwood Heights,Apartment,743,1,1.0,Furnished,2,12,6.0,2,6,Under Construction,4.0,389400.0
PROP_10916,Lakeside Estates,Apartment,1492,2,2.0,Semi-Furnished,0,15,1.0,2,8,Ready To Move,1.0,772800.0
PROP_12046,Greenwood Heights,Apartment,1049,2,2.0,Unfurnished,2,20,1.0,1,7,Under Construction,3.0,490600.0
PROP_11502,Riverside District,Apartment,883,1,1.0,Unfurnished,1,21,2.0,0,10,Ready To Move,1.0,479300.0
PROP_12576,Sunset Park,Apartment,1637,3,3.0,Semi-Furnished,1,10,2.0,2,5,Ready To Move,5.0,749200.0
PROP_15273,Oakridge Valley,Independent House,2602,3,4.0,Semi-Furnished,2,3,1.0,3,4,Under Construction,1.0,1127000.0
PROP_10970,Lakeside Estates,Studio Apartment,504,1,1.0,Furnished,1,18,8.0,0,4,Ready To Move,1.0,287200.0
PROP_11039,Lakeside Estates,Independent House,2299,2,2.0,Unfurnished,0,3,3.0,2,7,Ready To Move,2.0,1211500.0
PROP_12888,Harbor Point,Apartment,2215,4,4.0,Semi-Furnished,0,15,5.0,1,6,Ready To Move,5.0,1416900.0
PROP_10066,Westend Terrace,Independent House,3399,5,5.0,Semi-Furnished,3,2,11.0,1,3,Ready To Move,3.0,1440800.0
PROP_10756,Harbor Point,Luxury Villa,4326,4,4.0,Unfurnished,0,4,4.0,1,6,Ready To Move,4.0,3044700.0
PROP_14950,Riverside District,Studio Apartment,442,1,1.0,Furnished,2,7,4.0,1,2,Ready To Move,4.0,312900.0
PROP_14323,Westend Terrace,Independent House,2346,3,3.0,Semi-Furnished,0,2,22.0,2,5,Ready To Move,4.0,1032900.0
PROP_11821,Midtown Corridor,Apartment,1529,3,2.0,Semi-Furnished,1,24,5.0,1,8,Ready To Move,1.0,806600.0
PROP_11489,Downtown Central,Studio Apartment,723,1,1.0,Semi-Furnished,0,13,2.0,2,6,Ready To Move,2.0,396700.0
PROP_10507,Greenwood Heights,Independent House,2507,3,3.0,Semi-Furnished,0,2,17.0,2,4,Ready To Move,4.0,1005100.0
PROP_12793,Oakridge Valley,Luxury Villa,4685,3,3.0,Semi-Furnished,0,3,0.0,1,6,Ready To Move,5.0,2258800.0
PROP_15680,Greenwood Heights,Apartment,1156,1,1.0,Furnished,1,2,2.0,3,6,Ready To Move,5.0,561000.0
PROP_14962,Westend Terrace,Apartment,1947,3,2.0,Semi-Furnished,2,20,1.0,1,9,Under Construction,5.0,828700.0
PROP_13701,Sunset Park,Apartment,1967,3,2.0,Furnished,0,23,1.0,2,6,Ready To Move,5.0,811500.0
PROP_13934,Silicon Hills,Independent House,2340,4,3.0,Semi-Furnished,1,3,3.0,1,5,Ready To Move,3.0,1551100.0
PROP_10711,Sunset Park,Apartment,1467,2,1.0,Semi-Furnished,3,12,4.0,0,5,Ready To Move,4.0,608000.0
PROP_12155,Silicon Hills,Luxury Villa,4713,4,4.0,Semi-Furnished,1,2,6.0,2,3,Under Construction,1.0,3295200.0
PROP_10089,Oakridge Valley,Apartment,1210,2,1.0,Semi-Furnished,3,24,2.0,3,7,Under Construction,1.0,480400.0
PROP_12452,Silicon Hills,Studio Apartment,491,1,1.0,Furnished,1,9,5.0,1,4,Under Construction,1.0,279200.0
PROP_10890,Oakridge Valley,Independent House,2240,3,3.0,Unfurnished,1,3,0.0,0,3,Ready To Move,3.0,893800.0
PROP_13661,Greenwood Heights,Studio Apartment,544,1,1.0,Furnished,0,7,0.0,1,5,Under Construction,2.0,294300.0
PROP_12919,Harbor Point,Apartment,1554,2,3.0,Unfurnished,1,1,16.0,0,3,Ready To Move,3.0,798900.0
PROP_13215,Greenwood Heights,Independent House,2412,3,3.0,Unfurnished,3,3,3.0,2,2,Under Construction,4.0,1133700.0
PROP_11452,Oakridge Valley,Apartment,1232,2,2.0,Furnished,1,11,1.0,1,9,Ready To Move,5.0,571800.0
PROP_11422,Oakridge Valley,Luxury Villa,4601,5,6.0,Semi-Furnished,2,4,2.0,0,6,Ready To Move,1.0,2374500.0
PROP_11200,Lakeside Estates,Apartment,1573,3,2.0,Furnished,1,23,1.0,0,4,Ready To Move,1.0,689900.0
PROP_10784,Westend Terrace,Luxury Villa,5620,4,4.0,Furnished,1,4,10.0,2,7,Ready To Move,4.0,2877600.0
PROP_10627,Riverside District,Studio Apartment,502,1,1.0,Semi-Furnished,2,6,2.0,1,6,Ready To Move,5.0,317400.0
PROP_11048,Midtown Corridor,Luxury Villa,3915,3,4.0,Semi-Furnished,2,2,26.0,0,5,Ready To Move,5.0,1919300.0
PROP_10878,Lakeside Estates,Apartment,977,2,1.0,Semi-Furnished,1,10,13.0,2,2,Ready To Move,3.0,471500.0
PROP_10421,Riverside District,Apartment,2065,3,3.0,Furnished,1,11,9.0,2,8,Ready To Move,4.0,989800.0
PROP_15621,Silicon Hills,Apartment,1608,3,3.0,Unfurnished,1,10,0.0,2,6,Ready To Move,5.0,982800.0
PROP_12573,Downtown Central,Apartment,1244,2,2.0,Semi-Furnished,2,10,1.0,2,4,Ready To Move,2.0,726700.0
PROP_10374,Greenwood Heights,Apartment,1330,2,2.0,Semi-Furnished,2,12,3.0,1,5,Ready To Move,1.0,607800.0
PROP_13415,Downtown Central,Apartment,1786,3,2.0,Furnished,1,11,2.0,3,3,Under Construction,2.0,875600.0
PROP_11653,Greenwood Heights,Apartment,1565,2,1.0,Furnished,2,19,8.0,1,2,Ready To Move,2.0,625900.0
PROP_11102,Greenwood Heights,Independent House,2441,3,3.0,Unfurnished,2,3,9.0,1,8,Ready To Move,2.0,1084300.0
PROP_13115,Oakridge Valley,Apartment,1138,2,2.0,Furnished,1,4,6.0,2,6,Under Construction,1.0,487100.0
PROP_12656,Lakeside Estates,Studio Apartment,516,1,1.0,Furnished,1,8,3.0,1,7,Ready To Move,3.0,347700.0
PROP_13957,Sunset Park,Apartment,1221,2,1.0,Unfurnished,1,20,0.0,2,8,Ready To Move,1.0,545600.0
PROP_15832,Silicon Hills,Luxury Villa,5427,5,5.0,Semi-Furnished,1,3,5.0,1,6,Ready To Move,4.0,4199100.0
PROP_15194,Greenwood Heights,Luxury Villa,5406,4,5.0,Semi-Furnished,2,2,0.0,1,4,Ready To Move,4.0,2899200.0
PROP_10656,Lakeside Estates,Apartment,1081,2,1.0,Semi-Furnished,1,8,1.0,1,2,Ready To Move,1.0,522800.0
PROP_15705,Sunset Park,Luxury Villa,5552,6,7.0,Unfurnished,2,3,14.0,1,3,Ready To Move,2.0,2623000.0
PROP_10706,Silicon Hills,Apartment,1274,3,3.0,Semi-Furnished,1,5,1.0,1,9,Ready To Move,4.0,823600.0
PROP_15144,Lakeside Estates,Independent House,2440,3,3.0,Semi-Furnished,0,3,28.0,0,5,Ready To Move,2.0,1116900.0
PROP_12150,Silicon Hills,Apartment,1970,3,3.0,Semi-Furnished,1,11,5.0,1,6,Ready To Move,5.0,1245200.0
PROP_14631,Downtown Central,Penthouse,4863,4,5.0,Furnished,1,33,2.0,2,4,Ready To Move,3.0,3710800.0
PROP_11380,Midtown Corridor,Apartment,1274,2,2.0,Furnished,1,20,2.0,2,7,Ready To Move,2.0,729100.0
PROP_11198,Silicon Hills,Luxury Villa,5136,5,5.0,Unfurnished,0,3,7.0,2,8,Ready To Move,3.0,3921200.0
PROP_14677,Silicon Hills,Studio Apartment,546,1,1.0,Furnished,0,3,17.0,2,2,Ready To Move,2.0,330000.0
PROP_14318,Greenwood Heights,Studio Apartment,551,1,1.0,Furnished,1,1,4.0,1,7,Ready To Move,4.0,299500.0
PROP_15421,Riverside District,Independent House,2433,3,2.0,Furnished,1,1,4.0,3,7,Ready To Move,1.0,1296100.0
PROP_13048,Oakridge Valley,Independent House,1442,2,3.0,Furnished,2,1,9.0,3,2,Ready To Move,4.0,613600.0
PROP_10182,Lakeside Estates,Apartment,1218,1,1.0,Semi-Furnished,0,4,5.0,2,6,Ready To Move,3.0,645700.0
PROP_15034,Sunset Park,Studio Apartment,698,1,1.0,Furnished,1,1,25.0,1,5,Ready To Move,3.0,266300.0
PROP_11182,Sunset Park,Apartment,1464,3,2.0,Semi-Furnished,2,1,11.0,2,7,Ready To Move,1.0,626900.0
PROP_13517,Silicon Hills,Penthouse,4258,4,5.0,Furnished,1,21,32.0,2,6,Ready To Move,4.0,2835300.0
PROP_10965,Downtown Central,Penthouse,3975,4,6.0,Semi-Furnished,1,21,9.0,1,9,Ready To Move,1.0,3137900.0
PROP_10562,Harbor Point,Apartment,1392,1,1.0,Unfurnished,2,20,3.0,2,2,Ready To Move,4.0,716500.0
PROP_13769,Oakridge Valley,Apartment,1493,3,3.0,Semi-Furnished,1,6,9.0,1,8,Ready To Move,1.0,615300.0
PROP_14854,Greenwood Heights,Apartment,877,2,1.0,Furnished,2,14,1.0,1,3,Ready To Move,2.0,485100.0
PROP_11074,Harbor Point,Penthouse,4763,4,5.0,Furnished,2,20,25.0,1,6,Ready To Move,2.0,3064900.0
PROP_11311,Oakridge Valley,Studio Apartment,620,1,1.0,Furnished,0,2,2.0,2,2,Under Construction,5.0,258900.0
PROP_11184,Harbor Point,Apartment,1649,3,3.0,Furnished,1,7,12.0,1,4,Ready To Move,5.0,905400.0
PROP_14343,Silicon Hills,Studio Apartment,514,1,1.0,Furnished,2,2,7.0,1,5,Ready To Move,3.0,394000.0
PROP_13552,Oakridge Valley,Apartment,1800,2,2.0,Unfurnished,1,2,4.0,1,3,Ready To Move,1.0,678900.0
PROP_11719,Westend Terrace,Studio Apartment,517,1,1.0,Furnished,1,4,0.0,2,3,Under Construction,5.0,296100.0
PROP_10260,Silicon Hills,Apartment,1387,2,2.0,Semi-Furnished,1,12,1.0,1,6,Ready To Move,1.0,868400.0
PROP_10280,Midtown Corridor,Apartment,867,1,1.0,Semi-Furnished,0,9,21.0,2,9,Ready To Move,1.0,417000.0
PROP_15193,Riverside District,Independent House,2386,3,3.0,Unfurnished,0,2,31.0,1,7,Ready To Move,5.0,1031200.0
PROP_11412,Downtown Central,Apartment,1845,3,4.0,Unfurnished,1,11,11.0,2,3,Under Construction,2.0,897400.0
PROP_10199,Silicon Hills,Luxury Villa,4856,4,5.0,Semi-Furnished,2,3,1.0,2,6,Ready To Move,5.0,3747500.0
PROP_15534,Midtown Corridor,Independent House,2356,3,3.0,Furnished,1,1,13.0,2,5,Ready To Move,1.0,1247100.0
PROP_12289,Greenwood Heights,Apartment,946,1,1.0,Furnished,2,9,1.0,2,3,Under Construction,4.0,427200.0
PROP_14061,Greenwood Heights,Independent House,2800,4,3.0,Semi-Furnished,1,1,0.0,1,5,Under Construction,1.0,1275800.0
PROP_11245,Westend Terrace,Luxury Villa,5102,6,6.0,Unfurnished,0,3,0.0,1,5,Under Construction,1.0,3027400.0
PROP_14582,Lakeside Estates,Apartment,1801,3,2.0,Semi-Furnished,2,20,18.0,2,10,Ready To Move,2.0,861000.0
PROP_12989,Silicon Hills,Apartment,1506,3,3.0,Furnished,0,7,17.0,2,4,Ready To Move,3.0,854000.0
PROP_14563,Westend Terrace,Apartment,1552,2,1.0,Semi-Furnished,1,8,5.0,2,5,Ready To Move,3.0,711100.0
PROP_10684,Westend Terrace,Luxury Villa,4000,4,4.0,Semi-Furnished,1,3,15.0,1,7,Under Construction,4.0,1948300.0
PROP_15812,Sunset Park,Luxury Villa,3822,3,4.0,Semi-Furnished,2,2,16.0,2,4,Ready To Move,5.0,1823100.0
PROP_15646,Harbor Point,Luxury Villa,5108,4,4.0,Furnished,2,3,9.0,1,6,Ready To Move,2.0,3605300.0
PROP_13823,Harbor Point,Independent House,2771,4,4.0,Furnished,0,2,31.0,1,7,Ready To Move,1.0,1408500.0
PROP_11401,Oakridge Valley,Luxury Villa,3569,4,5.0,Semi-Furnished,1,3,0.0,2,6,Ready To Move,5.0,1837700.0
PROP_14807,Downtown Central,Luxury Villa,3519,3,3.0,Semi-Furnished,1,4,3.0,1,7,Under Construction,2.0,2294300.0
PROP_15829,Riverside District,Apartment,1453,2,1.0,Unfurnished,1,13,10.0,1,10,Under Construction,1.0,613900.0
PROP_14348,Midtown Corridor,Apartment,1619,2,1.0,Furnished,1,24,9.0,1,5,Ready To Move,4.0,755600.0
PROP_11254,Westend Terrace,Apartment,1493,2,3.0,Semi-Furnished,1,20,13.0,1,7,Ready To Move,3.0,647200.0
PROP_13127,Greenwood Heights,Penthouse,3557,3,4.0,Unfurnished,2,29,1.0,1,6,Ready To Move,5.0,2034300.0
PROP_12620,Greenwood Heights,Luxury Villa,5020,4,4.0,Furnished,1,2,4.0,0,3,Ready To Move,3.0,2714000.0
PROP_15491,Sunset Park,Independent House,2625,3,3.0,Semi-Furnished,3,2,0.0,1,6,Under Construction,1.0,1165700.0
PROP_11407,Downtown Central,Apartment,1616,2,2.0,Semi-Furnished,1,6,1.0,0,5,Ready To Move,4.0,872300.0
PROP_15938,Harbor Point,Independent House,2048,2,1.0,Semi-Furnished,1,3,1.0,1,8,Ready To Move,3.0,1284600.0
PROP_12820,Downtown Central,Apartment,1550,2,3.0,Semi-Furnished,0,3,5.0,1,3,Ready To Move,5.0,850900.0
PROP_12324,Downtown Central,Penthouse,5506,5,7.0,Unfurnished,3,27,9.0,1,5,Ready To Move,5.0,3722000.0
PROP_15890,Lakeside Estates,Apartment,1230,1,1.0,Semi-Furnished,2,2,3.0,1,6,Under Construction,3.0,581100.0
PROP_13114,Sunset Park,Apartment,1252,2,1.0,Furnished,0,21,5.0,1,3,Ready To Move,1.0,537400.0
PROP_12264,Oakridge Valley,Luxury Villa,3944,4,5.0,Semi-Furnished,1,3,1.0,2,9,Ready To Move,3.0,2011200.0
PROP_12182,Oakridge Valley,Independent House,2666,4,3.0,Furnished,1,3,6.0,1,4,Ready To Move,4.0,1202200.0
PROP_10016,Lakeside Estates,Studio Apartment,516,1,1.0,Semi-Furnished,1,4,17.0,2,10,Under Construction,5.0,288900.0
PROP_15446,Westend Terrace,Studio Apartment,556,1,1.0,Semi-Furnished,1,11,20.0,2,7,Ready To Move,2.0,282100.0
PROP_10352,Harbor Point,Apartment,1054,1,1.0,Unfurnished,0,24,2.0,1,6,Ready To Move,5.0,629900.0
PROP_11221,Silicon Hills,Apartment,1263,2,1.0,Unfurnished,1,3,0.0,2,6,Ready To Move,4.0,738400.0
PROP_15918,Midtown Corridor,Apartment,934,1,1.0,Unfurnished,1,10,11.0,2,6,Under Construction,4.0,437900.0
PROP_14173,Harbor Point,Apartment,1254,2,2.0,Semi-Furnished,2,17,4.0,1,4,Under Construction,5.0,698600.0
PROP_13117,Greenwood Heights,Independent House,3092,4,4.0,Furnished,2,3,5.0,1,7,Ready To Move,2.0,1493600.0
PROP_13837,Midtown Corridor,Luxury Villa,5010,6,6.0,Semi-Furnished,2,2,12.0,1,6,Under Construction,5.0,2807200.0
PROP_11757,Lakeside Estates,Apartment,1074,3,2.0,Unfurnished,3,23,9.0,0,6,Ready To Move,2.0,588700.0
PROP_12214,Lakeside Estates,Apartment,1409,3,2.0,Semi-Furnished,1,16,21.0,2,2,Ready To Move,3.0,652000.0
PROP_13839,Midtown Corridor,Independent House,2985,4,4.0,Unfurnished,1,2,18.0,2,3,Ready To Move,4.0,1533700.0
PROP_13945,Sunset Park,Independent House,2724,4,5.0,Unfurnished,0,2,3.0,2,8,Ready To Move,4.0,1213400.0
PROP_11872,Midtown Corridor,Luxury Villa,4558,4,5.0,Semi-Furnished,1,3,3.0,2,5,Ready To Move,2.0,3034300.0
PROP_15072,Lakeside Estates,Independent House,2766,4,4.0,Semi-Furnished,2,1,3.0,1,4,Ready To Move,1.0,1651900.0
PROP_12227,Midtown Corridor,Apartment,1147,1,1.0,Furnished,1,16,29.0,0,5,Ready To Move,2.0,524800.0
PROP_10536,Silicon Hills,Studio Apartment,496,1,1.0,Unfurnished,0,14,11.0,0,8,Ready To Move,3.0,314000.0
PROP_12776,Greenwood Heights,Apartment,658,1,1.0,Semi-Furnished,0,17,25.0,2,7,Ready To Move,4.0,292000.0
PROP_13090,Midtown Corridor,Apartment,1471,2,2.0,Semi-Furnished,1,10,0.0,0,5,Ready To Move,4.0,713400.0
PROP_12874,Midtown Corridor,Independent House,2702,4,4.0,Furnished,1,2,0.0,2,4,Ready To Move,1.0,1535700.0
PROP_15000,Riverside District,Studio Apartment,562,1,1.0,Semi-Furnished,3,1,3.0,1,2,Ready To Move,2.0,329200.0
PROP_13110,Greenwood Heights,Independent House,3040,4,4.0,Unfurnished,2,2,1.0,1,6,Ready To Move,1.0,1448400.0
PROP_15896,Silicon Hills,Luxury Villa,4493,4,5.0,Unfurnished,2,3,2.0,2,8,Ready To Move,5.0,3391200.0
PROP_12992,Greenwood Heights,Apartment,836,1,1.0,Semi-Furnished,2,19,0.0,1,5,Ready To Move,3.0,417300.0
PROP_11408,Sunset Park,Apartment,1439,2,2.0,Semi-Furnished,2,19,16.0,0,3,Ready To Move,2.0,539700.0
PROP_12224,Downtown Central,Luxury Villa,4019,5,6.0,Furnished,2,3,3.0,1,3,Under Construction,1.0,2709200.0
PROP_14600,Downtown Central,Apartment,1556,3,2.0,Furnished,1,8,4.0,0,6,Ready To Move,2.0,842600.0
PROP_13561,Westend Terrace,Luxury Villa,4701,4,4.0,Semi-Furnished,1,3,11.0,1,4,Under Construction,2.0,2296400.0
PROP_12030,Lakeside Estates,Apartment,1650,3,3.0,Semi-Furnished,2,2,2.0,1,3,Under Construction,5.0,836600.0
PROP_11455,Greenwood Heights,Apartment,1294,2,2.0,Semi-Furnished,1,19,13.0,1,7,Ready To Move,2.0,553800.0
PROP_10009,Oakridge Valley,Apartment,1221,2,2.0,Furnished,1,21,7.0,0,4,Ready To Move,1.0,504900.0
PROP_13323,Westend Terrace,Apartment,1095,2,2.0,Unfurnished,2,6,5.0,1,5,Ready To Move,5.0,514800.0
PROP_15584,Lakeside Estates,Penthouse,5020,5,7.0,Furnished,2,22,8.0,0,5,Ready To Move,3.0,3459900.0
PROP_13383,Riverside District,Apartment,1232,2,2.0,Furnished,2,5,7.0,1,4,Ready To Move,5.0,646400.0
PROP_12743,Downtown Central,Independent House,2473,3,4.0,Unfurnished,2,3,15.0,1,7,Under Construction,5.0,1261900.0
PROP_10795,Sunset Park,Apartment,1085,1,1.0,Furnished,2,8,3.0,1,6,Ready To Move,2.0,492100.0
PROP_12926,Downtown Central,Apartment,1317,2,2.0,Furnished,1,10,2.0,2,5,Under Construction,4.0,743000.0
PROP_11033,Sunset Park,Luxury Villa,5532,5,6.0,Semi-Furnished,2,3,2.0,2,4,Ready To Move,3.0,2837700.0
PROP_15076,Silicon Hills,Apartment,1348,2,2.0,Semi-Furnished,2,14,0.0,1,5,Ready To Move,5.0,855800.0
PROP_10427,Harbor Point,Independent House,2488,3,3.0,Furnished,1,3,1.0,0,8,Under Construction,4.0,1501900.0
PROP_10034,Greenwood Heights,Apartment,772,1,2.0,Furnished,1,17,5.0,3,1,Ready To Move,2.0,342400.0
PROP_14128,Downtown Central,Apartment,1635,3,2.0,Semi-Furnished,1,6,17.0,2,7,Ready To Move,5.0,943900.0
PROP_10045,Westend Terrace,Apartment,1104,2,2.0,Furnished,1,22,4.0,1,2,Ready To Move,2.0,549600.0
PROP_14535,Sunset Park,Apartment,946,1,1.0,Semi-Furnished,1,13,35.0,2,5,Ready To Move,5.0,311700.0
PROP_11892,Harbor Point,Apartment,2350,4,3.0,Semi-Furnished,1,9,0.0,2,2,Ready To Move,1.0,1359000.0
PROP_12277,Greenwood Heights,Independent House,2368,3,3.0,Unfurnished,2,1,16.0,0,6,Ready To Move,3.0,1026000.0
PROP_13679,Westend Terrace,Independent House,2141,2,2.0,Semi-Furnished,1,2,0.0,2,4,Ready To Move,3.0,1076400.0
PROP_14770,Oakridge Valley,Penthouse,4840,4,5.0,Furnished,0,19,16.0,1,5,Ready To Move,1.0,2241100.0
PROP_15315,Oakridge Valley,Apartment,951,2,1.0,Unfurnished,1,24,9.0,2,8,Under Construction,5.0,368600.0
PROP_15453,Greenwood Heights,Apartment,1742,3,2.0,Furnished,2,4,7.0,0,3,Ready To Move,3.0,843400.0
PROP_14073,Sunset Park,Independent House,2622,4,3.0,Semi-Furnished,1,3,1.0,2,3,Ready To Move,2.0,1174500.0
PROP_12597,Downtown Central,Apartment,1618,3,3.0,Unfurnished,0,13,3.0,0,5,Under Construction,5.0,812000.0
PROP_10064,Westend Terrace,Apartment,1416,2,2.0,Semi-Furnished,1,12,6.0,2,5,Under Construction,2.0,658200.0
PROP_12379,Westend Terrace,Apartment,1837,3,3.0,Semi-Furnished,1,8,19.0,1,5,Ready To Move,4.0,660900.0
PROP_12274,Downtown Central,Apartment,1294,2,1.0,Semi-Furnished,0,6,7.0,1,10,Ready To Move,3.0,707500.0
PROP_13607,Riverside District,Apartment,1337,2,2.0,Unfurnished,1,4,7.0,3,6,Ready To Move,1.0,658000.0
PROP_15179,Harbor Point,Studio Apartment,671,1,1.0,Unfurnished,0,6,3.0,1,4,Ready To Move,1.0,382200.0
PROP_11695,Downtown Central,Studio Apartment,611,1,1.0,Semi-Furnished,1,14,3.0,3,7,Ready To Move,5.0,439300.0
PROP_13163,Riverside District,Apartment,1361,3,3.0,Unfurnished,1,24,4.0,1,8,Under Construction,4.0,670000.0
PROP_13210,Oakridge Valley,Apartment,1304,2,2.0,Unfurnished,3,12,0.0,1,7,Ready To Move,3.0,603100.0
PROP_12671,Westend Terrace,Luxury Villa,4490,4,5.0,Semi-Furnished,1,3,8.0,2,7,Ready To Move,4.0,2479600.0
PROP_15373,Harbor Point,Independent House,2604,4,4.0,Furnished,1,2,0.0,1,6,Ready To Move,3.0,1679000.0
PROP_13265,Westend Terrace,Studio Apartment,604,1,1.0,Furnished,2,17,5.0,2,2,Ready To Move,3.0,357200.0
PROP_11546,Harbor Point,Apartment,812,1,2.0,Furnished,0,15,0.0,0,6,Ready To Move,4.0,502300.0
PROP_13750,Harbor Point,Apartment,1415,2,1.0,Unfurnished,1,24,2.0,1,5,Ready To Move,1.0,749400.0
PROP_10587,Westend Terrace,Apartment,1503,2,3.0,Semi-Furnished,1,21,0.0,1,7,Ready To Move,3.0,704600.0
PROP_12421,Westend Terrace,Studio Apartment,591,1,1.0,Furnished,1,19,2.0,3,4,Ready To Move,5.0,367000.0
PROP_13834,Downtown Central,Apartment,1640,2,2.0,Semi-Furnished,1,18,1.0,1,8,Ready To Move,2.0,948400.0
PROP_12216,Silicon Hills,Penthouse,4178,3,5.0,Semi-Furnished,2,28,0.0,1,4,Under Construction,2.0,3321500.0
PROP_12441,Riverside District,Luxury Villa,5164,6,7.0,Furnished,2,2,10.0,2,4,Ready To Move,5.0,2981600.0
PROP_12583,Riverside District,Studio Apartment,574,1,1.0,Unfurnished,1,8,2.0,0,1,Ready To Move,4.0,267300.0
PROP_11331,Midtown Corridor,Apartment,1489,3,3.0,Furnished,1,22,6.0,1,4,Ready To Move,4.0,777100.0
PROP_15185,Downtown Central,Penthouse,3929,3,4.0,Furnished,0,34,1.0,2,4,Ready To Move,4.0,3041600.0
PROP_12245,Oakridge Valley,Studio Apartment,549,1,1.0,Semi-Furnished,2,3,11.0,0,4,Ready To Move,5.0,254100.0
PROP_13883,Riverside District,Apartment,1211,2,1.0,Furnished,3,14,5.0,1,6,Ready To Move,4.0,696100.0
PROP_15720,Midtown Corridor,Luxury Villa,4524,5,5.0,Semi-Furnished,2,3,4.0,2,1,Ready To Move,5.0,2824800.0
PROP_13860,Westend Terrace,Penthouse,4606,5,6.0,Furnished,0,29,0.0,1,2,Under Construction,4.0,2800700.0
PROP_13211,Lakeside Estates,Penthouse,4687,4,5.0,Semi-Furnished,2,31,4.0,2,9,Ready To Move,3.0,3213400.0
PROP_15007,Riverside District,Luxury Villa,4780,4,5.0,Semi-Furnished,2,2,14.0,1,4,Ready To Move,5.0,2593500.0
PROP_13793,Riverside District,Apartment,1314,2,2.0,Unfurnished,1,15,0.0,2,6,Ready To Move,2.0,687300.0
PROP_12318,Oakridge Valley,Apartment,1015,2,2.0,Furnished,0,5,1.0,0,5,Ready To Move,5.0,476800.0
PROP_10474,Lakeside Estates,Luxury Villa,4742,5,6.0,Semi-Furnished,1,2,40.0,1,6,Ready To Move,2.0,2092100.0
PROP_11481,Midtown Corridor,Penthouse,4364,4,5.0,Furnished,0,28,2.0,1,4,Ready To Move,3.0,3200800.0
PROP_15356,Oakridge Valley,Apartment,1206,2,1.0,Unfurnished,2,1,3.0,2,5,Ready To Move,5.0,502800.0
PROP_10298,Harbor Point,Apartment,1042,1,1.0,Semi-Furnished,1,2,0.0,2,10,Ready To Move,3.0,681800.0
PROP_10304,Lakeside Estates,Apartment,1058,1,1.0,Semi-Furnished,3,22,15.0,3,2,Under Construction,5.0,496000.0
PROP_15042,Midtown Corridor,Studio Apartment,428,1,1.0,Furnished,1,8,11.0,1,8,Ready To Move,5.0,312600.0
PROP_12852,Downtown Central,Apartment,2152,4,4.0,Semi-Furnished,0,9,9.0,3,4,Ready To Move,1.0,1263100.0
PROP_10811,Greenwood Heights,Apartment,1869,3,2.0,Furnished,1,19,1.0,1,6,Ready To Move,5.0,843700.0
PROP_11296,Sunset Park,Luxury Villa,4494,4,5.0,Furnished,2,3,6.0,1,4,Ready To Move,2.0,2240000.0
PROP_13044,Lakeside Estates,Independent House,2615,4,4.0,Semi-Furnished,2,3,1.0,0,5,Ready To Move,2.0,1577900.0
PROP_15580,Midtown Corridor,Luxury Villa,5296,4,5.0,Semi-Furnished,0,3,7.0,1,4,Ready To Move,5.0,3196500.0
PROP_13013,Westend Terrace,Apartment,1855,4,4.0,Furnished,1,13,22.0,1,8,Ready To Move,5.0,829800.0
PROP_11169,Downtown Central,Studio Apartment,727,1,1.0,Semi-Furnished,2,12,13.0,2,8,Ready To Move,2.0,417100.0
PROP_10241,Greenwood Heights,Luxury Villa,3637,3,3.0,Semi-Furnished,2,3,1.0,0,4,Ready To Move,2.0,1982300.0
PROP_14841,Downtown Central,Independent House,2069,2,1.0,Unfurnished,1,1,8.0,2,6,Ready To Move,1.0,1180400.0
PROP_13056,Oakridge Valley,Apartment,1299,2,1.0,Semi-Furnished,1,17,1.0,2,8,Ready To Move,5.0,560100.0
PROP_12705,Downtown Central,Independent House,2093,3,2.0,Semi-Furnished,1,2,3.0,2,9,Ready To Move,4.0,1374100.0
PROP_11860,Silicon Hills,Apartment,694,1,1.0,Semi-Furnished,1,3,11.0,2,8,Ready To Move,1.0,447300.0
PROP_12677,Greenwood Heights,Independent House,2736,4,3.0,Semi-Furnished,1,2,25.0,1,4,Ready To Move,5.0,1076900.0
PROP_15572,Lakeside Estates,Studio Apartment,573,1,1.0,Unfurnished,2,11,17.0,1,9,Ready To Move,4.0,319900.0
PROP_14340,Riverside District,Independent House,2481,3,3.0,Furnished,2,1,1.0,1,6,Under Construction,2.0,1243500.0
PROP_14398,Midtown Corridor,Studio Apartment,495,1,1.0,Furnished,1,18,3.0,2,4,Ready To Move,3.0,321300.0
PROP_14089,Harbor Point,Apartment,1791,3,3.0,Unfurnished,2,23,3.0,3,5,Ready To Move,1.0,921900.0
PROP_11613,Downtown Central,Penthouse,5768,5,6.0,Unfurnished,0,21,4.0,3,6,Ready To Move,5.0,4476900.0
PROP_14560,Downtown Central,Independent House,2850,3,4.0,Unfurnished,1,1,8.0,2,4,Under Construction,2.0,1481700.0
PROP_13353,Sunset Park,Apartment,1520,3,3.0,Semi-Furnished,1,11,2.0,0,7,Under Construction,3.0,664800.0
PROP_15733,Greenwood Heights,Studio Apartment,682,1,1.0,Furnished,1,15,5.0,2,8,Ready To Move,5.0,364500.0
PROP_12009,Riverside District,Apartment,1747,3,2.0,Semi-Furnished,1,13,0.0,2,3,Ready To Move,3.0,866900.0
PROP_13493,Silicon Hills,Apartment,1387,3,3.0,Furnished,0,18,0.0,3,4,Ready To Move,5.0,945500.0
PROP_15035,Riverside District,Apartment,1454,2,2.0,Unfurnished,1,20,8.0,0,5,Ready To Move,4.0,675800.0
PROP_10334,Midtown Corridor,Apartment,1729,3,3.0,Furnished,3,21,4.0,3,2,Ready To Move,3.0,982400.0
PROP_10623,Downtown Central,Studio Apartment,546,1,1.0,Furnished,1,9,12.0,1,5,Ready To Move,4.0,314100.0
PROP_12388,Greenwood Heights,Apartment,1565,2,2.0,Semi-Furnished,0,24,8.0,2,5,Ready To Move,4.0,649600.0
PROP_15838,Midtown Corridor,Luxury Villa,5075,6,6.0,Semi-Furnished,3,3,16.0,3,6,Ready To Move,1.0,2916500.0
PROP_15867,Harbor Point,Apartment,1738,3,2.0,Semi-Furnished,0,15,5.0,1,5,Ready To Move,4.0,929700.0
PROP_13460,Oakridge Valley,Luxury Villa,4256,4,5.0,Semi-Furnished,2,2,2.0,2,2,Under Construction,2.0,1913200.0
PROP_15082,Midtown Corridor,Independent House,2159,2,2.0,Unfurnished,1,1,1.0,1,5,Ready To Move,4.0,1143300.0
PROP_13106,Silicon Hills,Studio Apartment,503,1,1.0,Semi-Furnished,1,16,36.0,1,8,Ready To Move,3.0,274100.0
PROP_15041,Riverside District,Penthouse,4883,5,7.0,Semi-Furnished,2,23,13.0,1,6,Ready To Move,4.0,2766900.0
PROP_12371,Greenwood Heights,Independent House,2359,2,2.0,Semi-Furnished,3,1,12.0,1,9,Under Construction,4.0,981500.0
PROP_10880,Greenwood Heights,Apartment,1331,3,2.0,Furnished,0,9,7.0,2,10,Ready To Move,3.0,696500.0
PROP_10248,Oakridge Valley,Independent House,2709,3,4.0,Semi-Furnished,2,3,11.0,2,7,Ready To Move,2.0,1132300.0
PROP_14624,Silicon Hills,Apartment,1697,3,4.0,Furnished,1,7,1.0,1,8,Ready To Move,2.0,1067100.0
PROP_13930,Downtown Central,Apartment,1172,2,1.0,Furnished,0,13,1.0,0,6,Ready To Move,1.0,720100.0
PROP_13816,Lakeside Estates,Studio Apartment,625,1,1.0,Furnished,1,4,3.0,2,6,Under Construction,5.0,403100.0
PROP_13208,Lakeside Estates,Apartment,703,1,1.0,Semi-Furnished,2,10,6.0,1,5,Ready To Move,3.0,432800.0
PROP_14698,Oakridge Valley,Apartment,1153,2,2.0,Semi-Furnished,2,10,5.0,1,6,Under Construction,1.0,453800.0
PROP_11672,Silicon Hills,Penthouse,4354,3,4.0,Semi-Furnished,2,30,0.0,1,9,Under Construction,2.0,3178600.0
PROP_15516,Harbor Point,Independent House,1666,2,3.0,Furnished,2,2,4.0,1,3,Ready To Move,4.0,1110900.0
PROP_10692,Harbor Point,Luxury Villa,4498,4,5.0,Furnished,3,3,7.0,0,4,Ready To Move,1.0,3284800.0
PROP_13631,Midtown Corridor,Apartment,2082,3,2.0,Semi-Furnished,1,22,4.0,1,5,Ready To Move,5.0,1035600.0
PROP_15195,Lakeside Estates,Apartment,1887,3,3.0,Semi-Furnished,1,1,0.0,3,5,Under Construction,1.0,957600.0
PROP_12624,Lakeside Estates,Apartment,1313,2,3.0,Furnished,1,18,3.0,0,6,Ready To Move,4.0,789300.0
PROP_11943,Downtown Central,Independent House,2508,4,4.0,Unfurnished,1,3,8.0,1,4,Ready To Move,1.0,1524200.0
PROP_11109,Midtown Corridor,Apartment,2120,4,3.0,Semi-Furnished,1,1,7.0,1,4,Ready To Move,2.0,1070900.0
PROP_13827,Sunset Park,Apartment,1608,2,2.0,Semi-Furnished,2,8,16.0,1,2,Ready To Move,1.0,599500.0
PROP_13168,Riverside District,Apartment,1018,2,2.0,Semi-Furnished,3,15,4.0,0,7,Ready To Move,4.0,554900.0
PROP_10599,Downtown Central,Apartment,1234,2,2.0,Semi-Furnished,2,9,6.0,1,6,Under Construction,2.0,612100.0
PROP_11766,Lakeside Estates,Apartment,1352,2,2.0,Semi-Furnished,1,13,1.0,1,4,Ready To Move,4.0,731200.0
PROP_10316,Westend Terrace,Independent House,2925,4,4.0,Unfurnished,0,2,15.0,0,3,Ready To Move,5.0,1219500.0
PROP_12716,Silicon Hills,Penthouse,4478,4,5.0,Semi-Furnished,2,21,11.0,0,5,Ready To Move,2.0,3639100.0
PROP_10150,Sunset Park,Penthouse,4390,4,5.0,Semi-Furnished,2,33,0.0,1,5,Ready To Move,1.0,2600100.0
PROP_15163,Silicon Hills,Independent House,3111,4,4.0,Furnished,1,1,21.0,2,5,Under Construction,3.0,1627100.0
PROP_14652,Riverside District,Independent House,2913,4,4.0,Semi-Furnished,1,2,1.0,2,1,Under Construction,4.0,1557300.0
PROP_10291,Lakeside Estates,Apartment,1364,3,2.0,Furnished,1,17,1.0,1,3,Under Construction,1.0,747500.0
PROP_10454,Downtown Central,Apartment,1854,3,2.0,Semi-Furnished,2,22,14.0,1,2,Ready To Move,1.0,982800.0
PROP_11421,Harbor Point,Luxury Villa,4724,5,6.0,Furnished,1,2,12.0,1,8,Ready To Move,5.0,3372800.0
PROP_14903,Harbor Point,Luxury Villa,4012,3,4.0,Semi-Furnished,2,2,0.0,1,4,Ready To Move,4.0,3153700.0
PROP_15449,Midtown Corridor,Studio Apartment,525,1,1.0,Semi-Furnished,1,16,0.0,2,3,Ready To Move,1.0,323900.0
PROP_15248,Westend Terrace,Apartment,1490,2,1.0,Furnished,1,23,7.0,1,6,Under Construction,3.0,616200.0
PROP_11874,Greenwood Heights,Apartment,1493,2,2.0,Semi-Furnished,0,7,0.0,2,7,Ready To Move,4.0,681200.0
PROP_13492,Downtown Central,Independent House,1931,2,1.0,Unfurnished,1,3,0.0,0,1,Ready To Move,3.0,1049600.0
PROP_14078,Riverside District,Apartment,1178,2,2.0,Semi-Furnished,2,8,14.0,1,6,Ready To Move,3.0,598200.0
PROP_13959,Silicon Hills,Apartment,1327,2,2.0,Semi-Furnished,0,10,0.0,0,5,Ready To Move,5.0,822000.0
PROP_14681,Oakridge Valley,Apartment,1221,2,1.0,Semi-Furnished,2,16,15.0,1,4,Under Construction,2.0,460100.0
PROP_14629,Oakridge Valley,Apartment,1184,2,1.0,Semi-Furnished,2,4,0.0,3,3,Ready To Move,4.0,541400.0
PROP_13675,Harbor Point,Penthouse,5230,5,6.0,Furnished,0,25,2.0,1,2,Ready To Move,4.0,4163800.0
PROP_12389,Westend Terrace,Independent House,3147,5,5.0,Unfurnished,1,2,20.0,0,8,Under Construction,3.0,1362500.0
PROP_11210,Harbor Point,Apartment,1030,2,2.0,Semi-Furnished,3,3,0.0,3,6,Ready To Move,3.0,668100.0
PROP_14377,Greenwood Heights,Apartment,2023,4,4.0,Semi-Furnished,1,7,33.0,2,5,Ready To Move,1.0,763600.0
PROP_10809,Riverside District,Apartment,1437,2,3.0,Semi-Furnished,3,19,2.0,2,5,Ready To Move,2.0,810400.0
PROP_14898,Westend Terrace,Luxury Villa,3845,3,3.0,Semi-Furnished,2,2,16.0,2,4,Ready To Move,3.0,1922100.0
PROP_12618,Harbor Point,Apartment,1205,2,1.0,Furnished,1,2,1.0,0,3,Ready To Move,3.0,708000.0
PROP_10743,Sunset Park,Penthouse,4194,4,6.0,Furnished,1,26,8.0,2,6,Ready To Move,3.0,2236200.0
PROP_12707,Sunset Park,Apartment,1477,2,1.0,Semi-Furnished,1,23,3.0,3,1,Ready To Move,3.0,614700.0
PROP_15510,Riverside District,Apartment,1479,3,4.0,Semi-Furnished,1,19,10.0,0,2,Ready To Move,3.0,701500.0
PROP_14605,Sunset Park,Apartment,1456,2,2.0,Semi-Furnished,2,9,18.0,1,8,Ready To Move,2.0,578500.0
PROP_12228,Lakeside Estates,Studio Apartment,595,1,1.0,Furnished,0,1,1.0,1,5,Ready To Move,4.0,369900.0
PROP_15099,Harbor Point,Penthouse,4243,4,5.0,Semi-Furnished,1,27,3.0,2,7,Ready To Move,3.0,2920600.0
PROP_11609,Downtown Central,Independent House,2278,3,2.0,Unfurnished,0,2,1.0,2,3,Ready To Move,2.0,1359100.0
PROP_11324,Silicon Hills,Studio Apartment,493,1,1.0,Unfurnished,2,3,3.0,1,4,Ready To Move,5.0,333400.0
PROP_11596,Downtown Central,Apartment,1346,2,1.0,Semi-Furnished,2,6,5.0,2,2,Ready To Move,3.0,738000.0
PROP_10350,Silicon Hills,Apartment,1509,2,1.0,Semi-Furnished,1,4,1.0,2,8,Ready To Move,3.0,918400.0
PROP_15430,Westend Terrace,Apartment,1123,2,2.0,Furnished,1,19,14.0,2,5,Ready To Move,4.0,531100.0
PROP_15092,Greenwood Heights,Apartment,1742,3,2.0,Semi-Furnished,2,11,26.0,1,6,Ready To Move,3.0,668000.0
PROP_13693,Sunset Park,Independent House,2816,4,5.0,Semi-Furnished,1,2,1.0,1,4,Ready To Move,2.0,1365600.0
PROP_10382,Oakridge Valley,Penthouse,4270,4,5.0,Furnished,2,31,2.0,1,7,Ready To Move,1.0,2404500.0
PROP_14270,Downtown Central,Apartment,1726,3,3.0,Unfurnished,0,4,9.0,1,4,Ready To Move,1.0,905400.0
PROP_13472,Westend Terrace,Apartment,1174,1,1.0,Furnished,1,10,3.0,1,5,Under Construction,3.0,551500.0
PROP_13654,Oakridge Valley,Apartment,1114,1,1.0,Semi-Furnished,1,13,6.0,1,10,Ready To Move,5.0,509800.0
PROP_10423,Lakeside Estates,Apartment,1051,2,3.0,Semi-Furnished,1,6,0.0,1,4,Ready To Move,4.0,640900.0
PROP_14999,Greenwood Heights,Apartment,1706,3,2.0,Semi-Furnished,2,24,2.0,3,5,Ready To Move,3.0,768700.0
PROP_15348,Harbor Point,Independent House,2213,4,5.0,Furnished,2,2,12.0,1,3,Ready To Move,5.0,1359200.0
PROP_14986,Riverside District,Luxury Villa,4490,3,4.0,Furnished,0,3,2.0,3,7,Ready To Move,1.0,2982200.0
PROP_13574,Riverside District,Luxury Villa,4299,5,5.0,Furnished,1,3,5.0,0,7,Ready To Move,4.0,2468100.0
PROP_15287,Oakridge Valley,Luxury Villa,4278,4,4.0,Unfurnished,0,3,7.0,2,9,Ready To Move,2.0,2036500.0
PROP_10125,Downtown Central,Apartment,973,1,1.0,Unfurnished,1,23,6.0,1,5,Ready To Move,5.0,530700.0
PROP_10103,Midtown Corridor,Apartment,1850,3,2.0,Furnished,3,16,0.0,0,4,Ready To Move,5.0,983700.0
PROP_14895,Westend Terrace,Apartment,1688,2,2.0,Furnished,1,23,6.0,0,2,Ready To Move,4.0,717900.0
PROP_14447,Westend Terrace,Independent House,2490,3,3.0,Semi-Furnished,1,1,2.0,3,9,Under Construction,5.0,1290300.0
PROP_12580,Downtown Central,Apartment,1769,3,3.0,Semi-Furnished,2,2,2.0,1,5,Ready To Move,3.0,1074100.0
PROP_12300,Oakridge Valley,Penthouse,5354,5,7.0,Furnished,2,19,13.0,1,3,Ready To Move,5.0,2376500.0
PROP_10487,Downtown Central,Studio Apartment,627,1,1.0,Semi-Furnished,1,6,12.0,1,4,Ready To Move,2.0,370100.0
PROP_13695,Midtown Corridor,Apartment,1297,1,1.0,Furnished,1,9,8.0,1,6,Ready To Move,1.0,690000.0
PROP_12265,Greenwood Heights,Apartment,1321,2,1.0,Semi-Furnished,1,6,4.0,0,5,Under Construction,2.0,554400.0
PROP_11534,Midtown Corridor,Independent House,2773,4,4.0,Furnished,0,2,32.0,1,6,Ready To Move,5.0,1199500.0
PROP_10136,Westend Terrace,Apartment,1164,2,2.0,Furnished,1,10,2.0,0,7,Ready To Move,5.0,600100.0
PROP_13314,Greenwood Heights,Independent House,2703,3,2.0,Furnished,1,2,2.0,3,8,Ready To Move,2.0,1336100.0
PROP_13247,Harbor Point,Luxury Villa,4976,5,5.0,Unfurnished,1,3,9.0,0,7,Ready To Move,1.0,3387600.0
PROP_15115,Riverside District,Independent House,2270,3,2.0,Semi-Furnished,1,1,2.0,1,8,Ready To Move,4.0,1186800.0
PROP_12115,Greenwood Heights,Apartment,1120,2,2.0,Furnished,2,12,1.0,2,6,Under Construction,4.0,558700.0
PROP_11729,Sunset Park,Apartment,1544,3,2.0,Semi-Furnished,1,21,2.0,2,3,Ready To Move,4.0,651100.0
PROP_14149,Oakridge Valley,Apartment,1102,2,3.0,Furnished,1,20,0.0,1,6,Ready To Move,2.0,523900.0
PROP_11023,Riverside District,Luxury Villa,6182,5,5.0,Unfurnished,0,3,0.0,3,5,Ready To Move,2.0,4137000.0
PROP_11920,Westend Terrace,Apartment,1617,2,2.0,Semi-Furnished,0,18,18.0,2,5,Under Construction,3.0,571800.0
PROP_14871,Oakridge Valley,Independent House,2574,3,3.0,Semi-Furnished,2,1,1.0,1,6,Ready To Move,5.0,1192500.0
PROP_12334,Harbor Point,Apartment,988,1,1.0,Semi-Furnished,3,9,21.0,1,6,Ready To Move,1.0,499500.0
PROP_11942,Harbor Point,Apartment,1081,2,2.0,Semi-Furnished,2,20,0.0,1,8,Under Construction,5.0,683400.0
PROP_11563,Lakeside Estates,Apartment,2199,4,3.0,Furnished,2,22,0.0,2,5,Ready To Move,4.0,1242600.0
PROP_13691,Greenwood Heights,Luxury Villa,4744,5,6.0,Semi-Furnished,1,2,7.0,1,10,Ready To Move,3.0,2402800.0
PROP_11565,Silicon Hills,Independent House,3115,4,4.0,Furnished,1,2,1.0,2,7,Ready To Move,2.0,2038500.0
PROP_14368,Silicon Hills,Apartment,1098,2,2.0,Furnished,2,15,3.0,1,3,Under Construction,3.0,616200.0
PROP_12719,Sunset Park,Luxury Villa,3323,3,4.0,Furnished,2,2,8.0,0,8,Ready To Move,3.0,1861600.0
PROP_13629,Midtown Corridor,Apartment,1812,3,3.0,Semi-Furnished,3,18,2.0,3,4,Ready To Move,2.0,874300.0
PROP_12413,Harbor Point,Apartment,1347,2,2.0,Furnished,1,17,7.0,1,5,Ready To Move,4.0,775900.0
PROP_10145,Downtown Central,Luxury Villa,4539,5,6.0,Furnished,1,3,16.0,0,5,Ready To Move,2.0,2734600.0
PROP_10381,Downtown Central,Apartment,999,2,1.0,Semi-Furnished,1,10,13.0,2,5,Under Construction,2.0,514600.0
PROP_14691,Sunset Park,Independent House,1837,2,3.0,Unfurnished,1,2,4.0,2,6,Ready To Move,3.0,843400.0
PROP_11439,Lakeside Estates,Penthouse,4509,4,5.0,Furnished,1,31,0.0,2,3,Ready To Move,4.0,3318900.0
PROP_13367,Riverside District,Apartment,1455,2,2.0,Semi-Furnished,1,21,1.0,1,5,Ready To Move,1.0,671900.0
PROP_10122,Westend Terrace,Luxury Villa,4381,4,4.0,Semi-Furnished,2,2,2.0,2,8,Ready To Move,4.0,2505200.0
PROP_11790,Westend Terrace,Luxury Villa,3804,3,3.0,Unfurnished,2,3,20.0,1,7,Ready To Move,3.0,1938400.0
PROP_10612,Oakridge Valley,Apartment,2015,3,2.0,Semi-Furnished,2,24,0.0,1,3,Ready To Move,4.0,887700.0
PROP_10731,Lakeside Estates,Independent House,2618,2,3.0,Semi-Furnished,2,2,0.0,1,6,Ready To Move,3.0,1488100.0
PROP_12339,Downtown Central,Independent House,2832,5,4.0,Unfurnished,3,2,1.0,1,3,Ready To Move,3.0,1797100.0
PROP_10419,Lakeside Estates,Apartment,1732,3,2.0,Semi-Furnished,1,5,10.0,1,5,Ready To Move,4.0,879500.0
PROP_14967,Silicon Hills,Independent House,3463,5,4.0,Semi-Furnished,0,3,1.0,2,6,Ready To Move,3.0,2323900.0
PROP_15814,Lakeside Estates,Apartment,1125,1,1.0,Furnished,2,7,5.0,0,3,Ready To Move,3.0,630200.0
PROP_11303,Lakeside Estates,Apartment,1549,2,2.0,Unfurnished,1,4,3.0,2,4,Ready To Move,5.0,762000.0
PROP_12560,Westend Terrace,Penthouse,5232,4,5.0,Furnished,0,19,16.0,1,7,Ready To Move,5.0,2950600.0
PROP_11345,Midtown Corridor,Luxury Villa,4203,4,5.0,Semi-Furnished,1,3,0.0,0,6,Ready To Move,1.0,2853300.0
PROP_15636,Riverside District,Apartment,890,2,2.0,Unfurnished,0,19,1.0,1,8,Under Construction,1.0,483800.0
PROP_15790,Oakridge Valley,Apartment,1396,2,2.0,Semi-Furnished,3,1,1.0,3,4,Ready To Move,2.0,612700.0
PROP_13195,Silicon Hills,Apartment,1175,2,2.0,Semi-Furnished,1,21,14.0,1,1,Ready To Move,1.0,627700.0
PROP_15801,Harbor Point,Apartment,1418,2,2.0,Furnished,3,19,8.0,1,5,Under Construction,1.0,700200.0
PROP_10249,Riverside District,Apartment,1216,2,2.0,Furnished,0,13,10.0,1,5,Ready To Move,1.0,598000.0
PROP_11075,Harbor Point,Apartment,1201,2,1.0,Furnished,1,6,7.0,2,9,Ready To Move,2.0,729000.0
PROP_14055,Midtown Corridor,Independent House,3216,4,3.0,Unfurnished,2,2,4.0,1,6,Under Construction,5.0,1712300.0
PROP_10448,Downtown Central,Penthouse,4373,3,4.0,Furnished,0,30,21.0,1,6,Ready To Move,3.0,2554100.0
PROP_14473,Midtown Corridor,Independent House,1955,2,1.0,Semi-Furnished,1,2,7.0,1,5,Ready To Move,5.0,1004100.0
PROP_14703,Greenwood Heights,Independent House,2638,4,3.0,Furnished,1,3,1.0,1,2,Ready To Move,2.0,1237100.0
PROP_11273,Silicon Hills,Apartment,1411,2,2.0,Semi-Furnished,1,15,19.0,0,5,Under Construction,3.0,688000.0
PROP_12293,Lakeside Estates,Independent House,1710,3,4.0,Semi-Furnished,1,2,4.0,0,2,Ready To Move,3.0,1006200.0
PROP_14816,Oakridge Valley,Penthouse,5358,4,6.0,Semi-Furnished,2,22,0.0,2,7,Ready To Move,4.0,2783200.0
PROP_12276,Oakridge Valley,Apartment,1639,3,2.0,Furnished,1,6,15.0,0,5,Ready To Move,3.0,599800.0
PROP_13571,Sunset Park,Apartment,1507,3,3.0,Semi-Furnished,2,7,1.0,1,6,Ready To Move,3.0,722800.0
PROP_11003,Riverside District,Apartment,1193,2,2.0,Furnished,1,10,22.0,1,7,Ready To Move,5.0,604400.0
PROP_14081,Midtown Corridor,Independent House,1974,2,2.0,Semi-Furnished,1,1,16.0,1,5,Ready To Move,2.0,1024500.0
PROP_12520,Sunset Park,Studio Apartment,633,1,1.0,Furnished,1,18,0.0,2,7,Under Construction,1.0,355500.0
PROP_13485,Harbor Point,Independent House,2177,2,2.0,Semi-Furnished,2,3,7.0,0,5,Ready To Move,3.0,1321200.0
PROP_13382,Downtown Central,Apartment,1262,2,2.0,Unfurnished,1,21,6.0,1,3,Ready To Move,1.0,665600.0
PROP_15910,Downtown Central,Apartment,1525,2,2.0,Semi-Furnished,1,22,7.0,1,7,Ready To Move,3.0,871700.0
PROP_11555,Greenwood Heights,Studio Apartment,400,1,1.0,Semi-Furnished,0,2,10.0,2,2,Under Construction,1.0,193400.0
PROP_10415,Riverside District,Apartment,1047,2,2.0,Unfurnished,2,15,7.0,1,4,Ready To Move,5.0,543000.0
PROP_10753,Westend Terrace,Studio Apartment,563,1,1.0,Semi-Furnished,0,6,10.0,1,5,Ready To Move,3.0,286300.0
PROP_11761,Sunset Park,Apartment,1126,2,2.0,Unfurnished,3,16,10.0,1,6,Ready To Move,5.0,555800.0
PROP_11742,Greenwood Heights,Luxury Villa,4747,5,5.0,Semi-Furnished,1,2,10.0,3,8,Ready To Move,4.0,2511800.0
PROP_10655,Downtown Central,Luxury Villa,3769,4,5.0,Semi-Furnished,2,2,15.0,0,10,Under Construction,4.0,2309900.0
PROP_10813,Silicon Hills,Penthouse,4034,3,5.0,Furnished,2,33,3.0,1,10,Ready To Move,3.0,3234900.0
PROP_14587,Greenwood Heights,Studio Apartment,418,1,1.0,Furnished,1,15,5.0,1,8,Under Construction,5.0,279400.0
PROP_11781,Midtown Corridor,Penthouse,4796,4,5.0,Unfurnished,2,29,10.0,1,5,Ready To Move,1.0,2843100.0
PROP_15664,Midtown Corridor,Studio Apartment,683,1,1.0,Semi-Furnished,1,18,16.0,1,4,Ready To Move,2.0,303700.0
PROP_15981,Greenwood Heights,Studio Apartment,560,1,1.0,Semi-Furnished,2,6,4.0,2,2,Ready To Move,3.0,281100.0
PROP_14606,Sunset Park,Apartment,885,1,1.0,Furnished,0,19,7.0,2,3,Ready To Move,4.0,405000.0
PROP_11882,Greenwood Heights,Apartment,1774,3,3.0,Unfurnished,2,14,3.0,2,2,Under Construction,2.0,697500.0
PROP_10590,Lakeside Estates,Penthouse,4349,4,5.0,Semi-Furnished,1,24,4.0,1,8,Ready To Move,2.0,3099200.0
PROP_14284,Midtown Corridor,Luxury Villa,4376,5,5.0,Unfurnished,1,3,20.0,0,10,Under Construction,4.0,2197200.0
PROP_15842,Silicon Hills,Penthouse,4880,4,5.0,Semi-Furnished,0,20,2.0,1,9,Ready To Move,2.0,4257600.0
PROP_11819,Silicon Hills,Independent House,2374,3,2.0,Semi-Furnished,1,1,3.0,1,6,Under Construction,1.0,1386300.0
PROP_11621,Harbor Point,Studio Apartment,607,1,1.0,Semi-Furnished,2,11,0.0,2,8,Ready To Move,3.0,400900.0
PROP_14963,Silicon Hills,Studio Apartment,425,1,1.0,Furnished,3,12,6.0,2,7,Ready To Move,4.0,324100.0
PROP_12861,Greenwood Heights,Apartment,1142,1,1.0,Furnished,1,9,4.0,2,3,Under Construction,4.0,470200.0
PROP_14060,Harbor Point,Independent House,2878,4,4.0,Semi-Furnished,1,2,1.0,1,5,Ready To Move,5.0,1818000.0
PROP_11028,Harbor Point,Apartment,1005,1,1.0,Furnished,1,23,8.0,3,3,Ready To Move,4.0,610300.0
PROP_15396,Downtown Central,Studio Apartment,663,1,1.0,Furnished,2,10,0.0,0,7,Ready To Move,5.0,422000.0
PROP_11903,Lakeside Estates,Apartment,1674,3,3.0,Semi-Furnished,0,9,1.0,1,2,Ready To Move,4.0,834100.0
PROP_14789,Oakridge Valley,Apartment,1925,3,3.0,Furnished,0,5,21.0,1,5,Ready To Move,2.0,655900.0
PROP_12856,Oakridge Valley,Luxury Villa,4599,3,4.0,Unfurnished,2,3,0.0,2,10,Ready To Move,3.0,2087100.0
PROP_12877,Greenwood Heights,Luxury Villa,4333,4,5.0,Semi-Furnished,1,3,5.0,1,1,Ready To Move,3.0,2288900.0
PROP_10209,Westend Terrace,Apartment,1405,2,2.0,Semi-Furnished,0,10,5.0,1,8,Ready To Move,1.0,643600.0
PROP_14075,Sunset Park,Studio Apartment,460,1,1.0,Furnished,1,18,3.0,2,5,Ready To Move,5.0,288100.0
PROP_15129,Riverside District,Penthouse,3519,3,5.0,Semi-Furnished,2,26,26.0,1,8,Ready To Move,3.0,1906000.0
PROP_10426,Westend Terrace,Apartment,1593,3,3.0,Unfurnished,2,24,23.0,2,6,Ready To Move,1.0,613000.0
PROP_14254,Midtown Corridor,Apartment,1365,2,1.0,Semi-Furnished,1,8,0.0,2,7,Under Construction,5.0,684100.0
PROP_12859,Harbor Point,Independent House,2756,4,5.0,Unfurnished,1,2,14.0,2,3,Ready To Move,2.0,1552800.0
PROP_15670,Oakridge Valley,Independent House,2565,3,4.0,Furnished,1,3,5.0,3,7,Ready To Move,5.0,1030500.0
PROP_11974,Riverside District,Apartment,1962,4,4.0,Furnished,2,11,13.0,2,5,Ready To Move,3.0,949500.0
PROP_15291,Harbor Point,Apartment,954,1,1.0,Semi-Furnished,2,3,0.0,0,5,Ready To Move,2.0,531600.0
PROP_10111,Downtown Central,Penthouse,4210,4,5.0,Semi-Furnished,2,34,13.0,2,2,Ready To Move,5.0,2729700.0
PROP_13095,Greenwood Heights,Independent House,2262,3,3.0,Semi-Furnished,0,2,6.0,1,10,Ready To Move,2.0,1097500.0
PROP_13291,Westend Terrace,Penthouse,5409,3,4.0,Furnished,1,22,0.0,0,4,Ready To Move,5.0,3226500.0
PROP_12806,Riverside District,Independent House,3181,4,3.0,Furnished,1,3,1.0,1,7,Ready To Move,1.0,1625500.0
PROP_11226,Riverside District,Apartment,1140,2,2.0,Semi-Furnished,1,21,3.0,1,9,Ready To Move,2.0,591100.0
PROP_11187,Westend Terrace,Independent House,2288,3,3.0,Unfurnished,1,1,7.0,0,2,Ready To Move,2.0,958000.0
PROP_14554,Riverside District,Apartment,1741,2,1.0,Semi-Furnished,2,17,1.0,1,4,Ready To Move,1.0,801500.0
PROP_15725,Downtown Central,Apartment,1696,3,2.0,Furnished,1,17,3.0,2,2,Ready To Move,4.0,1046800.0
PROP_15416,Harbor Point,Luxury Villa,4282,5,6.0,Furnished,1,3,5.0,0,6,Ready To Move,2.0,3295500.0
PROP_12690,Greenwood Heights,Luxury Villa,4974,4,4.0,Semi-Furnished,1,3,3.0,2,6,Ready To Move,5.0,2683900.0
PROP_11617,Sunset Park,Apartment,1716,2,2.0,Furnished,0,24,5.0,2,2,Ready To Move,4.0,698800.0
PROP_14985,Oakridge Valley,Independent House,2404,3,3.0,Furnished,2,2,3.0,2,7,Ready To Move,2.0,1036100.0
PROP_13594,Downtown Central,Luxury Villa,5608,5,6.0,Unfurnished,2,2,11.0,1,5,Ready To Move,1.0,3790500.0
PROP_12019,Greenwood Heights,Penthouse,4683,4,5.0,Semi-Furnished,1,18,9.0,1,10,Ready To Move,5.0,2597500.0
PROP_15463,Westend Terrace,Independent House,2775,5,4.0,Furnished,1,2,10.0,1,9,Under Construction,1.0,1284500.0
PROP_11624,Harbor Point,Apartment,1164,2,2.0,Furnished,0,6,8.0,3,6,Ready To Move,4.0,709000.0
PROP_11047,Silicon Hills,Apartment,1233,2,3.0,Furnished,2,15,3.0,1,2,Ready To Move,4.0,813500.0
PROP_11488,Sunset Park,Apartment,1095,2,1.0,Furnished,0,22,3.0,2,5,Ready To Move,3.0,511900.0
PROP_10438,Lakeside Estates,Independent House,2483,3,2.0,Furnished,1,3,1.0,1,3,Under Construction,4.0,1443800.0
PROP_12795,Westend Terrace,Apartment,1085,2,3.0,Furnished,2,15,7.0,1,6,Under Construction,3.0,496100.0
PROP_11220,Westend Terrace,Apartment,1539,3,4.0,Semi-Furnished,1,10,14.0,2,4,Ready To Move,2.0,653600.0
PROP_14406,Greenwood Heights,Apartment,1407,2,1.0,Semi-Furnished,1,24,9.0,1,5,Ready To Move,1.0,588300.0
PROP_10108,Oakridge Valley,Apartment,1728,3,4.0,Semi-Furnished,1,6,0.0,1,7,Ready To Move,5.0,658600.0
PROP_12903,Greenwood Heights,Independent House,2376,3,3.0,Semi-Furnished,1,3,12.0,3,7,Ready To Move,1.0,1011600.0
PROP_10030,Riverside District,Independent House,2456,3,3.0,Semi-Furnished,2,2,8.0,1,3,Ready To Move,1.0,1231800.0
PROP_13091,Greenwood Heights,Apartment,1917,3,3.0,Semi-Furnished,1,17,8.0,3,8,Ready To Move,3.0,921500.0
PROP_12457,Harbor Point,Apartment,1545,3,3.0,Furnished,1,4,11.0,1,6,Ready To Move,4.0,897300.0
PROP_10908,Silicon Hills,Apartment,1446,3,2.0,Unfurnished,2,15,10.0,2,6,Under Construction,3.0,745600.0
PROP_11567,Midtown Corridor,Apartment,1489,2,2.0,Furnished,2,24,4.0,1,3,Ready To Move,4.0,815300.0
PROP_15003,Westend Terrace,Apartment,1663,2,2.0,Semi-Furnished,1,16,5.0,0,3,Under Construction,5.0,718300.0
PROP_10752,Silicon Hills,Apartment,902,1,1.0,Semi-Furnished,1,1,5.0,2,3,Ready To Move,2.0,456200.0
PROP_14237,Westend Terrace,Apartment,1042,2,2.0,Furnished,0,16,1.0,3,7,Under Construction,1.0,487800.0
PROP_10585,Lakeside Estates,Independent House,2629,4,3.0,Unfurnished,1,1,2.0,1,8,Ready To Move,2.0,1533000.0
PROP_15837,Riverside District,Apartment,996,1,1.0,Furnished,2,13,10.0,0,5,Ready To Move,5.0,495100.0
PROP_14013,Riverside District,Penthouse,3314,4,5.0,Unfurnished,2,34,40.0,3,5,Ready To Move,3.0,1543800.0
PROP_14448,Midtown Corridor,Independent House,2240,3,4.0,Semi-Furnished,2,1,0.0,1,1,Under Construction,4.0,1166000.0
PROP_15015,Lakeside Estates,Studio Apartment,528,1,1.0,Semi-Furnished,0,14,10.0,1,7,Under Construction,3.0,297200.0
PROP_14150,Oakridge Valley,Independent House,2203,3,2.0,Semi-Furnished,1,2,7.0,1,4,Ready To Move,5.0,898200.0
PROP_13870,Greenwood Heights,Luxury Villa,4110,3,4.0,Furnished,1,3,4.0,1,3,Ready To Move,2.0,2365400.0
PROP_10894,Lakeside Estates,Independent House,2263,3,2.0,Semi-Furnished,2,2,9.0,2,8,Ready To Move,2.0,1278900.0
PROP_13920,Sunset Park,Independent House,2106,3,3.0,Semi-Furnished,1,2,1.0,3,7,Ready To Move,2.0,988600.0
PROP_14303,Lakeside Estates,Apartment,1667,3,3.0,Semi-Furnished,1,16,4.0,2,9,Ready To Move,3.0,883000.0
PROP_14210,Greenwood Heights,Independent House,2309,3,4.0,Semi-Furnished,1,1,1.0,1,8,Under Construction,5.0,1016400.0
PROP_11618,Downtown Central,Studio Apartment,549,1,1.0,Furnished,1,13,2.0,1,3,Ready To Move,3.0,367600.0
PROP_12764,Sunset Park,Luxury Villa,3942,4,4.0,Semi-Furnished,1,2,1.0,2,5,Under Construction,4.0,1938000.0
PROP_15895,Sunset Park,Penthouse,5119,5,6.0,Furnished,1,28,0.0,1,1,Ready To Move,1.0,2700600.0
PROP_13898,Riverside District,Independent House,2629,4,3.0,Furnished,1,2,5.0,3,9,Ready To Move,5.0,1378100.0
PROP_10180,Harbor Point,Apartment,1753,3,3.0,Semi-Furnished,1,17,18.0,2,9,Under Construction,5.0,887300.0
PROP_13162,Greenwood Heights,Apartment,1216,2,2.0,Semi-Furnished,2,24,0.0,1,4,Ready To Move,2.0,601800.0
PROP_13035,Downtown Central,Apartment,1331,2,2.0,Semi-Furnished,1,15,11.0,1,7,Ready To Move,4.0,735600.0
PROP_13495,Riverside District,Luxury Villa,5009,4,5.0,Furnished,0,2,11.0,1,2,Under Construction,5.0,2616200.0
PROP_12154,Riverside District,Apartment,1486,2,2.0,Furnished,1,10,2.0,1,4,Ready To Move,5.0,759200.0
PROP_10995,Midtown Corridor,Independent House,2426,3,3.0,Furnished,1,2,3.0,1,6,Ready To Move,1.0,1393200.0
PROP_13510,Silicon Hills,Independent House,2032,2,2.0,Semi-Furnished,0,1,21.0,1,6,Ready To Move,5.0,1207500.0
PROP_13154,Midtown Corridor,Apartment,743,1,1.0,Unfurnished,1,14,9.0,3,6,Ready To Move,2.0,391200.0
PROP_13774,Riverside District,Apartment,1366,2,2.0,Furnished,2,2,12.0,1,5,Under Construction,4.0,640400.0
PROP_12003,Midtown Corridor,Apartment,1024,1,1.0,Semi-Furnished,1,15,5.0,1,4,Under Construction,5.0,499400.0
PROP_13442,Sunset Park,Independent House,3227,5,4.0,Furnished,2,2,12.0,1,5,Ready To Move,1.0,1366800.0
PROP_10091,Greenwood Heights,Apartment,765,1,1.0,Semi-Furnished,1,19,22.0,1,9,Ready To Move,1.0,360700.0
PROP_14576,Harbor Point,Apartment,1802,3,3.0,Semi-Furnished,1,8,3.0,1,4,Ready To Move,5.0,1104300.0
PROP_13519,Sunset Park,Penthouse,4890,4,5.0,Unfurnished,1,32,5.0,1,3,Ready To Move,2.0,2508800.0
PROP_11194,Westend Terrace,Independent House,2816,4,3.0,Semi-Furnished,1,2,2.0,1,6,Under Construction,2.0,1261400.0
PROP_12146,Lakeside Estates,Luxury Villa,4593,4,4.0,Furnished,0,2,39.0,2,10,Ready To Move,3.0,2554100.0
PROP_10625,Downtown Central,Apartment,1566,3,2.0,Furnished,1,9,1.0,2,5,Ready To Move,5.0,907200.0
PROP_10070,Sunset Park,Luxury Villa,5483,4,4.0,Semi-Furnished,1,2,4.0,2,4,Under Construction,4.0,2696500.0
PROP_13647,Riverside District,Independent House,3123,4,5.0,Furnished,2,2,3.0,2,7,Ready To Move,2.0,1811600.0
PROP_12314,Silicon Hills,Apartment,1902,3,3.0,Semi-Furnished,1,14,3.0,2,8,Under Construction,1.0,1041200.0
PROP_13514,Oakridge Valley,Independent House,2625,4,4.0,Furnished,1,1,14.0,1,3,Ready To Move,3.0,1132500.0
PROP_12448,Riverside District,Penthouse,6072,5,6.0,Furnished,1,18,9.0,0,7,Under Construction,2.0,3513000.0
PROP_11243,Oakridge Valley,Apartment,1470,2,1.0,Furnished,1,24,10.0,1,4,Ready To Move,4.0,552100.0
PROP_10765,Westend Terrace,Studio Apartment,518,1,1.0,Semi-Furnished,2,17,2.0,0,3,Ready To Move,3.0,305800.0
PROP_10294,Greenwood Heights,Apartment,1196,2,2.0,Semi-Furnished,0,1,3.0,1,3,Ready To Move,5.0,564200.0
PROP_13609,Westend Terrace,Independent House,2018,3,3.0,Semi-Furnished,1,1,0.0,0,5,Ready To Move,1.0,1001400.0
PROP_10446,Silicon Hills,Independent House,2391,4,4.0,Furnished,2,1,13.0,1,7,Ready To Move,3.0,1690000.0
PROP_10469,Greenwood Heights,Penthouse,4287,3,5.0,Unfurnished,0,34,6.0,1,8,Ready To Move,2.0,1856800.0
PROP_11673,Greenwood Heights,Independent House,2538,3,3.0,Furnished,2,1,9.0,1,5,Ready To Move,5.0,1156100.0
PROP_11043,Riverside District,Apartment,1328,2,2.0,Furnished,1,23,17.0,1,6,Ready To Move,2.0,656000.0
PROP_10433,Westend Terrace,Luxury Villa,3993,5,6.0,Semi-Furnished,1,2,12.0,1,3,Under Construction,5.0,2093800.0
PROP_11058,Harbor Point,Apartment,1669,3,3.0,Semi-Furnished,1,14,4.0,1,5,Ready To Move,4.0,1039300.0
PROP_14076,Lakeside Estates,Apartment,2283,4,3.0,Semi-Furnished,3,13,0.0,1,5,Ready To Move,5.0,1117800.0
PROP_14728,Downtown Central,Apartment,1469,2,2.0,Furnished,3,14,5.0,0,10,Ready To Move,2.0,788700.0
PROP_15013,Harbor Point,Apartment,1219,3,2.0,Furnished,1,20,0.0,1,8,Ready To Move,4.0,826900.0
PROP_10578,Greenwood Heights,Apartment,1571,3,3.0,Furnished,2,6,5.0,2,2,Ready To Move,2.0,754200.0
PROP_13241,Midtown Corridor,Studio Apartment,604,1,1.0,Semi-Furnished,2,10,10.0,1,7,Under Construction,1.0,323900.0
PROP_10246,Oakridge Valley,Independent House,2602,3,2.0,Semi-Furnished,0,2,2.0,3,6,Ready To Move,3.0,1095900.0
PROP_14205,Lakeside Estates,Independent House,2169,3,3.0,Furnished,3,2,0.0,2,10,Under Construction,4.0,1395100.0
PROP_10368,Lakeside Estates,Apartment,868,1,1.0,Furnished,0,11,11.0,1,2,Ready To Move,2.0,475200.0
PROP_12458,Oakridge Valley,Apartment,589,1,1.0,Semi-Furnished,2,6,6.0,0,5,Ready To Move,3.0,265300.0
PROP_15671,Riverside District,Independent House,2872,3,2.0,Furnished,0,3,1.0,1,5,Ready To Move,1.0,1472100.0
PROP_15532,Greenwood Heights,Independent House,3373,4,4.0,Furnished,2,3,12.0,2,5,Ready To Move,3.0,1523900.0
PROP_12865,Oakridge Valley,Apartment,1265,2,2.0,Unfurnished,1,3,14.0,1,1,Under Construction,3.0,421800.0
PROP_14542,Riverside District,Independent House,2521,3,3.0,Semi-Furnished,2,1,14.0,1,3,Ready To Move,3.0,1261300.0
PROP_13269,Harbor Point,Apartment,1513,3,2.0,Unfurnished,3,1,5.0,1,5,Ready To Move,2.0,946000.0
PROP_15521,Riverside District,Independent House,2154,3,2.0,Unfurnished,1,2,11.0,2,1,Ready To Move,3.0,1131700.0
PROP_15898,Riverside District,Independent House,2881,3,2.0,Unfurnished,0,1,0.0,1,3,Ready To Move,2.0,1366400.0
PROP_12064,Midtown Corridor,Apartment,1511,2,2.0,Furnished,1,11,4.0,0,5,Under Construction,5.0,785700.0
PROP_12358,Harbor Point,Independent House,2982,4,4.0,Semi-Furnished,1,3,5.0,1,6,Ready To Move,3.0,1842900.0
PROP_14487,Downtown Central,Independent House,2432,2,1.0,Furnished,1,3,0.0,1,5,Ready To Move,2.0,1396100.0
PROP_12688,Harbor Point,Studio Apartment,551,1,1.0,Unfurnished,1,13,2.0,1,2,Under Construction,4.0,302900.0
PROP_10556,Riverside District,Apartment,1610,2,2.0,Furnished,1,15,12.0,1,3,Ready To Move,2.0,742600.0
PROP_13423,Westend Terrace,Apartment,1575,2,1.0,Furnished,0,5,0.0,2,10,Ready To Move,4.0,706900.0
PROP_15425,Silicon Hills,Apartment,1414,2,1.0,Unfurnished,1,9,4.0,2,4,Under Construction,2.0,843000.0
PROP_11927,Sunset Park,Apartment,1822,3,2.0,Furnished,0,1,5.0,0,5,Ready To Move,5.0,713600.0
PROP_14130,Lakeside Estates,Studio Apartment,415,1,1.0,Unfurnished,1,18,2.0,1,9,Under Construction,3.0,282800.0
PROP_12303,Silicon Hills,Studio Apartment,600,1,1.0,Unfurnished,1,17,26.0,2,4,Ready To Move,2.0,302400.0
PROP_11984,Midtown Corridor,Apartment,1453,2,3.0,Unfurnished,1,16,2.0,2,7,Ready To Move,4.0,813300.0
PROP_12894,Westend Terrace,Independent House,2125,3,4.0,Semi-Furnished,1,2,16.0,2,5,Under Construction,2.0,903300.0
PROP_11667,Lakeside Estates,Independent House,2024,3,2.0,Furnished,2,2,5.0,2,6,Ready To Move,1.0,1115100.0
PROP_14167,Oakridge Valley,Independent House,3182,5,5.0,Semi-Furnished,1,2,5.0,2,5,Ready To Move,4.0,1282500.0
PROP_15605,Midtown Corridor,Studio Apartment,476,1,1.0,Semi-Furnished,2,16,2.0,1,3,Under Construction,2.0,290800.0
PROP_10152,Midtown Corridor,Apartment,1565,3,3.0,Semi-Furnished,2,12,8.0,0,6,Under Construction,1.0,805200.0
PROP_15448,Westend Terrace,Luxury Villa,4272,4,4.0,Semi-Furnished,1,3,2.0,1,4,Under Construction,4.0,2287800.0
PROP_12880,Oakridge Valley,Apartment,1279,2,2.0,Semi-Furnished,1,20,7.0,1,7,Ready To Move,2.0,542700.0
PROP_13732,Riverside District,Apartment,1508,2,1.0,Unfurnished,0,20,6.0,2,2,Under Construction,5.0,645000.0
PROP_11544,Lakeside Estates,Penthouse,5767,3,5.0,Semi-Furnished,1,19,14.0,1,6,Ready To Move,1.0,3642700.0
PROP_14229,Harbor Point,Studio Apartment,510,1,1.0,Furnished,1,16,5.0,2,5,Ready To Move,3.0,369500.0
PROP_15770,Riverside District,Independent House,1945,2,3.0,Unfurnished,0,1,2.0,1,5,Ready To Move,5.0,1055500.0
PROP_11514,Westend Terrace,Apartment,1194,2,1.0,Semi-Furnished,2,1,21.0,2,6,Ready To Move,4.0,526700.0
PROP_13716,Sunset Park,Apartment,1796,3,2.0,Semi-Furnished,3,18,4.0,1,10,Ready To Move,2.0,781700.0
PROP_13704,Midtown Corridor,Studio Apartment,573,1,1.0,Unfurnished,1,9,2.0,1,4,Ready To Move,3.0,307600.0
PROP_12514,Greenwood Heights,Apartment,1733,3,3.0,Semi-Furnished,1,7,6.0,1,5,Under Construction,3.0,728300.0
PROP_14883,Lakeside Estates,Apartment,1650,3,3.0,Furnished,0,2,2.0,1,6,Ready To Move,2.0,929500.0
PROP_15292,Sunset Park,Apartment,1306,2,1.0,Furnished,0,20,23.0,1,6,Ready To Move,2.0,437000.0
PROP_13086,Downtown Central,Penthouse,5796,5,6.0,Semi-Furnished,2,25,1.0,1,6,Ready To Move,2.0,4529200.0
PROP_10749,Greenwood Heights,Apartment,969,1,1.0,Furnished,3,17,14.0,0,5,Ready To Move,2.0,458300.0
PROP_12830,Oakridge Valley,Luxury Villa,4990,4,4.0,Semi-Furnished,1,2,4.0,1,6,Ready To Move,4.0,2529200.0
PROP_13066,Westend Terrace,Studio Apartment,482,1,1.0,Semi-Furnished,1,11,1.0,3,5,Ready To Move,2.0,292900.0
PROP_10997,Westend Terrace,Apartment,1587,3,2.0,Semi-Furnished,2,15,0.0,1,6,Ready To Move,2.0,751800.0
PROP_15834,Silicon Hills,Apartment,1564,2,2.0,Unfurnished,1,8,10.0,1,5,Ready To Move,5.0,872200.0
PROP_13046,Silicon Hills,Independent House,1497,2,3.0,Furnished,0,1,3.0,1,8,Ready To Move,1.0,1019500.0
PROP_12237,Riverside District,Apartment,1459,2,1.0,Unfurnished,3,15,10.0,2,3,Ready To Move,4.0,735400.0
PROP_13104,Oakridge Valley,Luxury Villa,5831,5,6.0,Unfurnished,0,3,19.0,2,3,Ready To Move,5.0,2551400.0
PROP_11993,Sunset Park,Apartment,1361,2,2.0,Semi-Furnished,2,8,6.0,3,4,Under Construction,2.0,509600.0
PROP_15472,Sunset Park,Apartment,1537,3,4.0,Semi-Furnished,3,16,2.0,1,6,Ready To Move,3.0,665200.0
PROP_12858,Oakridge Valley,Independent House,2850,4,4.0,Furnished,0,1,11.0,2,5,Ready To Move,2.0,1120000.0
PROP_10492,Midtown Corridor,Apartment,1604,3,3.0,Semi-Furnished,2,10,3.0,1,6,Ready To Move,1.0,943600.0
PROP_14352,Sunset Park,Independent House,2880,4,3.0,Semi-Furnished,1,2,1.0,1,3,Under Construction,5.0,1164300.0
PROP_15661,Westend Terrace,Independent House,2271,3,3.0,Semi-Furnished,2,2,1.0,0,6,Ready To Move,4.0,1077000.0
PROP_11104,Westend Terrace,Apartment,963,1,1.0,Semi-Furnished,2,2,1.0,3,7,Under Construction,4.0,485300.0
PROP_10472,Riverside District,Apartment,1766,3,3.0,Furnished,0,10,1.0,2,5,Ready To Move,4.0,902400.0
PROP_12986,Harbor Point,Independent House,2912,4,4.0,Unfurnished,0,3,5.0,1,7,Under Construction,4.0,1613800.0
PROP_12466,Downtown Central,Apartment,1274,2,2.0,Semi-Furnished,1,14,1.0,0,10,Ready To Move,3.0,784800.0
PROP_14695,Westend Terrace,Independent House,3507,5,4.0,Furnished,2,3,4.0,1,3,Ready To Move,1.0,1635800.0
PROP_10808,Sunset Park,Penthouse,4698,4,5.0,Unfurnished,0,28,10.0,1,6,Ready To Move,5.0,2308900.0
PROP_15692,Sunset Park,Apartment,1277,3,3.0,Semi-Furnished,1,20,10.0,2,3,Under Construction,3.0,491200.0
PROP_13393,Westend Terrace,Apartment,1310,2,1.0,Semi-Furnished,3,8,10.0,1,7,Ready To Move,1.0,634000.0
PROP_11298,Westend Terrace,Penthouse,5065,4,5.0,Furnished,2,20,4.0,2,4,Ready To Move,4.0,3014500.0
PROP_10897,Sunset Park,Apartment,1183,2,2.0,Furnished,1,5,0.0,3,6,Ready To Move,4.0,575800.0
PROP_13455,Silicon Hills,Apartment,1399,2,2.0,Furnished,3,23,9.0,1,7,Under Construction,4.0,838200.0
PROP_15732,Harbor Point,Luxury Villa,5341,5,5.0,Furnished,2,2,10.0,2,2,Ready To Move,3.0,3765100.0
PROP_14337,Harbor Point,Independent House,2422,3,2.0,Semi-Furnished,2,2,1.0,1,10,Under Construction,2.0,1460700.0
PROP_10355,Westend Terrace,Independent House,2182,3,2.0,Semi-Furnished,1,2,6.0,2,9,Ready To Move,5.0,1112600.0
PROP_10252,Riverside District,Luxury Villa,4878,4,5.0,Unfurnished,3,2,16.0,1,8,Under Construction,2.0,2466200.0
PROP_10186,Silicon Hills,Apartment,1283,2,1.0,Furnished,2,17,1.0,1,3,Ready To Move,5.0,862600.0
PROP_12678,Silicon Hills,Apartment,1259,2,2.0,Semi-Furnished,1,7,3.0,2,7,Ready To Move,4.0,700600.0
PROP_12196,Harbor Point,Independent House,2697,4,3.0,Furnished,0,2,16.0,1,5,Ready To Move,1.0,1548200.0
PROP_13337,Sunset Park,Apartment,1484,2,2.0,Unfurnished,3,13,1.0,1,9,Ready To Move,3.0,664800.0
PROP_12485,Riverside District,Apartment,1250,2,2.0,Semi-Furnished,2,16,13.0,1,7,Ready To Move,5.0,612100.0
PROP_10228,Midtown Corridor,Apartment,1767,3,4.0,Semi-Furnished,3,3,7.0,2,10,Ready To Move,3.0,880700.0
PROP_12782,Silicon Hills,Apartment,1386,2,1.0,Furnished,1,17,1.0,1,2,Ready To Move,1.0,878300.0
PROP_13806,Silicon Hills,Apartment,1767,3,3.0,Semi-Furnished,1,1,11.0,1,5,Ready To Move,1.0,1012700.0
PROP_11193,Lakeside Estates,Independent House,2574,3,4.0,Furnished,1,2,17.0,1,7,Ready To Move,3.0,1479000.0
PROP_11034,Lakeside Estates,Apartment,1741,3,3.0,Unfurnished,1,13,10.0,2,5,Ready To Move,4.0,834800.0
PROP_13078,Downtown Central,Apartment,1927,3,3.0,Semi-Furnished,0,6,10.0,1,4,Ready To Move,4.0,1019400.0
PROP_15262,Harbor Point,Apartment,1199,1,2.0,Unfurnished,1,1,0.0,1,9,Ready To Move,5.0,729200.0
PROP_15481,Oakridge Valley,Apartment,1817,3,3.0,Furnished,1,5,6.0,1,7,Ready To Move,4.0,815000.0
PROP_13451,Oakridge Valley,Studio Apartment,665,1,1.0,Unfurnished,1,3,9.0,1,9,Ready To Move,5.0,308300.0
PROP_15327,Westend Terrace,Independent House,2924,4,4.0,Semi-Furnished,3,1,4.0,3,3,Under Construction,3.0,1389100.0
PROP_14585,Downtown Central,Independent House,1484,2,3.0,Furnished,2,2,14.0,0,6,Ready To Move,5.0,935100.0
PROP_12234,Oakridge Valley,Independent House,2292,3,3.0,Semi-Furnished,1,1,23.0,1,6,Ready To Move,5.0,826600.0
PROP_12241,Westend Terrace,Luxury Villa,4557,4,4.0,Semi-Furnished,2,2,4.0,2,5,Ready To Move,2.0,2722900.0
PROP_13862,Sunset Park,Apartment,1301,2,2.0,Semi-Furnished,1,22,11.0,0,5,Under Construction,4.0,486500.0
PROP_13788,Greenwood Heights,Luxury Villa,5252,5,5.0,Semi-Furnished,1,2,2.0,1,7,Ready To Move,2.0,2880100.0
PROP_10293,Riverside District,Penthouse,4865,4,5.0,Furnished,0,27,14.0,1,5,Ready To Move,2.0,2660600.0
PROP_15184,Oakridge Valley,Studio Apartment,701,1,1.0,Semi-Furnished,1,16,7.0,2,8,Ready To Move,2.0,332900.0
PROP_10550,Lakeside Estates,Independent House,2638,3,4.0,Furnished,1,2,8.0,1,9,Ready To Move,4.0,1521100.0
PROP_11508,Harbor Point,Apartment,1460,2,2.0,Semi-Furnished,1,6,5.0,1,9,Ready To Move,2.0,831800.0
PROP_15390,Greenwood Heights,Apartment,1466,3,3.0,Furnished,1,17,2.0,1,6,Ready To Move,2.0,647200.0
PROP_11145,Greenwood Heights,Studio Apartment,723,1,1.0,Semi-Furnished,2,5,10.0,1,4,Ready To Move,4.0,347600.0
PROP_12901,Greenwood Heights,Studio Apartment,618,1,1.0,Semi-Furnished,1,1,16.0,3,8,Under Construction,3.0,299200.0
PROP_11087,Silicon Hills,Independent House,2175,2,2.0,Furnished,2,2,18.0,1,5,Ready To Move,2.0,1234900.0
PROP_14902,Riverside District,Apartment,723,2,2.0,Unfurnished,1,8,7.0,1,4,Ready To Move,4.0,403700.0
PROP_15045,Westend Terrace,Apartment,1036,2,2.0,Unfurnished,1,4,8.0,2,5,Ready To Move,1.0,491400.0
PROP_14234,Silicon Hills,Penthouse,4534,5,6.0,Furnished,1,30,8.0,2,5,Ready To Move,2.0,3619300.0
PROP_12252,Silicon Hills,Independent House,2219,3,4.0,Furnished,2,2,27.0,2,8,Ready To Move,2.0,1285700.0
PROP_11352,Sunset Park,Independent House,2390,4,3.0,Semi-Furnished,1,2,12.0,1,5,Ready To Move,3.0,1028200.0
PROP_13909,Lakeside Estates,Apartment,1247,2,2.0,Furnished,1,15,5.0,1,6,Ready To Move,5.0,687700.0
PROP_11612,Silicon Hills,Apartment,1225,2,2.0,Unfurnished,1,9,0.0,2,8,Ready To Move,4.0,771800.0
PROP_11727,Lakeside Estates,Apartment,1176,2,2.0,Furnished,1,14,3.0,2,10,Ready To Move,4.0,762400.0
PROP_13758,Downtown Central,Independent House,2535,4,5.0,Semi-Furnished,2,2,5.0,3,5,Ready To Move,3.0,1655500.0
PROP_13170,Downtown Central,Penthouse,5089,5,7.0,Unfurnished,2,32,6.0,1,4,Ready To Move,5.0,3524700.0
PROP_14047,Midtown Corridor,Studio Apartment,723,1,1.0,Furnished,1,8,18.0,2,5,Under Construction,1.0,333200.0
PROP_14145,Westend Terrace,Apartment,1051,1,1.0,Semi-Furnished,2,4,0.0,1,2,Ready To Move,2.0,493400.0
PROP_15228,Greenwood Heights,Penthouse,4079,3,4.0,Semi-Furnished,2,19,32.0,2,6,Ready To Move,5.0,1980900.0
PROP_11120,Harbor Point,Independent House,2652,4,4.0,Unfurnished,1,2,8.0,1,10,Ready To Move,2.0,1727600.0
PROP_13358,Riverside District,Apartment,1462,3,3.0,Unfurnished,1,18,4.0,2,7,Ready To Move,3.0,786600.0
PROP_15111,Lakeside Estates,Apartment,1496,3,4.0,Semi-Furnished,3,2,6.0,0,4,Ready To Move,2.0,866100.0
PROP_11091,Silicon Hills,Luxury Villa,3484,3,4.0,Furnished,3,2,4.0,1,4,Ready To Move,4.0,2992500.0
PROP_11701,Silicon Hills,Apartment,1042,2,2.0,Semi-Furnished,1,12,7.0,3,6,Under Construction,3.0,533700.0
PROP_15943,Riverside District,Apartment,1122,2,2.0,Semi-Furnished,3,8,3.0,1,5,Ready To Move,3.0,628600.0
PROP_15678,Riverside District,Apartment,2038,3,3.0,Semi-Furnished,2,22,4.0,1,4,Ready To Move,4.0,961600.0
PROP_13640,Silicon Hills,Apartment,1504,2,1.0,Furnished,1,16,0.0,2,3,Ready To Move,2.0,964400.0
PROP_10933,Harbor Point,Independent House,2803,4,3.0,Unfurnished,1,1,2.0,1,5,Ready To Move,4.0,1788200.0
PROP_10614,Riverside District,Apartment,1676,2,2.0,Semi-Furnished,1,8,2.0,0,8,Under Construction,1.0,776200.0
PROP_13308,Sunset Park,Independent House,3542,5,4.0,Semi-Furnished,1,2,0.0,3,6,Under Construction,2.0,1568200.0
PROP_12116,Oakridge Valley,Apartment,1519,2,2.0,Furnished,1,14,0.0,1,6,Ready To Move,4.0,663500.0
PROP_11741,Silicon Hills,Apartment,1674,3,3.0,Semi-Furnished,2,10,3.0,1,3,Ready To Move,2.0,1111800.0
PROP_11173,Downtown Central,Luxury Villa,4948,5,6.0,Furnished,1,2,14.0,1,3,Ready To Move,3.0,3333100.0
PROP_14775,Harbor Point,Apartment,1061,1,1.0,Semi-Furnished,1,7,1.0,2,7,Ready To Move,4.0,599400.0
PROP_14293,Riverside District,Independent House,2707,4,4.0,Furnished,2,2,1.0,1,4,Ready To Move,1.0,1357900.0
PROP_11730,Harbor Point,Penthouse,5325,5,7.0,Unfurnished,3,26,9.0,2,7,Ready To Move,5.0,3863900.0
PROP_15921,Silicon Hills,Independent House,3080,5,6.0,Unfurnished,1,1,1.0,1,8,Ready To Move,2.0,1887000.0
PROP_15428,Silicon Hills,Luxury Villa,5292,5,5.0,Furnished,1,3,0.0,2,9,Ready To Move,2.0,4030100.0
PROP_10506,Harbor Point,Independent House,2654,3,4.0,Semi-Furnished,1,1,3.0,1,6,Ready To Move,5.0,1682600.0
PROP_13784,Downtown Central,Apartment,1114,2,1.0,Furnished,1,6,7.0,2,10,Ready To Move,5.0,685300.0
PROP_15029,Greenwood Heights,Luxury Villa,4731,4,5.0,Semi-Furnished,2,2,31.0,1,5,Under Construction,2.0,1946300.0
PROP_10273,Oakridge Valley,Independent House,3382,5,6.0,Semi-Furnished,2,2,13.0,1,4,Ready To Move,2.0,1361600.0
PROP_12489,Downtown Central,Studio Apartment,555,1,1.0,Semi-Furnished,0,12,0.0,2,5,Ready To Move,5.0,375600.0
PROP_14533,Midtown Corridor,Apartment,1167,2,3.0,Semi-Furnished,1,21,2.0,1,6,Ready To Move,5.0,644200.0
PROP_12145,Sunset Park,Independent House,2246,3,2.0,Semi-Furnished,0,1,2.0,1,1,Ready To Move,1.0,1013300.0
PROP_15982,Harbor Point,Independent House,2615,4,3.0,Furnished,0,1,8.0,0,6,Ready To Move,3.0,1543900.0
PROP_12230,Riverside District,Apartment,1202,2,1.0,Semi-Furnished,1,7,7.0,1,5,Ready To Move,1.0,561100.0
PROP_10702,Harbor Point,Apartment,1030,2,2.0,Furnished,2,15,5.0,1,5,Under Construction,5.0,605800.0
PROP_13857,Sunset Park,Independent House,2778,3,3.0,Semi-Furnished,2,2,4.0,2,6,Under Construction,2.0,1123500.0
PROP_13612,Lakeside Estates,Studio Apartment,448,1,1.0,Unfurnished,3,18,21.0,1,10,Ready To Move,4.0,314500.0
PROP_10107,Greenwood Heights,Studio Apartment,642,1,1.0,Semi-Furnished,2,1,1.0,2,5,Ready To Move,5.0,343200.0
PROP_15339,Harbor Point,Independent House,2189,3,3.0,Furnished,1,2,2.0,0,7,Ready To Move,5.0,1333000.0
PROP_15903,Midtown Corridor,Apartment,1350,2,2.0,Unfurnished,1,9,2.0,3,5,Under Construction,2.0,637300.0
PROP_13040,Greenwood Heights,Penthouse,3783,4,5.0,Semi-Furnished,1,34,4.0,1,3,Ready To Move,2.0,2040400.0
PROP_15016,Harbor Point,Independent House,2398,3,3.0,Furnished,0,3,0.0,1,5,Ready To Move,2.0,1498400.0
PROP_12088,Midtown Corridor,Apartment,1515,3,3.0,Semi-Furnished,1,2,16.0,1,5,Ready To Move,3.0,703700.0
PROP_11176,Downtown Central,Studio Apartment,682,1,1.0,Furnished,0,3,8.0,2,9,Ready To Move,3.0,416700.0
PROP_10953,Oakridge Valley,Apartment,850,2,2.0,Semi-Furnished,1,3,8.0,1,4,Ready To Move,3.0,342600.0
PROP_14675,Oakridge Valley,Studio Apartment,658,1,1.0,Furnished,2,13,1.0,3,7,Ready To Move,2.0,369900.0
PROP_13015,Greenwood Heights,Apartment,1123,2,2.0,Semi-Furnished,1,17,3.0,3,3,Under Construction,1.0,454100.0
PROP_13615,Downtown Central,Apartment,1801,2,2.0,Unfurnished,1,24,5.0,2,5,Ready To Move,2.0,965800.0
PROP_14658,Westend Terrace,Penthouse,4114,3,4.0,Semi-Furnished,1,20,3.0,1,5,Ready To Move,1.0,2623900.0
PROP_11025,Midtown Corridor,Apartment,1441,2,2.0,Semi-Furnished,0,5,9.0,2,8,Ready To Move,4.0,719100.0
PROP_11733,Sunset Park,Studio Apartment,574,1,1.0,Furnished,1,13,5.0,1,3,Ready To Move,3.0,284600.0
PROP_13194,Greenwood Heights,Apartment,1648,3,3.0,Semi-Furnished,2,5,21.0,1,3,Under Construction,4.0,581300.0
PROP_10417,Westend Terrace,Apartment,1951,4,5.0,Semi-Furnished,1,18,1.0,1,6,Ready To Move,1.0,1021800.0
PROP_12378,Oakridge Valley,Luxury Villa,4227,4,4.0,Unfurnished,2,3,5.0,1,5,Ready To Move,4.0,1765100.0
PROP_11394,Silicon Hills,Studio Apartment,527,1,1.0,Semi-Furnished,2,4,0.0,2,6,Ready To Move,1.0,394400.0
PROP_12911,Riverside District,Apartment,2126,4,4.0,Semi-Furnished,2,4,7.0,1,5,Ready To Move,4.0,993600.0
PROP_10565,Midtown Corridor,Independent House,2704,4,4.0,Unfurnished,2,1,6.0,2,7,Ready To Move,4.0,1599700.0
PROP_10479,Lakeside Estates,Studio Apartment,504,1,1.0,Semi-Furnished,2,1,17.0,3,5,Ready To Move,4.0,288500.0
PROP_13699,Sunset Park,Apartment,733,1,1.0,Unfurnished,1,22,3.0,3,8,Ready To Move,1.0,354100.0
PROP_10143,Sunset Park,Penthouse,4909,3,5.0,Furnished,1,27,3.0,3,8,Ready To Move,2.0,2742400.0
PROP_15398,Lakeside Estates,Luxury Villa,4310,4,5.0,Furnished,1,2,14.0,3,7,Ready To Move,2.0,2502200.0
PROP_14664,Midtown Corridor,Independent House,2197,3,2.0,Semi-Furnished,1,2,0.0,0,4,Ready To Move,4.0,1306400.0
PROP_11164,Greenwood Heights,Luxury Villa,5326,5,5.0,Unfurnished,2,3,0.0,2,7,Ready To Move,3.0,2929500.0
PROP_12331,Westend Terrace,Apartment,1674,3,3.0,Furnished,1,18,3.0,1,5,Under Construction,1.0,766500.0
PROP_10606,Sunset Park,Penthouse,4938,5,6.0,Semi-Furnished,2,33,7.0,1,8,Ready To Move,5.0,2784400.0
PROP_15879,Midtown Corridor,Apartment,1155,2,3.0,Semi-Furnished,2,4,32.0,1,4,Ready To Move,3.0,487900.0
PROP_12851,Greenwood Heights,Apartment,1523,2,2.0,Semi-Furnished,3,18,5.0,2,4,Ready To Move,5.0,708700.0
PROP_10498,Midtown Corridor,Independent House,2518,3,2.0,Unfurnished,1,1,10.0,2,2,Ready To Move,4.0,1268100.0
PROP_11372,Downtown Central,Independent House,2421,3,3.0,Unfurnished,1,2,0.0,3,1,Ready To Move,3.0,1398500.0
PROP_14049,Lakeside Estates,Apartment,1564,3,2.0,Furnished,3,8,16.0,2,8,Ready To Move,3.0,829700.0
PROP_13410,Sunset Park,Apartment,2097,4,4.0,Semi-Furnished,3,6,16.0,1,4,Ready To Move,3.0,864100.0
PROP_15413,Greenwood Heights,Apartment,1365,2,3.0,Semi-Furnished,2,4,2.0,0,4,Ready To Move,3.0,650500.0
PROP_10722,Oakridge Valley,Independent House,3019,4,5.0,Unfurnished,1,2,11.0,1,5,Ready To Move,3.0,1295100.0
PROP_11098,Downtown Central,Apartment,1249,2,2.0,Unfurnished,2,3,5.0,1,5,Ready To Move,4.0,721900.0
PROP_11026,Sunset Park,Apartment,1612,3,4.0,Semi-Furnished,0,16,5.0,0,3,Under Construction,1.0,604800.0
PROP_15326,Sunset Park,Penthouse,4606,4,5.0,Furnished,0,21,13.0,1,10,Ready To Move,1.0,2476400.0
PROP_14767,Sunset Park,Independent House,3002,3,4.0,Semi-Furnished,2,1,20.0,0,2,Ready To Move,3.0,1146700.0
PROP_15242,Lakeside Estates,Apartment,1370,2,2.0,Unfurnished,2,15,16.0,1,10,Ready To Move,5.0,672900.0
PROP_13248,Midtown Corridor,Apartment,1537,3,3.0,Semi-Furnished,1,5,11.0,2,5,Ready To Move,2.0,732000.0
PROP_13948,Silicon Hills,Apartment,1094,1,1.0,Furnished,1,24,19.0,2,3,Ready To Move,5.0,598900.0
PROP_14849,Oakridge Valley,Independent House,2575,4,4.0,Unfurnished,1,3,0.0,1,4,Ready To Move,4.0,1119000.0
PROP_14731,Westend Terrace,Apartment,1416,2,2.0,Semi-Furnished,1,14,3.0,2,5,Under Construction,5.0,628400.0
PROP_12654,Silicon Hills,Independent House,2314,3,4.0,Semi-Furnished,2,2,4.0,1,7,Ready To Move,2.0,1607700.0
PROP_13942,Greenwood Heights,Apartment,1533,3,3.0,Furnished,0,15,9.0,2,1,Under Construction,2.0,614400.0
PROP_12407,Silicon Hills,Apartment,941,2,1.0,Semi-Furnished,1,13,4.0,3,6,Ready To Move,1.0,607600.0
PROP_10337,Silicon Hills,Independent House,2578,3,3.0,Unfurnished,1,2,4.0,1,7,Ready To Move,5.0,1609300.0
PROP_15275,Harbor Point,Studio Apartment,485,1,1.0,Unfurnished,0,2,10.0,1,3,Ready To Move,2.0,274500.0
PROP_13150,Riverside District,Apartment,1225,2,3.0,Furnished,1,12,9.0,3,5,Ready To Move,3.0,633700.0
PROP_13998,Westend Terrace,Independent House,2647,4,4.0,Furnished,1,2,19.0,2,8,Ready To Move,2.0,1152400.0
PROP_15366,Lakeside Estates,Apartment,979,1,1.0,Semi-Furnished,2,7,7.0,1,4,Ready To Move,4.0,583500.0
PROP_12315,Westend Terrace,Independent House,2547,3,2.0,Furnished,2,3,26.0,1,2,Ready To Move,4.0,1029500.0
PROP_15120,Sunset Park,Apartment,1891,3,3.0,Furnished,1,10,2.0,0,5,Under Construction,2.0,700500.0
PROP_11375,Riverside District,Independent House,1991,3,4.0,Unfurnished,1,3,5.0,0,9,Under Construction,5.0,957400.0
PROP_11162,Silicon Hills,Studio Apartment,610,1,1.0,Semi-Furnished,3,18,15.0,2,2,Ready To Move,1.0,388700.0
PROP_12846,Downtown Central,Independent House,2274,4,4.0,Furnished,0,1,5.0,2,3,Ready To Move,3.0,1444300.0
PROP_10725,Downtown Central,Independent House,3245,4,4.0,Semi-Furnished,2,3,2.0,2,4,Ready To Move,1.0,1881100.0
PROP_10766,Sunset Park,Apartment,1916,3,3.0,Semi-Furnished,2,1,5.0,0,6,Ready To Move,4.0,847600.0
PROP_10287,Silicon Hills,Luxury Villa,4487,3,4.0,Unfurnished,1,4,2.0,2,4,Ready To Move,4.0,3701400.0
PROP_10308,Lakeside Estates,Apartment,1783,3,2.0,Unfurnished,1,1,20.0,1,8,Ready To Move,4.0,840100.0
PROP_12198,Lakeside Estates,Studio Apartment,633,1,1.0,Furnished,1,4,3.0,2,5,Under Construction,1.0,357400.0
PROP_14685,Silicon Hills,Penthouse,4902,3,5.0,Furnished,1,33,15.0,0,1,Under Construction,5.0,3226200.0
PROP_15456,Harbor Point,Apartment,1528,2,2.0,Semi-Furnished,3,17,24.0,1,4,Ready To Move,2.0,816000.0
PROP_15815,Downtown Central,Apartment,1402,3,3.0,Semi-Furnished,1,13,10.0,1,5,Ready To Move,2.0,762800.0
PROP_12253,Westend Terrace,Studio Apartment,598,1,1.0,Semi-Furnished,1,6,5.0,2,5,Ready To Move,2.0,309500.0
PROP_15102,Sunset Park,Apartment,1228,2,2.0,Unfurnished,0,20,8.0,1,3,Under Construction,3.0,433800.0
PROP_12841,Lakeside Estates,Independent House,2025,2,2.0,Semi-Furnished,2,2,5.0,0,2,Ready To Move,2.0,1213100.0
PROP_10072,Lakeside Estates,Apartment,1415,2,2.0,Semi-Furnished,1,21,1.0,2,9,Ready To Move,1.0,815300.0
PROP_11587,Oakridge Valley,Independent House,2663,4,4.0,Semi-Furnished,2,2,32.0,0,4,Ready To Move,3.0,911900.0
PROP_10712,Harbor Point,Studio Apartment,445,1,1.0,Semi-Furnished,0,8,0.0,1,4,Ready To Move,5.0,283000.0
PROP_13734,Sunset Park,Luxury Villa,4235,3,3.0,Semi-Furnished,0,2,33.0,1,4,Ready To Move,2.0,1688200.0
PROP_11021,Lakeside Estates,Penthouse,4644,4,5.0,Semi-Furnished,1,25,3.0,1,5,Ready To Move,3.0,3616900.0
PROP_11361,Downtown Central,Apartment,1283,1,1.0,Semi-Furnished,1,10,16.0,2,10,Ready To Move,3.0,710400.0
PROP_13694,Lakeside Estates,Studio Apartment,601,1,1.0,Furnished,1,13,7.0,0,7,Ready To Move,5.0,368400.0
PROP_12447,Riverside District,Independent House,2694,4,4.0,Furnished,1,2,3.0,1,4,Ready To Move,4.0,1575000.0
PROP_10738,Oakridge Valley,Penthouse,4250,3,4.0,Furnished,0,33,8.0,1,3,Under Construction,5.0,1851000.0
PROP_11562,Downtown Central,Independent House,2854,3,2.0,Furnished,1,3,5.0,1,7,Ready To Move,3.0,1788900.0
PROP_15027,Sunset Park,Independent House,3427,5,5.0,Semi-Furnished,3,1,8.0,2,4,Ready To Move,2.0,1404700.0
PROP_11633,Oakridge Valley,Penthouse,4166,5,6.0,Semi-Furnished,1,25,2.0,1,7,Ready To Move,1.0,2103700.0
PROP_15591,Oakridge Valley,Penthouse,4466,3,4.0,Semi-Furnished,2,30,13.0,2,5,Ready To Move,4.0,2396300.0
PROP_13983,Sunset Park,Apartment,1695,3,4.0,Unfurnished,1,5,0.0,1,3,Ready To Move,2.0,730900.0
PROP_13075,Riverside District,Independent House,2901,4,5.0,Furnished,2,3,4.0,0,8,Ready To Move,4.0,1547800.0
PROP_11096,Greenwood Heights,Apartment,1134,2,1.0,Semi-Furnished,1,8,0.0,2,4,Under Construction,4.0,501800.0
PROP_12246,Sunset Park,Apartment,1788,3,4.0,Furnished,1,4,0.0,1,7,Ready To Move,5.0,815700.0
PROP_15644,Greenwood Heights,Studio Apartment,567,1,1.0,Furnished,1,16,5.0,1,6,Ready To Move,4.0,321500.0
PROP_15341,Downtown Central,Apartment,1788,4,2.0,Unfurnished,3,21,22.0,1,4,Ready To Move,4.0,960900.0
PROP_13938,Sunset Park,Apartment,1326,2,1.0,Furnished,0,19,6.0,2,5,Ready To Move,1.0,573000.0
PROP_10979,Oakridge Valley,Penthouse,5046,4,5.0,Unfurnished,1,23,5.0,1,4,Ready To Move,4.0,2404400.0
PROP_12634,Riverside District,Apartment,2265,4,4.0,Furnished,1,13,1.0,2,10,Ready To Move,1.0,1213700.0
PROP_15197,Harbor Point,Penthouse,4874,4,6.0,Semi-Furnished,3,26,9.0,3,7,Ready To Move,2.0,3594400.0
PROP_12549,Silicon Hills,Luxury Villa,5648,5,6.0,Furnished,3,2,18.0,1,10,Under Construction,3.0,3900400.0
PROP_12164,Westend Terrace,Independent House,2915,4,3.0,Semi-Furnished,3,2,4.0,2,5,Under Construction,4.0,1415400.0
PROP_15300,Sunset Park,Apartment,1089,1,1.0,Furnished,3,4,1.0,3,8,Under Construction,1.0,556400.0
PROP_10345,Downtown Central,Apartment,1688,2,2.0,Furnished,2,17,11.0,3,1,Ready To Move,5.0,843100.0
PROP_12210,Oakridge Valley,Apartment,1492,3,2.0,Semi-Furnished,1,19,15.0,3,3,Ready To Move,4.0,588200.0
PROP_10912,Oakridge Valley,Studio Apartment,642,1,1.0,Unfurnished,1,15,0.0,1,8,Ready To Move,3.0,300800.0
PROP_14438,Sunset Park,Apartment,1137,1,1.0,Unfurnished,1,2,2.0,1,5,Ready To Move,4.0,505000.0
PROP_10048,Riverside District,Apartment,1946,3,3.0,Furnished,1,14,1.0,3,4,Ready To Move,4.0,996700.0
PROP_15828,Oakridge Valley,Independent House,2159,3,3.0,Semi-Furnished,0,3,27.0,2,3,Ready To Move,5.0,680200.0
PROP_15213,Greenwood Heights,Studio Apartment,536,1,1.0,Furnished,1,1,4.0,1,3,Under Construction,2.0,274700.0
PROP_10444,Riverside District,Studio Apartment,466,1,1.0,Furnished,3,16,9.0,1,7,Under Construction,1.0,308000.0
PROP_13706,Harbor Point,Luxury Villa,3735,3,3.0,Semi-Furnished,2,3,34.0,1,3,Under Construction,5.0,2046800.0
PROP_13801,Oakridge Valley,Apartment,1784,3,3.0,Furnished,1,15,5.0,1,2,Ready To Move,4.0,752600.0
PROP_12504,Lakeside Estates,Penthouse,5436,4,5.0,Unfurnished,1,24,0.0,1,5,Ready To Move,2.0,3837600.0
PROP_12982,Riverside District,Apartment,2167,4,4.0,Unfurnished,2,24,12.0,3,5,Ready To Move,5.0,1037200.0
PROP_11917,Riverside District,Apartment,1890,3,3.0,Unfurnished,2,6,25.0,1,7,Ready To Move,2.0,766900.0
PROP_15032,Harbor Point,Penthouse,4507,1,5.0,Semi-Furnished,3,19,21.0,0,5,Under Construction,3.0,3066700.0
PROP_11472,Midtown Corridor,Studio Apartment,499,1,1.0,Furnished,1,5,2.0,2,9,Ready To Move,2.0,325700.0
PROP_13120,Lakeside Estates,Apartment,688,1,1.0,Furnished,1,13,0.0,1,9,Ready To Move,2.0,482100.0
PROP_11056,Midtown Corridor,Luxury Villa,5137,5,5.0,Semi-Furnished,0,3,27.0,2,1,Ready To Move,1.0,2717100.0
PROP_10849,Oakridge Valley,Independent House,3115,5,5.0,Semi-Furnished,1,2,6.0,1,3,Under Construction,1.0,1347900.0
PROP_15870,Silicon Hills,Apartment,1077,1,1.0,Semi-Furnished,2,14,1.0,1,6,Ready To Move,2.0,729000.0
PROP_14579,Midtown Corridor,Penthouse,4684,4,6.0,Unfurnished,2,19,6.0,1,6,Under Construction,2.0,3132200.0
PROP_13064,Harbor Point,Independent House,2911,3,3.0,Semi-Furnished,0,1,7.0,2,7,Ready To Move,1.0,1785600.0
PROP_14809,Downtown Central,Apartment,1545,3,3.0,Semi-Furnished,1,3,20.0,1,8,Under Construction,5.0,701200.0
PROP_15627,Downtown Central,Apartment,1420,2,1.0,Furnished,1,22,5.0,1,8,Ready To Move,2.0,705900.0
PROP_14295,Greenwood Heights,Independent House,2330,4,4.0,Furnished,1,1,2.0,3,3,Ready To Move,2.0,1164900.0
PROP_14291,Harbor Point,Apartment,2037,3,3.0,Unfurnished,1,6,0.0,1,10,Under Construction,4.0,1118400.0
PROP_13304,Sunset Park,Apartment,1310,2,2.0,Furnished,2,13,2.0,0,7,Under Construction,5.0,599100.0
PROP_11832,Oakridge Valley,Apartment,1233,3,2.0,Semi-Furnished,1,15,12.0,2,4,Under Construction,3.0,509800.0
PROP_10777,Riverside District,Independent House,2970,3,3.0,Semi-Furnished,1,1,0.0,2,4,Ready To Move,2.0,1547800.0
PROP_15698,Lakeside Estates,Independent House,2273,3,2.0,Semi-Furnished,2,1,1.0,0,5,Under Construction,1.0,1250900.0
PROP_10184,Downtown Central,Penthouse,4208,5,6.0,Semi-Furnished,0,33,0.0,1,6,Ready To Move,3.0,3358800.0
PROP_15229,Lakeside Estates,Independent House,2022,3,2.0,Semi-Furnished,0,2,15.0,1,9,Ready To Move,1.0,1088300.0
PROP_14113,Westend Terrace,Penthouse,5066,5,6.0,Unfurnished,3,20,3.0,3,10,Under Construction,3.0,2829800.0
PROP_13362,Harbor Point,Apartment,1545,3,2.0,Unfurnished,2,11,20.0,2,5,Ready To Move,5.0,772800.0
PROP_12174,Lakeside Estates,Apartment,907,2,2.0,Unfurnished,2,11,9.0,1,10,Ready To Move,4.0,541300.0
PROP_10735,Midtown Corridor,Apartment,2086,4,4.0,Semi-Furnished,0,13,5.0,2,6,Ready To Move,4.0,1148800.0
PROP_12084,Riverside District,Independent House,3272,4,4.0,Unfurnished,1,1,11.0,1,5,Ready To Move,2.0,1468700.0
PROP_13521,Greenwood Heights,Apartment,1733,3,3.0,Semi-Furnished,2,12,8.0,0,4,Ready To Move,1.0,730800.0
PROP_13817,Downtown Central,Studio Apartment,546,1,1.0,Semi-Furnished,1,6,3.0,2,2,Ready To Move,2.0,306500.0
PROP_12054,Lakeside Estates,Luxury Villa,3880,3,4.0,Semi-Furnished,0,2,6.0,2,5,Ready To Move,5.0,2470600.0
PROP_10486,Greenwood Heights,Luxury Villa,4910,4,4.0,Furnished,1,2,27.0,1,5,Ready To Move,1.0,2110000.0
PROP_11177,Sunset Park,Apartment,1498,2,3.0,Unfurnished,1,16,5.0,1,6,Ready To Move,1.0,596000.0
PROP_10453,Downtown Central,Independent House,2787,4,4.0,Furnished,1,1,17.0,2,6,Ready To Move,4.0,1418200.0
PROP_13709,Lakeside Estates,Studio Apartment,650,1,1.0,Furnished,1,5,2.0,2,6,Ready To Move,5.0,381400.0
PROP_14611,Westend Terrace,Apartment,1763,3,4.0,Semi-Furnished,1,7,4.0,2,1,Ready To Move,1.0,804400.0
PROP_10031,Sunset Park,Luxury Villa,4490,5,6.0,Semi-Furnished,2,4,2.0,1,2,Ready To Move,1.0,2127100.0
PROP_10790,Silicon Hills,Independent House,2592,3,2.0,Semi-Furnished,3,2,3.0,1,5,Ready To Move,1.0,1707000.0
PROP_13177,Lakeside Estates,Studio Apartment,544,1,1.0,Semi-Furnished,1,16,5.0,3,6,Ready To Move,3.0,350700.0
PROP_15827,Downtown Central,Penthouse,4467,3,4.0,Unfurnished,0,21,7.0,2,5,Ready To Move,5.0,3091000.0
PROP_11110,Silicon Hills,Apartment,1833,4,5.0,Semi-Furnished,2,8,1.0,2,9,Under Construction,2.0,1207000.0
PROP_10101,Silicon Hills,Apartment,1394,2,2.0,Semi-Furnished,1,8,5.0,1,6,Under Construction,1.0,851100.0
PROP_13995,Silicon Hills,Apartment,933,1,1.0,Semi-Furnished,1,2,16.0,2,5,Under Construction,3.0,487100.0
PROP_15435,Midtown Corridor,Luxury Villa,4226,5,6.0,Furnished,1,2,2.0,2,4,Ready To Move,2.0,2835000.0
PROP_13188,Sunset Park,Independent House,2187,4,5.0,Semi-Furnished,2,1,8.0,1,2,Ready To Move,1.0,1035500.0
PROP_15889,Sunset Park,Luxury Villa,5395,4,5.0,Unfurnished,3,4,1.0,1,5,Ready To Move,1.0,2735200.0
PROP_14175,Oakridge Valley,Apartment,853,1,1.0,Semi-Furnished,2,7,2.0,2,3,Ready To Move,3.0,390900.0
PROP_14511,Downtown Central,Apartment,1747,3,2.0,Unfurnished,1,16,5.0,1,8,Ready To Move,4.0,874400.0
PROP_14261,Midtown Corridor,Studio Apartment,641,1,1.0,Unfurnished,3,6,13.0,1,4,Ready To Move,5.0,325800.0
PROP_12645,Downtown Central,Apartment,1351,1,1.0,Semi-Furnished,0,14,1.0,2,6,Ready To Move,2.0,750300.0
PROP_10862,Oakridge Valley,Apartment,1532,3,4.0,Semi-Furnished,1,15,5.0,2,3,Ready To Move,1.0,618300.0
PROP_11521,Midtown Corridor,Independent House,3226,4,3.0,Furnished,1,2,5.0,0,5,Ready To Move,3.0,1799700.0
PROP_10904,Silicon Hills,Apartment,1737,3,2.0,Semi-Furnished,2,14,3.0,2,1,Ready To Move,4.0,1092500.0
PROP_12058,Sunset Park,Apartment,1477,2,3.0,Unfurnished,1,1,3.0,1,7,Ready To Move,5.0,608700.0
PROP_10110,Greenwood Heights,Independent House,1901,2,3.0,Furnished,2,1,25.0,2,3,Under Construction,1.0,813200.0
PROP_13771,Downtown Central,Apartment,1731,3,2.0,Semi-Furnished,1,22,0.0,1,2,Ready To Move,5.0,971900.0
PROP_11355,Westend Terrace,Apartment,1220,2,1.0,Semi-Furnished,2,10,13.0,3,5,Ready To Move,2.0,547300.0
PROP_15051,Midtown Corridor,Independent House,2386,3,3.0,Furnished,2,1,6.0,1,5,Ready To Move,2.0,1326800.0
PROP_12788,Greenwood Heights,Luxury Villa,3870,3,4.0,Semi-Furnished,2,3,6.0,2,5,Ready To Move,3.0,2104300.0
PROP_14384,Silicon Hills,Independent House,1990,2,3.0,Furnished,1,1,1.0,1,3,Ready To Move,3.0,1446600.0
PROP_13039,Silicon Hills,Apartment,1365,2,1.0,Semi-Furnished,2,5,0.0,2,3,Ready To Move,3.0,908300.0
PROP_13548,Downtown Central,Apartment,724,1,1.0,Semi-Furnished,3,11,13.0,2,5,Ready To Move,3.0,433000.0
PROP_15886,Lakeside Estates,Apartment,1840,3,3.0,Unfurnished,1,9,5.0,2,3,Ready To Move,3.0,951400.0
PROP_12095,Sunset Park,Independent House,1899,2,3.0,Furnished,1,2,2.0,1,5,Ready To Move,1.0,933100.0
PROP_12403,Westend Terrace,Independent House,3156,4,5.0,Furnished,1,1,12.0,2,5,Under Construction,1.0,1277300.0
PROP_12955,Riverside District,Apartment,1310,3,2.0,Semi-Furnished,3,21,8.0,1,3,Under Construction,2.0,615600.0
PROP_11963,Lakeside Estates,Apartment,1694,3,3.0,Furnished,1,18,13.0,1,7,Ready To Move,4.0,927900.0
PROP_14328,Oakridge Valley,Independent House,2605,3,3.0,Furnished,1,1,3.0,1,6,Ready To Move,4.0,1151800.0
PROP_13196,Oakridge Valley,Apartment,1251,2,2.0,Semi-Furnished,2,15,6.0,2,5,Ready To Move,3.0,536300.0
PROP_15660,Lakeside Estates,Independent House,1994,3,4.0,Semi-Furnished,1,2,3.0,2,8,Ready To Move,5.0,1251000.0
PROP_13911,Harbor Point,Luxury Villa,5726,6,7.0,Furnished,1,4,0.0,1,5,Ready To Move,4.0,4088100.0
PROP_11095,Harbor Point,Independent House,2178,3,3.0,Furnished,2,3,5.0,1,4,Ready To Move,4.0,1223800.0
PROP_11122,Lakeside Estates,Studio Apartment,543,1,1.0,Furnished,1,16,0.0,1,6,Ready To Move,2.0,350900.0
PROP_11746,Oakridge Valley,Apartment,1141,2,1.0,Semi-Furnished,2,13,7.0,0,4,Ready To Move,5.0,450900.0
PROP_12928,Lakeside Estates,Apartment,1625,3,3.0,Semi-Furnished,2,1,2.0,1,5,Under Construction,3.0,858900.0
PROP_10810,Westend Terrace,Independent House,3076,4,3.0,Furnished,1,1,15.0,2,4,Ready To Move,3.0,1419200.0
PROP_15985,Sunset Park,Luxury Villa,4648,5,6.0,Semi-Furnished,1,2,8.0,1,4,Ready To Move,4.0,2352800.0
PROP_12472,Sunset Park,Studio Apartment,643,1,1.0,Semi-Furnished,2,13,20.0,1,7,Ready To Move,5.0,298700.0
PROP_15933,Midtown Corridor,Luxury Villa,4240,4,5.0,Furnished,1,3,3.0,2,9,Ready To Move,5.0,2677200.0
PROP_14221,Westend Terrace,Apartment,1070,1,2.0,Furnished,1,2,4.0,2,3,Ready To Move,2.0,514400.0
PROP_15342,Downtown Central,Independent House,2015,2,2.0,Unfurnished,1,1,6.0,1,6,Ready To Move,3.0,1185200.0
PROP_14609,Downtown Central,Apartment,2063,4,3.0,Semi-Furnished,3,20,7.0,2,6,Ready To Move,4.0,1183900.0
PROP_15675,Sunset Park,Luxury Villa,5019,4,5.0,Semi-Furnished,1,4,17.0,1,6,Ready To Move,5.0,2160300.0
PROP_11486,Silicon Hills,Independent House,2673,4,4.0,Unfurnished,0,2,1.0,2,7,Ready To Move,5.0,1802800.0
PROP_12285,Riverside District,Independent House,2878,4,4.0,Unfurnished,1,2,1.0,1,8,Ready To Move,3.0,1533100.0
PROP_11631,Midtown Corridor,Luxury Villa,5539,5,5.0,Semi-Furnished,0,2,6.0,1,7,Ready To Move,5.0,3304700.0
PROP_14265,Westend Terrace,Independent House,1949,2,2.0,Furnished,1,3,3.0,2,4,Ready To Move,1.0,965300.0
PROP_12866,Lakeside Estates,Apartment,1422,2,3.0,Furnished,2,6,19.0,1,9,Ready To Move,1.0,768100.0
PROP_15337,Midtown Corridor,Apartment,1728,3,3.0,Furnished,1,6,1.0,2,8,Ready To Move,3.0,880100.0
PROP_12260,Oakridge Valley,Studio Apartment,560,1,1.0,Furnished,2,6,12.0,1,6,Ready To Move,4.0,308800.0
PROP_11700,Lakeside Estates,Luxury Villa,5863,5,6.0,Furnished,3,3,2.0,2,9,Ready To Move,1.0,3562500.0
PROP_11205,Lakeside Estates,Apartment,1473,2,1.0,Semi-Furnished,1,9,24.0,1,9,Ready To Move,4.0,688300.0
PROP_15650,Westend Terrace,Studio Apartment,522,1,1.0,Semi-Furnished,1,11,6.0,0,4,Ready To Move,2.0,265100.0
PROP_11778,Riverside District,Apartment,1211,2,2.0,Furnished,0,5,24.0,2,7,Ready To Move,5.0,586800.0
PROP_15975,Oakridge Valley,Apartment,937,2,1.0,Semi-Furnished,2,9,17.0,2,6,Under Construction,1.0,369800.0
PROP_11655,Westend Terrace,Studio Apartment,660,1,1.0,Furnished,0,18,4.0,1,7,Under Construction,5.0,336600.0
PROP_14764,Oakridge Valley,Independent House,1483,2,1.0,Unfurnished,2,2,6.0,0,5,Under Construction,3.0,588500.0
PROP_15992,Downtown Central,Apartment,1360,3,3.0,Semi-Furnished,2,3,2.0,2,3,Ready To Move,1.0,794100.0
PROP_13155,Sunset Park,Penthouse,4392,3,5.0,Furnished,2,18,6.0,1,4,Ready To Move,2.0,2652100.0
PROP_10830,Lakeside Estates,Apartment,1150,2,2.0,Semi-Furnished,1,1,1.0,2,6,Ready To Move,2.0,627700.0
PROP_11787,Downtown Central,Independent House,3021,5,5.0,Unfurnished,2,2,1.0,1,4,Ready To Move,5.0,2001400.0
PROP_12459,Westend Terrace,Luxury Villa,4017,4,4.0,Semi-Furnished,0,3,6.0,1,3,Ready To Move,5.0,2315800.0
PROP_10439,Riverside District,Apartment,1125,2,2.0,Semi-Furnished,1,5,10.0,0,4,Under Construction,2.0,501000.0
PROP_10628,Greenwood Heights,Apartment,1358,2,2.0,Furnished,1,9,1.0,1,10,Under Construction,3.0,627600.0
PROP_11371,Sunset Park,Apartment,1479,2,2.0,Unfurnished,1,13,3.0,1,5,Ready To Move,4.0,590000.0
PROP_14477,Westend Terrace,Apartment,1376,3,3.0,Semi-Furnished,2,7,9.0,2,6,Ready To Move,2.0,662800.0
PROP_10926,Sunset Park,Independent House,3415,4,4.0,Unfurnished,1,2,4.0,2,8,Ready To Move,3.0,1524600.0
PROP_13689,Riverside District,Apartment,1063,1,1.0,Unfurnished,0,15,5.0,2,2,Under Construction,1.0,442300.0
PROP_15429,Harbor Point,Apartment,1535,2,2.0,Furnished,1,4,5.0,1,7,Ready To Move,3.0,848300.0
PROP_13430,Sunset Park,Independent House,2824,4,3.0,Semi-Furnished,2,2,7.0,1,5,Ready To Move,4.0,1318100.0
PROP_13024,Downtown Central,Luxury Villa,4510,4,5.0,Furnished,1,4,4.0,1,5,Ready To Move,5.0,3197400.0
PROP_13586,Riverside District,Independent House,2308,3,3.0,Semi-Furnished,1,2,5.0,1,3,Under Construction,5.0,1042300.0
PROP_11174,Silicon Hills,Penthouse,4594,4,5.0,Semi-Furnished,0,32,12.0,2,4,Ready To Move,2.0,3914400.0
PROP_14913,Lakeside Estates,Apartment,1186,2,3.0,Furnished,1,13,10.0,2,6,Ready To Move,2.0,655200.0
PROP_12319,Silicon Hills,Independent House,2766,4,4.0,Semi-Furnished,0,1,3.0,1,6,Under Construction,5.0,1755500.0
PROP_10945,Greenwood Heights,Apartment,1022,2,1.0,Furnished,1,19,16.0,2,9,Ready To Move,1.0,460400.0
PROP_15073,Riverside District,Apartment,1486,3,2.0,Furnished,2,11,10.0,1,5,Ready To Move,5.0,683600.0
PROP_15657,Silicon Hills,Apartment,1066,2,3.0,Unfurnished,1,23,18.0,2,5,Ready To Move,1.0,620900.0
PROP_10013,Oakridge Valley,Apartment,1467,2,3.0,Semi-Furnished,1,14,0.0,2,5,Ready To Move,3.0,592400.0
PROP_11118,Midtown Corridor,Independent House,1964,3,2.0,Unfurnished,3,2,5.0,1,5,Ready To Move,2.0,1044400.0
PROP_14380,Silicon Hills,Apartment,1109,2,2.0,Furnished,1,7,9.0,3,6,Ready To Move,4.0,673600.0
PROP_12577,Lakeside Estates,Independent House,2270,3,3.0,Furnished,2,2,10.0,2,8,Ready To Move,1.0,1473900.0
PROP_15345,Riverside District,Independent House,2222,3,3.0,Semi-Furnished,2,1,14.0,1,3,Ready To Move,2.0,1157900.0
PROP_10643,Downtown Central,Apartment,754,1,2.0,Unfurnished,1,23,15.0,1,8,Ready To Move,5.0,406500.0
PROP_11894,Westend Terrace,Luxury Villa,4742,4,4.0,Unfurnished,0,2,0.0,1,10,Ready To Move,3.0,3011100.0
PROP_12808,Sunset Park,Independent House,3019,4,5.0,Semi-Furnished,1,2,6.0,2,4,Ready To Move,5.0,1292600.0
PROP_11478,Westend Terrace,Apartment,1636,4,5.0,Unfurnished,2,19,18.0,2,10,Under Construction,2.0,706600.0
PROP_13707,Lakeside Estates,Apartment,1049,3,3.0,Furnished,3,21,3.0,0,5,Ready To Move,1.0,619000.0
PROP_12104,Harbor Point,Independent House,3084,4,5.0,Furnished,2,2,3.0,1,4,Ready To Move,1.0,1835500.0
PROP_12474,Downtown Central,Apartment,1844,3,3.0,Unfurnished,1,4,0.0,1,5,Ready To Move,4.0,1007600.0
PROP_15508,Riverside District,Apartment,1674,2,2.0,Semi-Furnished,0,7,3.0,1,1,Ready To Move,1.0,739800.0
PROP_13419,Oakridge Valley,Apartment,1177,2,1.0,Semi-Furnished,2,11,16.0,1,6,Ready To Move,4.0,458800.0
PROP_12601,Harbor Point,Apartment,764,1,1.0,Furnished,1,20,5.0,1,2,Under Construction,1.0,424400.0
PROP_12105,Greenwood Heights,Apartment,1836,3,2.0,Furnished,1,13,12.0,1,2,Ready To Move,4.0,812700.0
PROP_13440,Riverside District,Apartment,1644,3,3.0,Semi-Furnished,2,14,5.0,3,8,Ready To Move,3.0,840800.0
PROP_10654,Greenwood Heights,Apartment,1295,3,4.0,Semi-Furnished,3,16,7.0,1,4,Ready To Move,2.0,651000.0
PROP_10430,Silicon Hills,Independent House,2619,4,3.0,Furnished,2,2,2.0,2,5,Under Construction,4.0,1585700.0
PROP_11560,Oakridge Valley,Independent House,2521,3,3.0,Semi-Furnished,1,2,12.0,1,8,Ready To Move,4.0,1113600.0
PROP_12998,Downtown Central,Apartment,1583,3,2.0,Furnished,2,1,2.0,0,5,Ready To Move,3.0,883100.0
PROP_12536,Harbor Point,Apartment,1118,2,2.0,Semi-Furnished,1,8,3.0,1,7,Ready To Move,4.0,685600.0
PROP_15568,Harbor Point,Apartment,1457,3,3.0,Unfurnished,0,18,9.0,2,5,Under Construction,4.0,708600.0
PROP_13444,Downtown Central,Apartment,882,2,1.0,Semi-Furnished,1,18,2.0,1,6,Ready To Move,1.0,551800.0
PROP_11536,Riverside District,Luxury Villa,5653,6,7.0,Furnished,0,2,14.0,1,4,Ready To Move,1.0,3201100.0
PROP_10839,Riverside District,Apartment,1398,2,2.0,Semi-Furnished,1,1,4.0,1,8,Ready To Move,3.0,738300.0
PROP_11088,Downtown Central,Studio Apartment,473,1,1.0,Furnished,0,7,23.0,1,4,Ready To Move,3.0,253400.0
PROP_13807,Midtown Corridor,Independent House,1976,2,1.0,Semi-Furnished,1,1,3.0,1,2,Ready To Move,5.0,1171100.0
PROP_12772,Riverside District,Independent House,3007,4,3.0,Furnished,3,2,1.0,2,5,Ready To Move,3.0,1526800.0
PROP_11658,Midtown Corridor,Apartment,1674,3,4.0,Furnished,1,22,9.0,2,5,Ready To Move,2.0,918600.0
PROP_11346,Silicon Hills,Apartment,1359,2,1.0,Semi-Furnished,1,6,7.0,1,7,Under Construction,1.0,740800.0
PROP_14169,Greenwood Heights,Independent House,2229,2,1.0,Semi-Furnished,3,2,3.0,3,3,Ready To Move,2.0,898500.0
PROP_10857,Oakridge Valley,Independent House,2493,3,2.0,Unfurnished,2,2,15.0,2,3,Ready To Move,4.0,986300.0
PROP_11895,Sunset Park,Independent House,2467,4,3.0,Semi-Furnished,3,1,3.0,1,10,Ready To Move,1.0,1082600.0
PROP_12352,Oakridge Valley,Apartment,1582,3,3.0,Furnished,2,18,11.0,1,10,Ready To Move,4.0,664100.0
PROP_11663,Midtown Corridor,Studio Apartment,534,1,1.0,Furnished,1,16,5.0,0,7,Under Construction,1.0,332400.0
PROP_14174,Sunset Park,Apartment,1545,2,2.0,Furnished,1,18,7.0,0,8,Ready To Move,1.0,655100.0
PROP_13981,Westend Terrace,Apartment,1205,2,2.0,Unfurnished,1,10,12.0,0,7,Ready To Move,1.0,533800.0
PROP_11967,Greenwood Heights,Studio Apartment,683,1,1.0,Semi-Furnished,1,8,10.0,2,7,Ready To Move,5.0,336500.0
PROP_10694,Sunset Park,Apartment,1140,2,2.0,Unfurnished,1,2,3.0,1,3,Ready To Move,2.0,464200.0
PROP_12663,Riverside District,Studio Apartment,547,1,1.0,Furnished,0,16,11.0,1,7,Ready To Move,2.0,311200.0
PROP_12686,Lakeside Estates,Independent House,2991,5,5.0,Furnished,1,2,2.0,1,7,Ready To Move,4.0,1884700.0
PROP_10189,Harbor Point,Luxury Villa,4548,4,5.0,Unfurnished,1,2,7.0,2,3,Ready To Move,4.0,3129600.0
PROP_10288,Lakeside Estates,Apartment,1253,2,2.0,Furnished,1,5,0.0,2,4,Ready To Move,2.0,723500.0
PROP_14255,Harbor Point,Independent House,2235,3,2.0,Unfurnished,1,2,1.0,1,7,Ready To Move,2.0,1368000.0
PROP_13405,Harbor Point,Independent House,2489,3,3.0,Semi-Furnished,1,2,1.0,2,6,Ready To Move,4.0,1588500.0
PROP_12760,Midtown Corridor,Luxury Villa,5355,5,6.0,Semi-Furnished,2,2,13.0,1,8,Ready To Move,2.0,3087000.0
PROP_15031,Harbor Point,Apartment,1408,2,2.0,Furnished,2,7,2.0,2,6,Ready To Move,5.0,904700.0
PROP_14333,Greenwood Heights,Independent House,2547,4,5.0,Furnished,1,3,2.0,2,7,Ready To Move,5.0,1382400.0
PROP_15500,Sunset Park,Penthouse,4043,3,4.0,Unfurnished,2,32,2.0,1,6,Under Construction,1.0,2031200.0
PROP_12593,Westend Terrace,Luxury Villa,3846,3,4.0,Unfurnished,1,3,3.0,2,6,Under Construction,2.0,2194700.0
PROP_12136,Downtown Central,Independent House,2950,4,3.0,Semi-Furnished,0,3,1.0,0,5,Ready To Move,4.0,1746200.0
PROP_13363,Harbor Point,Apartment,1502,2,2.0,Semi-Furnished,1,8,3.0,2,4,Ready To Move,3.0,888400.0
PROP_14211,Lakeside Estates,Apartment,1124,2,2.0,Unfurnished,2,8,17.0,2,8,Ready To Move,5.0,625500.0
PROP_10211,Greenwood Heights,Apartment,1580,3,3.0,Furnished,2,13,1.0,1,5,Ready To Move,1.0,804000.0
PROP_14574,Midtown Corridor,Penthouse,4676,4,5.0,Unfurnished,0,29,7.0,1,5,Under Construction,3.0,2840100.0
PROP_14615,Downtown Central,Independent House,2640,4,4.0,Furnished,1,2,14.0,2,7,Ready To Move,2.0,1602700.0
PROP_11336,Sunset Park,Apartment,1585,2,1.0,Semi-Furnished,1,14,12.0,1,4,Ready To Move,2.0,560800.0
PROP_10074,Lakeside Estates,Apartment,926,1,1.0,Furnished,1,7,1.0,1,8,Ready To Move,3.0,579100.0
PROP_13361,Sunset Park,Studio Apartment,508,1,1.0,Furnished,0,3,0.0,1,5,Ready To Move,5.0,289700.0
PROP_13481,Riverside District,Apartment,1543,2,1.0,Furnished,1,18,4.0,2,5,Ready To Move,2.0,783100.0
PROP_12619,Westend Terrace,Apartment,1598,2,2.0,Unfurnished,2,4,0.0,2,5,Ready To Move,2.0,763800.0
PROP_15567,Midtown Corridor,Luxury Villa,4646,5,5.0,Unfurnished,2,3,12.0,3,3,Ready To Move,1.0,2628900.0
PROP_13802,Midtown Corridor,Luxury Villa,4619,4,4.0,Semi-Furnished,3,3,6.0,2,8,Ready To Move,4.0,3055600.0
PROP_11510,Westend Terrace,Luxury Villa,5737,6,7.0,Unfurnished,1,2,5.0,1,2,Ready To Move,2.0,3238700.0
PROP_15665,Westend Terrace,Apartment,974,1,1.0,Semi-Furnished,2,7,6.0,2,6,Ready To Move,2.0,472700.0
PROP_15615,Silicon Hills,Studio Apartment,417,1,1.0,Semi-Furnished,1,5,1.0,1,4,Ready To Move,3.0,310600.0
PROP_12178,Downtown Central,Penthouse,5487,5,7.0,Semi-Furnished,1,30,1.0,1,7,Under Construction,4.0,3970500.0
PROP_11232,Downtown Central,Apartment,1299,2,1.0,Furnished,1,23,1.0,3,4,Ready To Move,2.0,791700.0
PROP_15109,Harbor Point,Apartment,1272,2,1.0,Semi-Furnished,1,14,5.0,2,7,Ready To Move,5.0,663400.0
PROP_15301,Midtown Corridor,Studio Apartment,438,1,1.0,Semi-Furnished,0,15,6.0,1,4,Ready To Move,4.0,247300.0
PROP_15891,Oakridge Valley,Luxury Villa,5409,5,6.0,Unfurnished,0,3,35.0,2,5,Ready To Move,2.0,2054600.0
PROP_13589,Greenwood Heights,Independent House,2960,5,4.0,Semi-Furnished,1,3,11.0,2,6,Ready To Move,2.0,1137300.0
PROP_10114,Greenwood Heights,Apartment,1111,2,2.0,Unfurnished,2,17,10.0,1,5,Ready To Move,5.0,486300.0
PROP_15103,Westend Terrace,Apartment,679,1,1.0,Furnished,2,16,7.0,2,4,Ready To Move,4.0,378400.0
PROP_14488,Westend Terrace,Penthouse,5397,5,7.0,Semi-Furnished,1,28,15.0,2,4,Ready To Move,1.0,2946100.0
PROP_11898,Lakeside Estates,Apartment,1694,3,2.0,Semi-Furnished,1,23,1.0,2,10,Under Construction,4.0,908000.0
PROP_14273,Harbor Point,Apartment,1630,3,3.0,Furnished,0,14,17.0,1,3,Under Construction,3.0,893300.0
PROP_11329,Midtown Corridor,Apartment,2040,4,4.0,Furnished,0,2,11.0,2,4,Ready To Move,3.0,982500.0
PROP_12969,Silicon Hills,Apartment,1333,3,3.0,Furnished,0,12,5.0,2,6,Ready To Move,2.0,858200.0
PROP_11861,Sunset Park,Independent House,2464,3,2.0,Semi-Furnished,0,2,22.0,2,6,Ready To Move,4.0,924400.0
PROP_11887,Greenwood Heights,Apartment,1671,3,3.0,Unfurnished,0,21,2.0,1,5,Ready To Move,4.0,786500.0
PROP_12756,Riverside District,Apartment,888,1,1.0,Furnished,0,2,8.0,2,3,Ready To Move,2.0,455200.0
PROP_14142,Sunset Park,Apartment,1524,3,3.0,Furnished,0,18,0.0,1,5,Under Construction,2.0,661700.0
PROP_14354,Sunset Park,Independent House,2443,4,4.0,Semi-Furnished,1,2,8.0,1,6,Ready To Move,5.0,1073600.0
PROP_12451,Silicon Hills,Penthouse,4236,3,4.0,Furnished,0,27,26.0,1,4,Ready To Move,5.0,2693800.0
PROP_12922,Oakridge Valley,Studio Apartment,538,1,1.0,Semi-Furnished,2,9,5.0,2,4,Ready To Move,4.0,271600.0
PROP_10253,Harbor Point,Apartment,1223,2,1.0,Semi-Furnished,2,17,10.0,1,4,Ready To Move,1.0,689800.0
PROP_10351,Midtown Corridor,Apartment,1373,2,2.0,Semi-Furnished,2,6,5.0,1,9,Ready To Move,3.0,805000.0
PROP_15811,Midtown Corridor,Independent House,2193,3,3.0,Semi-Furnished,1,3,21.0,2,4,Ready To Move,2.0,1145600.0
PROP_13129,Silicon Hills,Luxury Villa,5003,4,5.0,Semi-Furnished,2,2,0.0,1,10,Ready To Move,1.0,3529800.0
PROP_10458,Greenwood Heights,Independent House,2887,4,4.0,Semi-Furnished,1,3,1.0,1,6,Under Construction,2.0,1266200.0
PROP_13212,Sunset Park,Apartment,1807,3,2.0,Unfurnished,2,23,40.0,2,7,Ready To Move,3.0,604100.0
PROP_10480,Sunset Park,Apartment,1497,3,2.0,Semi-Furnished,1,12,7.0,2,4,Ready To Move,1.0,651700.0
PROP_11115,Midtown Corridor,Independent House,2450,3,2.0,Semi-Furnished,1,2,14.0,1,7,Ready To Move,4.0,1275800.0
PROP_10799,Midtown Corridor,Independent House,2586,3,3.0,Semi-Furnished,2,1,8.0,1,3,Ready To Move,1.0,1383100.0
PROP_14236,Downtown Central,Luxury Villa,6048,6,7.0,Semi-Furnished,2,2,0.0,0,3,Under Construction,1.0,4425700.0
PROP_13429,Lakeside Estates,Independent House,2585,3,2.0,Unfurnished,1,2,5.0,3,9,Ready To Move,3.0,1402400.0
PROP_12895,Oakridge Valley,Studio Apartment,477,1,1.0,Semi-Furnished,0,2,3.0,1,3,Under Construction,2.0,222400.0
PROP_10027,Westend Terrace,Independent House,2079,3,3.0,Furnished,0,1,21.0,1,4,Under Construction,4.0,810000.0
PROP_13096,Westend Terrace,Penthouse,3943,3,4.0,Furnished,2,32,21.0,2,6,Ready To Move,5.0,2166200.0
PROP_11363,Oakridge Valley,Apartment,857,2,2.0,Furnished,2,16,2.0,2,8,Ready To Move,3.0,461400.0
PROP_13396,Oakridge Valley,Apartment,1217,2,2.0,Semi-Furnished,1,23,8.0,2,6,Ready To Move,3.0,514200.0
PROP_13671,Lakeside Estates,Apartment,1402,2,2.0,Semi-Furnished,1,13,25.0,2,5,Ready To Move,3.0,629300.0
PROP_11288,Lakeside Estates,Apartment,1925,3,3.0,Semi-Furnished,2,23,18.0,0,5,Ready To Move,4.0,953500.0
PROP_11282,Oakridge Valley,Studio Apartment,603,1,1.0,Semi-Furnished,2,18,0.0,1,1,Ready To Move,1.0,273300.0
PROP_12586,Midtown Corridor,Apartment,1635,3,2.0,Semi-Furnished,2,6,24.0,2,2,Ready To Move,4.0,725300.0
PROP_12639,Downtown Central,Apartment,1510,3,4.0,Semi-Furnished,1,13,20.0,2,4,Ready To Move,5.0,734700.0
PROP_12078,Silicon Hills,Apartment,941,1,1.0,Unfurnished,1,15,1.0,1,8,Under Construction,2.0,523900.0
PROP_13922,Greenwood Heights,Luxury Villa,4050,5,5.0,Semi-Furnished,1,3,28.0,1,6,Ready To Move,2.0,1850400.0
PROP_15916,Westend Terrace,Apartment,1403,3,3.0,Semi-Furnished,3,19,16.0,1,4,Ready To Move,1.0,646400.0
PROP_15171,Greenwood Heights,Apartment,1559,3,2.0,Furnished,2,5,6.0,1,4,Ready To Move,2.0,783600.0
PROP_14734,Sunset Park,Penthouse,4554,4,6.0,Semi-Furnished,1,23,9.0,0,8,Ready To Move,5.0,2516300.0
PROP_13275,Lakeside Estates,Penthouse,4945,5,6.0,Semi-Furnished,1,29,3.0,2,6,Ready To Move,3.0,3710900.0
PROP_13140,Westend Terrace,Independent House,2931,4,3.0,Semi-Furnished,0,1,0.0,1,8,Ready To Move,3.0,1473000.0
PROP_14394,Westend Terrace,Luxury Villa,4023,4,5.0,Furnished,1,3,10.0,0,1,Under Construction,5.0,1966600.0
PROP_14952,Westend Terrace,Apartment,1373,2,2.0,Furnished,1,4,5.0,2,5,Ready To Move,3.0,651600.0
PROP_10608,Oakridge Valley,Apartment,1457,2,2.0,Semi-Furnished,1,6,2.0,1,8,Ready To Move,4.0,624800.0
PROP_15293,Riverside District,Apartment,1164,2,2.0,Semi-Furnished,1,1,7.0,3,10,Ready To Move,4.0,605200.0
PROP_14583,Lakeside Estates,Independent House,2602,3,3.0,Semi-Furnished,2,2,5.0,1,4,Ready To Move,2.0,1364600.0
PROP_13427,Harbor Point,Apartment,1187,1,1.0,Semi-Furnished,1,20,16.0,2,6,Ready To Move,3.0,629800.0
PROP_14711,Midtown Corridor,Independent House,3103,4,4.0,Unfurnished,1,2,5.0,3,3,Ready To Move,2.0,1765900.0
PROP_13576,Harbor Point,Apartment,1702,3,2.0,Semi-Furnished,1,1,1.0,1,3,Under Construction,2.0,933600.0
PROP_14869,Midtown Corridor,Luxury Villa,5320,4,5.0,Semi-Furnished,0,2,2.0,1,3,Ready To Move,5.0,3471100.0
PROP_15919,Riverside District,Apartment,1680,3,3.0,Semi-Furnished,1,3,0.0,1,8,Ready To Move,5.0,880900.0
PROP_13348,Midtown Corridor,Studio Apartment,535,1,1.0,Semi-Furnished,2,10,0.0,1,10,Ready To Move,5.0,361200.0
PROP_10204,Harbor Point,Apartment,1635,3,3.0,Semi-Furnished,0,3,8.0,1,7,Ready To Move,5.0,914500.0
PROP_10340,Westend Terrace,Studio Apartment,385,1,1.0,Semi-Furnished,1,18,14.0,1,8,Ready To Move,3.0,258500.0
PROP_12330,Oakridge Valley,Studio Apartment,740,1,1.0,Semi-Furnished,2,11,10.0,1,8,Ready To Move,5.0,344400.0
PROP_10838,Midtown Corridor,Penthouse,4663,5,7.0,Furnished,0,27,4.0,1,6,Ready To Move,3.0,3282700.0
PROP_14374,Harbor Point,Apartment,971,1,2.0,Furnished,1,2,20.0,0,9,Ready To Move,2.0,521500.0
PROP_10388,Westend Terrace,Apartment,1481,2,2.0,Semi-Furnished,0,9,0.0,2,8,Under Construction,5.0,623500.0
PROP_11581,Sunset Park,Independent House,2826,5,5.0,Furnished,2,3,9.0,1,4,Under Construction,3.0,1200600.0
PROP_14564,Oakridge Valley,Apartment,1470,2,1.0,Unfurnished,1,1,21.0,2,7,Ready To Move,2.0,543800.0
PROP_15104,Westend Terrace,Independent House,3279,5,6.0,Semi-Furnished,1,1,0.0,1,7,Ready To Move,4.0,1650500.0
PROP_13391,Lakeside Estates,Penthouse,5108,4,6.0,Furnished,1,26,4.0,2,4,Under Construction,5.0,3472400.0
PROP_12751,Oakridge Valley,Studio Apartment,502,1,1.0,Furnished,1,9,9.0,1,5,Under Construction,1.0,229000.0
PROP_15160,Downtown Central,Apartment,1538,3,3.0,Unfurnished,1,20,28.0,0,4,Ready To Move,2.0,694000.0
PROP_13581,Downtown Central,Independent House,1448,2,2.0,Furnished,2,2,9.0,1,8,Ready To Move,3.0,934700.0
PROP_11484,Silicon Hills,Luxury Villa,5334,4,5.0,Semi-Furnished,1,2,8.0,1,8,Ready To Move,1.0,3665100.0
PROP_14106,Oakridge Valley,Independent House,2533,3,3.0,Furnished,1,2,0.0,2,5,Ready To Move,1.0,1201200.0
PROP_11671,Harbor Point,Independent House,1903,3,3.0,Semi-Furnished,1,3,4.0,0,7,Ready To Move,5.0,1177700.0
PROP_15628,Oakridge Valley,Penthouse,5553,5,7.0,Furnished,1,18,3.0,0,4,Ready To Move,4.0,2671400.0
PROP_13525,Lakeside Estates,Apartment,1431,3,2.0,Unfurnished,0,11,0.0,2,7,Ready To Move,2.0,741100.0
PROP_10678,Downtown Central,Independent House,1843,3,3.0,Semi-Furnished,1,1,28.0,1,7,Ready To Move,4.0,917800.0
PROP_15044,Harbor Point,Luxury Villa,3554,3,3.0,Furnished,1,2,5.0,1,6,Ready To Move,1.0,2777200.0
PROP_15862,Sunset Park,Apartment,1691,3,2.0,Semi-Furnished,1,15,5.0,1,3,Ready To Move,1.0,730300.0
PROP_12882,Midtown Corridor,Independent House,1857,4,4.0,Semi-Furnished,1,2,1.0,2,7,Ready To Move,5.0,1083500.0
PROP_10062,Harbor Point,Luxury Villa,3985,4,5.0,Semi-Furnished,2,2,6.0,1,6,Ready To Move,5.0,2868300.0
PROP_13097,Downtown Central,Luxury Villa,4338,4,5.0,Furnished,0,3,5.0,0,7,Under Construction,2.0,2799900.0
PROP_11738,Downtown Central,Penthouse,5035,5,6.0,Semi-Furnished,2,34,2.0,1,6,Under Construction,1.0,3619500.0
PROP_14152,Sunset Park,Penthouse,5405,5,6.0,Furnished,2,32,3.0,3,10,Ready To Move,5.0,2932900.0
PROP_11919,Oakridge Valley,Apartment,1271,2,2.0,Unfurnished,3,7,2.0,2,3,Ready To Move,3.0,571600.0
PROP_11500,Lakeside Estates,Apartment,1491,2,2.0,Semi-Furnished,0,22,6.0,1,4,Ready To Move,5.0,719300.0
PROP_10791,Westend Terrace,Apartment,1623,3,3.0,Unfurnished,1,20,5.0,1,7,Under Construction,2.0,725300.0
PROP_11426,Lakeside Estates,Independent House,2650,3,3.0,Semi-Furnished,1,1,2.0,1,4,Ready To Move,3.0,1333900.0
PROP_15468,Greenwood Heights,Apartment,1192,2,2.0,Furnished,3,13,40.0,1,7,Ready To Move,4.0,448200.0
PROP_15455,Greenwood Heights,Studio Apartment,511,1,1.0,Semi-Furnished,0,18,0.0,2,4,Ready To Move,5.0,279300.0
PROP_15397,Westend Terrace,Luxury Villa,4991,5,6.0,Semi-Furnished,2,4,1.0,1,7,Ready To Move,1.0,2969300.0
PROP_14824,Sunset Park,Luxury Villa,4493,4,5.0,Unfurnished,1,2,9.0,1,1,Under Construction,4.0,2155800.0
PROP_13214,Riverside District,Apartment,1380,2,1.0,Furnished,1,2,9.0,2,5,Ready To Move,5.0,701800.0
PROP_12025,Midtown Corridor,Apartment,921,1,2.0,Semi-Furnished,2,17,0.0,1,10,Under Construction,2.0,527800.0
PROP_12927,Oakridge Valley,Apartment,1230,2,1.0,Furnished,2,20,6.0,2,10,Ready To Move,2.0,608700.0
PROP_14646,Harbor Point,Apartment,1386,2,2.0,Semi-Furnished,0,4,8.0,2,4,Ready To Move,1.0,765200.0
PROP_12616,Oakridge Valley,Independent House,1967,3,3.0,Furnished,1,3,6.0,0,2,Ready To Move,3.0,843300.0
PROP_15853,Midtown Corridor,Penthouse,4904,4,5.0,Semi-Furnished,1,33,3.0,1,4,Under Construction,3.0,2948400.0
PROP_12900,Downtown Central,Apartment,1322,2,2.0,Unfurnished,0,1,12.0,1,5,Ready To Move,2.0,646700.0
PROP_10734,Sunset Park,Luxury Villa,3337,3,4.0,Semi-Furnished,1,3,8.0,2,10,Ready To Move,4.0,1792100.0
PROP_13978,Oakridge Valley,Apartment,1458,2,2.0,Semi-Furnished,1,9,1.0,0,5,Under Construction,3.0,543900.0
PROP_15706,Riverside District,Apartment,1780,3,3.0,Semi-Furnished,1,3,7.0,1,5,Ready To Move,3.0,842600.0
PROP_11826,Silicon Hills,Apartment,952,2,2.0,Furnished,2,13,3.0,2,5,Ready To Move,5.0,695000.0
PROP_15106,Downtown Central,Apartment,1261,2,1.0,Unfurnished,2,19,4.0,1,1,Ready To Move,3.0,675600.0
PROP_15743,Oakridge Valley,Luxury Villa,3630,4,5.0,Furnished,1,2,9.0,2,4,Ready To Move,1.0,1634700.0
PROP_15187,Greenwood Heights,Apartment,1448,2,2.0,Semi-Furnished,1,20,2.0,1,2,Under Construction,1.0,681600.0
PROP_10528,Lakeside Estates,Apartment,1099,2,2.0,Furnished,0,14,2.0,2,8,Ready To Move,5.0,708000.0
PROP_15606,Riverside District,Apartment,1192,2,1.0,Furnished,1,16,0.0,1,7,Ready To Move,2.0,674700.0
PROP_12585,Sunset Park,Independent House,2560,3,3.0,Semi-Furnished,1,1,3.0,3,4,Ready To Move,3.0,1178400.0
PROP_11545,Riverside District,Apartment,1328,2,2.0,Semi-Furnished,2,20,3.0,2,6,Ready To Move,2.0,699800.0
PROP_14891,Westend Terrace,Studio Apartment,532,1,1.0,Furnished,2,1,2.0,1,5,Ready To Move,1.0,342800.0
PROP_11783,Harbor Point,Luxury Villa,4542,4,5.0,Unfurnished,1,2,10.0,3,4,Ready To Move,3.0,3063100.0
PROP_11745,Downtown Central,Independent House,2453,4,3.0,Semi-Furnished,1,2,2.0,2,6,Ready To Move,1.0,1578500.0
PROP_10804,Westend Terrace,Independent House,2647,3,3.0,Furnished,1,1,2.0,2,6,Under Construction,5.0,1298700.0
PROP_10858,Harbor Point,Penthouse,4759,4,5.0,Furnished,2,19,0.0,2,5,Ready To Move,5.0,4042800.0
PROP_11506,Riverside District,Apartment,1768,3,2.0,Furnished,1,22,6.0,2,4,Ready To Move,2.0,920400.0
PROP_15977,Greenwood Heights,Apartment,1535,2,2.0,Furnished,1,4,4.0,1,5,Ready To Move,3.0,680500.0
PROP_14715,Downtown Central,Independent House,2676,4,4.0,Semi-Furnished,2,2,9.0,0,9,Ready To Move,3.0,1543000.0
PROP_13927,Westend Terrace,Apartment,1007,1,1.0,Furnished,1,8,4.0,3,6,Ready To Move,2.0,478300.0
PROP_14696,Greenwood Heights,Independent House,2183,3,4.0,Semi-Furnished,2,2,7.0,2,3,Ready To Move,4.0,997800.0
PROP_14011,Harbor Point,Apartment,1482,3,3.0,Semi-Furnished,2,8,3.0,0,4,Under Construction,1.0,835200.0
PROP_10220,Oakridge Valley,Penthouse,4965,4,5.0,Furnished,2,34,22.0,0,6,Ready To Move,1.0,2294800.0
PROP_12288,Midtown Corridor,Independent House,1967,3,3.0,Furnished,3,2,3.0,1,6,Under Construction,5.0,1060300.0
PROP_11289,Harbor Point,Luxury Villa,3811,3,3.0,Semi-Furnished,1,3,12.0,1,10,Under Construction,2.0,2453900.0
PROP_11116,Greenwood Heights,Apartment,1517,3,3.0,Furnished,2,14,9.0,1,7,Ready To Move,5.0,756500.0
PROP_10583,Downtown Central,Apartment,1131,2,3.0,Unfurnished,1,8,8.0,2,5,Ready To Move,1.0,621300.0
PROP_13182,Greenwood Heights,Apartment,1313,2,1.0,Unfurnished,2,18,6.0,1,8,Under Construction,2.0,543800.0
PROP_10044,Sunset Park,Apartment,1801,3,4.0,Furnished,1,18,2.0,1,7,Ready To Move,2.0,819100.0
PROP_13605,Westend Terrace,Independent House,2840,4,4.0,Semi-Furnished,3,2,19.0,1,5,Under Construction,2.0,1091800.0
PROP_13923,Downtown Central,Apartment,1380,2,2.0,Furnished,1,17,8.0,0,4,Ready To Move,3.0,786900.0
PROP_12381,Oakridge Valley,Apartment,1238,2,2.0,Semi-Furnished,2,16,4.0,2,4,Under Construction,4.0,453700.0
PROP_11540,Greenwood Heights,Apartment,1718,3,4.0,Furnished,1,16,5.0,1,5,Ready To Move,5.0,808000.0
PROP_12670,Silicon Hills,Apartment,1102,2,2.0,Furnished,1,21,7.0,1,8,Ready To Move,2.0,727300.0
PROP_12158,Midtown Corridor,Independent House,2411,3,2.0,Furnished,1,2,1.0,3,9,Ready To Move,2.0,1572400.0
PROP_15616,Sunset Park,Penthouse,4093,4,6.0,Semi-Furnished,2,18,0.0,1,5,Ready To Move,3.0,2301600.0
PROP_15267,Harbor Point,Independent House,3008,4,4.0,Furnished,2,2,13.0,1,10,Under Construction,2.0,1714600.0
PROP_11225,Lakeside Estates,Apartment,1485,2,1.0,Semi-Furnished,1,13,2.0,1,6,Ready To Move,5.0,815500.0
PROP_12819,Sunset Park,Studio Apartment,511,1,1.0,Semi-Furnished,0,12,16.0,0,7,Ready To Move,2.0,243300.0
PROP_13436,Sunset Park,Independent House,2657,3,4.0,Unfurnished,1,2,2.0,1,3,Ready To Move,5.0,1163300.0
PROP_11072,Downtown Central,Apartment,1476,2,2.0,Semi-Furnished,1,11,1.0,1,10,Under Construction,2.0,821000.0
PROP_10719,Lakeside Estates,Apartment,1764,3,2.0,Semi-Furnished,2,21,3.0,2,2,Ready To Move,2.0,920200.0
PROP_14371,Downtown Central,Apartment,661,1,1.0,Unfurnished,0,12,2.0,2,1,Under Construction,5.0,326800.0
PROP_15260,Westend Terrace,Apartment,1303,3,4.0,Semi-Furnished,2,2,15.0,2,2,Under Construction,2.0,563800.0
PROP_10671,Greenwood Heights,Independent House,2873,3,3.0,Semi-Furnished,0,2,24.0,3,5,Ready To Move,5.0,1127600.0
PROP_13918,Midtown Corridor,Independent House,2038,3,4.0,Furnished,1,3,2.0,2,4,Ready To Move,4.0,1215100.0
PROP_15198,Sunset Park,Studio Apartment,497,1,1.0,Semi-Furnished,2,11,0.0,2,6,Under Construction,3.0,275700.0
PROP_15974,Downtown Central,Apartment,1587,2,1.0,Furnished,1,11,14.0,1,1,Ready To Move,2.0,754700.0
PROP_14814,Downtown Central,Apartment,1529,2,2.0,Semi-Furnished,1,11,3.0,1,7,Ready To Move,3.0,808100.0
PROP_13500,Downtown Central,Penthouse,4528,4,6.0,Semi-Furnished,2,32,5.0,1,4,Ready To Move,2.0,3351200.0
PROP_10898,Oakridge Valley,Apartment,1168,2,2.0,Unfurnished,2,8,10.0,0,4,Ready To Move,4.0,447900.0
PROP_11259,Oakridge Valley,Penthouse,4177,4,5.0,Unfurnished,1,33,8.0,2,9,Under Construction,2.0,1966900.0
PROP_15547,Greenwood Heights,Independent House,3002,5,5.0,Semi-Furnished,1,3,5.0,1,6,Under Construction,4.0,1361000.0
PROP_10096,Westend Terrace,Apartment,1095,1,1.0,Unfurnished,0,6,1.0,2,9,Ready To Move,2.0,486900.0
PROP_12945,Lakeside Estates,Independent House,3484,5,5.0,Furnished,2,2,2.0,1,5,Under Construction,1.0,1781000.0
PROP_14440,Oakridge Valley,Independent House,2554,3,3.0,Semi-Furnished,0,2,0.0,1,2,Ready To Move,5.0,982800.0
PROP_10843,Midtown Corridor,Apartment,1480,2,2.0,Unfurnished,1,5,1.0,2,5,Under Construction,1.0,737500.0
PROP_13822,Lakeside Estates,Apartment,1244,2,2.0,Furnished,0,13,1.0,0,3,Ready To Move,1.0,613200.0
PROP_15282,Harbor Point,Independent House,2033,2,3.0,Furnished,1,1,2.0,1,4,Ready To Move,4.0,1330300.0
PROP_14992,Harbor Point,Independent House,2570,4,5.0,Semi-Furnished,2,2,11.0,0,5,Ready To Move,4.0,1345100.0
PROP_14713,Midtown Corridor,Apartment,1748,3,2.0,Furnished,1,17,4.0,3,6,Ready To Move,2.0,876300.0
PROP_13905,Westend Terrace,Apartment,1515,2,2.0,Semi-Furnished,2,4,3.0,2,5,Ready To Move,1.0,696500.0
PROP_14586,Oakridge Valley,Penthouse,4314,4,6.0,Semi-Furnished,1,30,0.0,1,9,Ready To Move,3.0,2274800.0
PROP_10323,Silicon Hills,Apartment,1191,3,3.0,Furnished,1,4,6.0,2,4,Ready To Move,5.0,859800.0
PROP_14370,Silicon Hills,Apartment,1510,3,2.0,Semi-Furnished,1,5,13.0,2,10,Ready To Move,3.0,885200.0
PROP_14867,Oakridge Valley,Apartment,1346,2,1.0,Semi-Furnished,1,8,6.0,1,4,Ready To Move,2.0,489600.0
PROP_10335,Westend Terrace,Studio Apartment,536,1,1.0,Furnished,1,15,1.0,1,7,Ready To Move,4.0,315600.0
PROP_12664,Lakeside Estates,Apartment,1294,2,1.0,Semi-Furnished,1,8,18.0,0,7,Ready To Move,2.0,656900.0
PROP_10333,Westend Terrace,Apartment,1085,2,2.0,Semi-Furnished,1,10,23.0,1,6,Ready To Move,2.0,422900.0
PROP_10834,Harbor Point,Apartment,2288,4,4.0,Furnished,0,1,32.0,1,4,Ready To Move,4.0,1051300.0
PROP_12553,Silicon Hills,Independent House,2678,3,2.0,Semi-Furnished,3,3,7.0,1,4,Ready To Move,2.0,1727300.0
PROP_15114,Sunset Park,Independent House,2585,3,3.0,Semi-Furnished,1,2,9.0,2,10,Ready To Move,2.0,1073800.0
PROP_12269,Lakeside Estates,Apartment,894,1,1.0,Furnished,1,11,3.0,2,6,Under Construction,1.0,507000.0
PROP_14832,Silicon Hills,Independent House,2553,3,2.0,Furnished,0,3,9.0,1,9,Ready To Move,3.0,1672200.0
PROP_12183,Downtown Central,Studio Apartment,431,1,1.0,Semi-Furnished,2,14,0.0,2,4,Ready To Move,4.0,299800.0
PROP_10732,Silicon Hills,Apartment,1545,2,2.0,Semi-Furnished,1,11,3.0,1,2,Ready To Move,4.0,870100.0
PROP_13036,Riverside District,Independent House,2399,3,2.0,Semi-Furnished,1,2,4.0,1,2,Ready To Move,5.0,1259200.0
PROP_10292,Greenwood Heights,Apartment,1612,3,2.0,Unfurnished,0,13,20.0,1,6,Ready To Move,2.0,599300.0
PROP_10185,Greenwood Heights,Independent House,2483,3,3.0,Semi-Furnished,1,1,0.0,3,7,Ready To Move,5.0,1167400.0
PROP_14743,Riverside District,Apartment,1380,2,1.0,Furnished,3,3,11.0,2,4,Under Construction,2.0,614000.0
PROP_15609,Lakeside Estates,Independent House,1949,3,3.0,Unfurnished,1,2,10.0,1,7,Ready To Move,1.0,1146300.0
PROP_14086,Harbor Point,Independent House,3275,4,3.0,Semi-Furnished,1,1,4.0,3,6,Ready To Move,2.0,1962700.0
PROP_10534,Greenwood Heights,Apartment,1194,2,2.0,Semi-Furnished,2,24,5.0,1,4,Ready To Move,4.0,593600.0
PROP_14751,Oakridge Valley,Apartment,1293,2,2.0,Unfurnished,2,9,14.0,2,5,Under Construction,3.0,485300.0
PROP_12463,Greenwood Heights,Independent House,3013,4,4.0,Semi-Furnished,2,2,4.0,1,7,Under Construction,1.0,1367000.0
PROP_12118,Harbor Point,Studio Apartment,466,1,1.0,Semi-Furnished,1,1,5.0,1,3,Ready To Move,4.0,304700.0
PROP_13808,Greenwood Heights,Apartment,1736,3,3.0,Semi-Furnished,1,22,9.0,2,10,Under Construction,3.0,720700.0
PROP_10658,Harbor Point,Apartment,1683,3,3.0,Semi-Furnished,1,21,28.0,2,9,Ready To Move,3.0,848600.0
PROP_11256,Lakeside Estates,Independent House,2252,3,2.0,Semi-Furnished,0,3,0.0,2,2,Ready To Move,1.0,1395000.0
PROP_12519,Harbor Point,Apartment,1733,3,3.0,Furnished,1,18,5.0,1,3,Ready To Move,4.0,1036300.0
PROP_14690,Westend Terrace,Apartment,1807,3,3.0,Semi-Furnished,3,24,0.0,2,3,Ready To Move,1.0,862800.0
PROP_12499,Greenwood Heights,Apartment,994,2,2.0,Furnished,1,2,3.0,2,6,Ready To Move,2.0,521600.0
PROP_13124,Lakeside Estates,Apartment,1152,2,2.0,Semi-Furnished,1,16,9.0,1,8,Ready To Move,2.0,647300.0
PROP_10899,Harbor Point,Studio Apartment,562,1,1.0,Furnished,0,10,3.0,1,6,Ready To Move,3.0,330600.0
PROP_10429,Riverside District,Apartment,996,2,2.0,Semi-Furnished,3,5,0.0,2,5,Ready To Move,5.0,655000.0
PROP_14941,Sunset Park,Apartment,1197,2,2.0,Furnished,2,18,2.0,3,4,Ready To Move,1.0,572200.0
PROP_13238,Westend Terrace,Penthouse,5879,5,6.0,Semi-Furnished,2,27,1.0,1,4,Ready To Move,1.0,3543800.0
PROP_13321,Westend Terrace,Apartment,1715,3,4.0,Unfurnished,1,3,3.0,3,7,Ready To Move,4.0,811800.0
PROP_11437,Oakridge Valley,Independent House,2325,4,4.0,Unfurnished,1,2,3.0,3,2,Under Construction,2.0,984600.0
PROP_15450,Westend Terrace,Apartment,1547,2,1.0,Semi-Furnished,2,9,4.0,1,5,Ready To Move,5.0,765300.0
PROP_11223,Downtown Central,Penthouse,3967,3,5.0,Semi-Furnished,1,32,2.0,1,5,Ready To Move,3.0,3050700.0
PROP_11635,Harbor Point,Luxury Villa,4512,5,6.0,Semi-Furnished,0,3,10.0,1,7,Under Construction,5.0,3171200.0
PROP_15254,Riverside District,Apartment,1395,2,2.0,Semi-Furnished,0,6,6.0,1,8,Under Construction,4.0,642000.0
PROP_15948,Westend Terrace,Penthouse,4621,5,7.0,Furnished,1,22,3.0,3,5,Ready To Move,5.0,2746800.0
PROP_15334,Westend Terrace,Independent House,2453,3,2.0,Unfurnished,0,2,5.0,1,4,Ready To Move,1.0,1076400.0
PROP_15153,Harbor Point,Apartment,1342,2,1.0,Furnished,3,1,8.0,3,5,Ready To Move,1.0,873200.0
PROP_13394,Lakeside Estates,Apartment,1642,3,2.0,Semi-Furnished,1,14,3.0,1,5,Ready To Move,4.0,868200.0
PROP_14759,Lakeside Estates,Independent House,2698,3,3.0,Unfurnished,3,2,6.0,1,4,Under Construction,5.0,1201500.0
PROP_12642,Oakridge Valley,Apartment,1064,1,2.0,Unfurnished,2,15,3.0,1,7,Ready To Move,5.0,453600.0
PROP_14530,Harbor Point,Luxury Villa,3991,4,5.0,Furnished,1,2,2.0,0,8,Ready To Move,2.0,2951000.0
PROP_11873,Lakeside Estates,Apartment,1278,1,1.0,Semi-Furnished,2,23,1.0,1,3,Ready To Move,4.0,718100.0
PROP_13559,Riverside District,Apartment,1250,2,2.0,Unfurnished,1,13,0.0,0,1,Ready To Move,1.0,538600.0
PROP_11840,Sunset Park,Apartment,1155,2,2.0,Furnished,2,1,10.0,1,6,Ready To Move,2.0,564500.0
PROP_15439,Downtown Central,Penthouse,4651,4,5.0,Semi-Furnished,2,26,9.0,1,3,Ready To Move,5.0,3267700.0
PROP_15717,Westend Terrace,Independent House,2847,4,5.0,Furnished,2,2,9.0,2,6,Ready To Move,3.0,1440500.0
PROP_14972,Sunset Park,Apartment,1216,2,1.0,Furnished,2,19,7.0,1,9,Ready To Move,4.0,606900.0
PROP_11600,Harbor Point,Penthouse,4816,4,5.0,Furnished,1,29,7.0,1,8,Ready To Move,4.0,3910100.0
PROP_15679,Downtown Central,Independent House,2242,3,3.0,Semi-Furnished,2,2,11.0,1,6,Ready To Move,1.0,1191200.0
PROP_12317,Riverside District,Luxury Villa,4657,5,6.0,Furnished,0,3,6.0,2,7,Ready To Move,5.0,2799900.0
PROP_11411,Westend Terrace,Independent House,3496,5,4.0,Semi-Furnished,1,2,2.0,1,6,Under Construction,5.0,1550000.0
PROP_14357,Harbor Point,Studio Apartment,562,1,1.0,Semi-Furnished,3,16,23.0,2,3,Ready To Move,3.0,333100.0
PROP_13027,Silicon Hills,Studio Apartment,555,1,1.0,Furnished,1,12,7.0,1,4,Ready To Move,3.0,405000.0
PROP_13205,Sunset Park,Independent House,2384,3,3.0,Semi-Furnished,1,2,6.0,2,4,Ready To Move,5.0,1113700.0
PROP_15924,Westend Terrace,Penthouse,3784,4,5.0,Furnished,2,24,6.0,1,6,Ready To Move,2.0,2297100.0
PROP_15360,Silicon Hills,Penthouse,4298,4,5.0,Furnished,1,30,3.0,2,1,Ready To Move,5.0,2973500.0
PROP_11127,Silicon Hills,Luxury Villa,5021,4,5.0,Semi-Furnished,1,2,4.0,3,4,Ready To Move,2.0,3495800.0
PROP_11833,Sunset Park,Independent House,2653,4,3.0,Furnished,2,1,14.0,1,3,Ready To Move,1.0,1055500.0
PROP_11771,Oakridge Valley,Independent House,2935,4,3.0,Unfurnished,2,1,8.0,1,6,Ready To Move,1.0,1231400.0
PROP_12532,Greenwood Heights,Penthouse,4501,4,6.0,Semi-Furnished,1,18,15.0,1,4,Ready To Move,5.0,2339200.0
PROP_12706,Riverside District,Studio Apartment,493,1,1.0,Semi-Furnished,2,4,3.0,1,5,Under Construction,1.0,288000.0
PROP_10305,Greenwood Heights,Apartment,1014,2,2.0,Furnished,3,7,5.0,2,6,Ready To Move,5.0,539600.0
PROP_13723,Riverside District,Apartment,1072,1,1.0,Semi-Furnished,2,9,17.0,2,5,Ready To Move,4.0,479100.0
PROP_11293,Silicon Hills,Apartment,1260,2,2.0,Semi-Furnished,2,4,11.0,0,4,Ready To Move,2.0,696400.0
PROP_10071,Oakridge Valley,Apartment,1086,2,2.0,Semi-Furnished,1,23,7.0,1,8,Ready To Move,2.0,477700.0
PROP_11979,Lakeside Estates,Studio Apartment,549,1,1.0,Semi-Furnished,1,12,2.0,2,4,Ready To Move,2.0,327700.0
PROP_11306,Midtown Corridor,Apartment,1651,3,3.0,Furnished,1,22,5.0,1,4,Under Construction,2.0,767300.0
PROP_12800,Greenwood Heights,Apartment,1130,2,2.0,Unfurnished,0,4,9.0,2,7,Ready To Move,5.0,502000.0
PROP_15824,Riverside District,Studio Apartment,447,1,1.0,Furnished,1,10,4.0,1,2,Under Construction,1.0,248600.0
PROP_11739,Sunset Park,Independent House,2447,4,5.0,Semi-Furnished,1,1,1.0,2,3,Ready To Move,5.0,1127400.0
PROP_14557,Harbor Point,Penthouse,4594,5,6.0,Unfurnished,3,23,7.0,2,6,Ready To Move,4.0,3423700.0
PROP_11341,Midtown Corridor,Independent House,1785,2,1.0,Unfurnished,1,2,2.0,0,3,Ready To Move,5.0,952400.0
PROP_10832,Downtown Central,Independent House,2271,3,4.0,Furnished,1,2,18.0,1,1,Under Construction,3.0,1096900.0
PROP_12219,Silicon Hills,Apartment,1316,2,2.0,Furnished,0,19,23.0,2,5,Ready To Move,4.0,652700.0
PROP_11457,Oakridge Valley,Independent House,1814,2,2.0,Furnished,1,3,16.0,1,5,Ready To Move,1.0,717400.0
PROP_14524,Oakridge Valley,Apartment,1084,2,2.0,Unfurnished,3,16,21.0,1,6,Under Construction,4.0,408900.0
PROP_13872,Oakridge Valley,Apartment,1955,4,4.0,Furnished,1,3,2.0,3,4,Ready To Move,1.0,780500.0
PROP_10239,Sunset Park,Luxury Villa,4186,4,4.0,Unfurnished,1,2,2.0,0,3,Ready To Move,5.0,2138600.0
PROP_10093,Lakeside Estates,Independent House,2265,3,3.0,Furnished,1,2,19.0,1,5,Under Construction,2.0,1083200.0
PROP_12647,Riverside District,Independent House,2482,3,3.0,Unfurnished,1,2,35.0,1,1,Ready To Move,1.0,942700.0
PROP_15555,Westend Terrace,Apartment,1170,2,2.0,Unfurnished,2,12,3.0,2,8,Ready To Move,4.0,581500.0
PROP_13897,Sunset Park,Studio Apartment,558,1,1.0,Semi-Furnished,3,7,11.0,2,10,Ready To Move,1.0,305500.0
PROP_12192,Lakeside Estates,Apartment,1412,2,2.0,Semi-Furnished,1,24,18.0,1,4,Ready To Move,1.0,639500.0
PROP_12623,Midtown Corridor,Apartment,1416,2,2.0,Semi-Furnished,2,8,11.0,3,10,Under Construction,2.0,711300.0
PROP_12165,Sunset Park,Apartment,1337,2,2.0,Semi-Furnished,1,7,14.0,0,9,Ready To Move,5.0,566200.0
PROP_14351,Midtown Corridor,Independent House,3518,5,3.0,Furnished,2,2,8.0,1,8,Ready To Move,3.0,1883000.0
PROP_11002,Oakridge Valley,Apartment,1598,3,3.0,Semi-Furnished,1,20,16.0,1,5,Ready To Move,4.0,593000.0
PROP_14754,Sunset Park,Independent House,2352,3,2.0,Semi-Furnished,1,1,7.0,1,1,Ready To Move,1.0,996200.0
PROP_14716,Harbor Point,Apartment,1164,2,2.0,Unfurnished,2,23,23.0,1,10,Ready To Move,5.0,655500.0
PROP_13011,Lakeside Estates,Apartment,1425,3,2.0,Unfurnished,1,7,2.0,1,7,Ready To Move,3.0,778800.0
PROP_15775,Midtown Corridor,Studio Apartment,393,1,1.0,Furnished,3,4,0.0,0,7,Ready To Move,2.0,298600.0
PROP_11505,Silicon Hills,Apartment,1427,3,3.0,Furnished,0,2,13.0,1,9,Ready To Move,1.0,887800.0
PROP_10958,Midtown Corridor,Apartment,1406,2,2.0,Unfurnished,1,14,1.0,2,5,Ready To Move,1.0,711400.0
PROP_14300,Lakeside Estates,Apartment,1484,2,2.0,Furnished,1,9,22.0,1,4,Ready To Move,3.0,733000.0
PROP_15739,Lakeside Estates,Independent House,2981,4,4.0,Semi-Furnished,1,1,4.0,2,9,Ready To Move,5.0,1648800.0
PROP_15779,Downtown Central,Apartment,1270,2,2.0,Semi-Furnished,1,13,22.0,1,5,Under Construction,5.0,625300.0
PROP_11533,Sunset Park,Independent House,2142,2,2.0,Semi-Furnished,3,2,7.0,2,6,Ready To Move,4.0,948900.0
PROP_14193,Westend Terrace,Apartment,1327,2,2.0,Semi-Furnished,2,14,0.0,2,3,Ready To Move,2.0,674200.0
PROP_10412,Sunset Park,Apartment,1785,3,4.0,Unfurnished,2,10,9.0,2,6,Ready To Move,5.0,751800.0
PROP_11406,Midtown Corridor,Studio Apartment,525,1,1.0,Furnished,1,16,7.0,2,6,Ready To Move,1.0,340100.0
PROP_12952,Silicon Hills,Independent House,3302,5,4.0,Furnished,1,2,2.0,2,6,Ready To Move,2.0,2174700.0
PROP_15782,Greenwood Heights,Studio Apartment,519,1,1.0,Semi-Furnished,0,11,22.0,0,1,Under Construction,1.0,173000.0
PROP_12433,Westend Terrace,Apartment,1153,1,1.0,Furnished,1,5,1.0,2,4,Ready To Move,3.0,504300.0
PROP_13943,Oakridge Valley,Apartment,1244,2,2.0,Furnished,2,18,11.0,0,8,Ready To Move,2.0,549000.0
PROP_13338,Sunset Park,Studio Apartment,421,1,1.0,Unfurnished,1,6,0.0,2,3,Ready To Move,1.0,217500.0
PROP_13071,Lakeside Estates,Penthouse,3810,3,4.0,Semi-Furnished,1,29,20.0,1,7,Under Construction,2.0,2289200.0
PROP_13752,Riverside District,Apartment,1708,4,3.0,Furnished,1,8,7.0,3,4,Ready To Move,1.0,824700.0
PROP_11035,Sunset Park,Luxury Villa,5346,5,6.0,Unfurnished,2,3,7.0,3,4,Under Construction,2.0,2542500.0
PROP_13484,Riverside District,Apartment,1262,2,1.0,Furnished,0,8,6.0,2,6,Ready To Move,1.0,624500.0
PROP_15639,Silicon Hills,Independent House,2628,4,4.0,Furnished,2,1,0.0,0,6,Ready To Move,5.0,2030200.0
PROP_12699,Harbor Point,Apartment,1818,3,2.0,Furnished,3,18,1.0,1,6,Under Construction,2.0,889700.0
PROP_10932,Greenwood Heights,Apartment,976,2,2.0,Semi-Furnished,3,16,4.0,1,6,Ready To Move,3.0,474200.0
PROP_15492,Downtown Central,Apartment,1268,2,2.0,Furnished,0,17,1.0,1,2,Ready To Move,3.0,745500.0
PROP_13919,Downtown Central,Penthouse,4794,5,7.0,Semi-Furnished,1,27,6.0,2,8,Under Construction,3.0,3255800.0
PROP_10634,Silicon Hills,Apartment,1601,2,2.0,Furnished,2,23,5.0,1,2,Under Construction,1.0,836200.0
PROP_12465,Midtown Corridor,Luxury Villa,4857,4,5.0,Furnished,0,3,14.0,3,7,Ready To Move,3.0,2785500.0
PROP_10499,Sunset Park,Apartment,1102,2,2.0,Furnished,0,23,3.0,2,4,Ready To Move,5.0,504000.0
PROP_10938,Downtown Central,Apartment,1832,3,2.0,Furnished,1,24,11.0,1,7,Ready To Move,1.0,1003200.0
PROP_10416,Lakeside Estates,Independent House,2295,2,2.0,Semi-Furnished,1,1,13.0,1,5,Ready To Move,3.0,1089000.0
PROP_12346,Downtown Central,Luxury Villa,4525,4,4.0,Furnished,1,2,4.0,1,7,Ready To Move,5.0,3170300.0
PROP_15503,Sunset Park,Apartment,831,1,1.0,Unfurnished,1,3,2.0,1,4,Ready To Move,3.0,355200.0
PROP_11744,Lakeside Estates,Apartment,1256,2,1.0,Unfurnished,2,16,10.0,3,2,Under Construction,1.0,610400.0
PROP_14253,Riverside District,Apartment,1485,3,3.0,Semi-Furnished,0,13,1.0,2,8,Ready To Move,5.0,766400.0
PROP_11952,Westend Terrace,Independent House,2830,3,2.0,Furnished,2,1,0.0,1,7,Ready To Move,2.0,1447400.0
PROP_10758,Lakeside Estates,Luxury Villa,4085,4,4.0,Furnished,2,4,2.0,2,2,Ready To Move,5.0,2890700.0
PROP_13804,Midtown Corridor,Apartment,1663,3,3.0,Unfurnished,0,12,4.0,2,8,Ready To Move,4.0,841500.0
PROP_11042,Greenwood Heights,Apartment,1028,1,1.0,Semi-Furnished,1,18,5.0,1,10,Ready To Move,3.0,504800.0
PROP_12226,Riverside District,Independent House,2742,3,3.0,Unfurnished,0,2,7.0,2,4,Under Construction,3.0,1222500.0
PROP_13672,Sunset Park,Apartment,1201,2,2.0,Semi-Furnished,1,4,3.0,2,6,Ready To Move,4.0,532900.0
PROP_15202,Sunset Park,Apartment,1139,2,1.0,Unfurnished,3,10,15.0,1,3,Ready To Move,2.0,475800.0
PROP_13838,Midtown Corridor,Independent House,2463,3,2.0,Semi-Furnished,1,2,5.0,2,4,Ready To Move,2.0,1332100.0
PROP_10597,Silicon Hills,Apartment,1626,3,3.0,Semi-Furnished,1,1,5.0,1,5,Ready To Move,2.0,993700.0
PROP_13572,Greenwood Heights,Apartment,1187,2,2.0,Furnished,3,21,7.0,1,9,Ready To Move,2.0,614700.0
PROP_14422,Greenwood Heights,Independent House,2404,3,3.0,Semi-Furnished,1,2,13.0,0,4,Ready To Move,3.0,1096100.0
PROP_11069,Downtown Central,Luxury Villa,4784,5,6.0,Furnished,1,3,10.0,1,7,Ready To Move,4.0,3100200.0
PROP_14247,Greenwood Heights,Apartment,1324,2,1.0,Furnished,1,1,1.0,1,6,Ready To Move,3.0,642200.0
PROP_15548,Silicon Hills,Studio Apartment,392,1,1.0,Furnished,2,19,1.0,2,6,Ready To Move,5.0,360000.0
PROP_15999,Oakridge Valley,Luxury Villa,3834,4,4.0,Furnished,0,2,0.0,1,2,Ready To Move,4.0,1958000.0
PROP_13249,Lakeside Estates,Penthouse,5012,4,6.0,Unfurnished,2,27,19.0,1,1,Under Construction,2.0,2708700.0
PROP_10653,Sunset Park,Apartment,1318,2,1.0,Semi-Furnished,3,13,20.0,2,6,Ready To Move,2.0,519400.0
PROP_14641,Midtown Corridor,Apartment,1313,2,2.0,Furnished,1,20,4.0,2,2,Ready To Move,1.0,636700.0
PROP_14826,Westend Terrace,Apartment,1556,3,2.0,Furnished,0,9,4.0,1,4,Ready To Move,5.0,741200.0
PROP_12304,Silicon Hills,Independent House,2500,4,5.0,Semi-Furnished,1,2,2.0,2,7,Ready To Move,5.0,1832000.0
PROP_13008,Greenwood Heights,Penthouse,5198,4,5.0,Unfurnished,3,31,4.0,1,3,Ready To Move,4.0,2735400.0
PROP_12094,Sunset Park,Apartment,2119,3,3.0,Semi-Furnished,0,24,6.0,3,6,Ready To Move,5.0,894500.0
PROP_15152,Oakridge Valley,Independent House,2081,4,4.0,Furnished,1,1,9.0,1,4,Ready To Move,1.0,875900.0
PROP_11841,Westend Terrace,Luxury Villa,5105,5,5.0,Furnished,2,3,3.0,1,3,Ready To Move,3.0,2894800.0
PROP_12408,Lakeside Estates,Apartment,1030,2,2.0,Unfurnished,2,9,1.0,1,9,Ready To Move,2.0,639300.0
PROP_10076,Westend Terrace,Independent House,1937,3,3.0,Semi-Furnished,1,2,5.0,1,5,Under Construction,4.0,1017500.0
PROP_13690,Harbor Point,Apartment,1291,2,1.0,Semi-Furnished,0,4,13.0,1,3,Under Construction,3.0,649600.0
PROP_13623,Greenwood Heights,Apartment,964,1,1.0,Unfurnished,0,18,6.0,0,5,Ready To Move,1.0,406000.0
PROP_12949,Midtown Corridor,Apartment,1576,2,3.0,Semi-Furnished,2,6,8.0,1,6,Ready To Move,3.0,827400.0
PROP_15070,Downtown Central,Apartment,1349,2,3.0,Unfurnished,1,6,11.0,1,4,Ready To Move,5.0,687600.0
PROP_13915,Downtown Central,Penthouse,4560,4,6.0,Semi-Furnished,1,25,3.0,0,5,Ready To Move,3.0,3499000.0
PROP_15550,Downtown Central,Independent House,2171,2,2.0,Furnished,1,2,5.0,2,8,Ready To Move,2.0,1383500.0
PROP_12108,Lakeside Estates,Luxury Villa,4681,4,5.0,Furnished,1,3,3.0,2,3,Under Construction,2.0,3156200.0
PROP_12211,Midtown Corridor,Apartment,580,1,1.0,Semi-Furnished,1,24,2.0,1,6,Ready To Move,4.0,343800.0
PROP_12742,Harbor Point,Apartment,1296,2,2.0,Furnished,0,17,17.0,1,3,Ready To Move,5.0,649200.0
PROP_10109,Harbor Point,Luxury Villa,4544,5,6.0,Semi-Furnished,1,3,5.0,1,6,Ready To Move,2.0,3215900.0
PROP_11011,Westend Terrace,Apartment,1522,2,3.0,Furnished,2,4,10.0,3,7,Ready To Move,5.0,786700.0
PROP_11030,Greenwood Heights,Independent House,3431,4,4.0,Semi-Furnished,1,2,27.0,2,5,Ready To Move,2.0,1414600.0
PROP_15685,Lakeside Estates,Apartment,758,1,1.0,Semi-Furnished,2,12,13.0,2,3,Ready To Move,5.0,410600.0
PROP_10829,Harbor Point,Independent House,3286,5,4.0,Semi-Furnished,1,2,5.0,1,3,Under Construction,2.0,1895400.0
PROP_13856,Lakeside Estates,Apartment,1186,2,1.0,Semi-Furnished,3,12,34.0,3,10,Ready To Move,4.0,599100.0
PROP_13264,Midtown Corridor,Apartment,992,2,1.0,Furnished,1,23,9.0,1,5,Ready To Move,4.0,523300.0
PROP_10097,Sunset Park,Apartment,1143,2,1.0,Furnished,3,24,5.0,2,3,Ready To Move,4.0,504600.0
PROP_14546,Westend Terrace,Studio Apartment,566,1,1.0,Furnished,0,2,1.0,3,7,Under Construction,2.0,305000.0
PROP_15289,Sunset Park,Luxury Villa,4752,3,4.0,Unfurnished,0,2,4.0,0,7,Under Construction,5.0,2304200.0
PROP_13438,Riverside District,Luxury Villa,4084,5,5.0,Furnished,3,2,3.0,1,6,Ready To Move,1.0,2689200.0
PROP_14718,Silicon Hills,Luxury Villa,5108,4,4.0,Semi-Furnished,0,3,1.0,1,2,Ready To Move,4.0,3959000.0
PROP_11201,Sunset Park,Independent House,2634,3,2.0,Semi-Furnished,0,2,8.0,0,5,Ready To Move,5.0,1145600.0
PROP_10622,Harbor Point,Apartment,1021,1,1.0,Furnished,3,9,1.0,1,3,Ready To Move,1.0,631400.0
PROP_15474,Sunset Park,Apartment,1222,2,2.0,Furnished,2,15,4.0,0,7,Under Construction,1.0,542700.0
PROP_11413,Westend Terrace,Apartment,1045,1,1.0,Semi-Furnished,2,13,10.0,1,5,Ready To Move,1.0,500300.0
PROP_10567,Westend Terrace,Independent House,2372,3,4.0,Semi-Furnished,1,1,9.0,2,8,Ready To Move,3.0,1127900.0
PROP_10544,Westend Terrace,Apartment,1180,2,1.0,Furnished,0,3,12.0,1,4,Ready To Move,3.0,472300.0
PROP_11335,Harbor Point,Apartment,1378,2,2.0,Semi-Furnished,0,7,9.0,2,5,Ready To Move,1.0,773200.0
PROP_13407,Harbor Point,Apartment,1505,2,2.0,Furnished,1,8,9.0,2,5,Ready To Move,2.0,810500.0
PROP_10052,Downtown Central,Apartment,1461,3,3.0,Unfurnished,0,8,7.0,1,6,Ready To Move,1.0,860800.0
PROP_15063,Silicon Hills,Studio Apartment,503,1,1.0,Semi-Furnished,2,4,9.0,2,3,Ready To Move,5.0,358500.0
PROP_11774,Silicon Hills,Penthouse,4730,4,5.0,Semi-Furnished,1,21,6.0,0,6,Ready To Move,4.0,3814400.0
PROP_12909,Downtown Central,Independent House,3197,5,5.0,Semi-Furnished,2,3,9.0,1,4,Ready To Move,3.0,1968900.0
PROP_11559,Silicon Hills,Studio Apartment,736,1,1.0,Furnished,1,15,33.0,1,1,Ready To Move,1.0,362600.0
PROP_10746,Silicon Hills,Apartment,1098,2,3.0,Semi-Furnished,1,18,2.0,2,8,Ready To Move,2.0,649000.0
PROP_14326,Greenwood Heights,Studio Apartment,455,1,1.0,Semi-Furnished,2,7,9.0,0,6,Ready To Move,2.0,287200.0
PROP_12026,Riverside District,Luxury Villa,4766,5,6.0,Semi-Furnished,0,2,17.0,2,6,Ready To Move,5.0,2745400.0
PROP_11468,Lakeside Estates,Apartment,982,2,2.0,Furnished,3,8,1.0,2,10,Ready To Move,3.0,703100.0
PROP_15868,Greenwood Heights,Apartment,1531,3,4.0,Furnished,1,24,0.0,0,7,Ready To Move,4.0,758600.0
PROP_10196,Oakridge Valley,Penthouse,4118,4,5.0,Semi-Furnished,2,21,7.0,2,2,Under Construction,1.0,2020100.0
PROP_14444,Oakridge Valley,Luxury Villa,5369,5,6.0,Semi-Furnished,1,3,4.0,0,10,Under Construction,5.0,2323900.0
PROP_12799,Sunset Park,Studio Apartment,522,1,1.0,Semi-Furnished,0,11,4.0,1,6,Ready To Move,5.0,266600.0
PROP_13803,Oakridge Valley,Penthouse,4521,4,5.0,Unfurnished,1,30,2.0,1,6,Ready To Move,5.0,2350400.0
PROP_10803,Harbor Point,Apartment,1034,2,3.0,Semi-Furnished,0,13,2.0,2,5,Under Construction,5.0,632500.0
PROP_11619,Riverside District,Luxury Villa,4718,5,6.0,Furnished,2,3,8.0,2,4,Ready To Move,1.0,2764700.0
PROP_13289,Sunset Park,Apartment,1088,1,1.0,Furnished,1,6,0.0,2,5,Ready To Move,5.0,453100.0
PROP_14748,Oakridge Valley,Apartment,1182,2,1.0,Semi-Furnished,3,21,5.0,2,8,Ready To Move,3.0,540500.0
PROP_10621,Riverside District,Apartment,1840,3,3.0,Semi-Furnished,1,13,17.0,2,5,Under Construction,5.0,840700.0
PROP_12595,Midtown Corridor,Apartment,876,1,1.0,Unfurnished,2,14,1.0,2,6,Under Construction,4.0,488300.0
PROP_14163,Sunset Park,Independent House,2717,3,3.0,Unfurnished,1,2,7.0,1,6,Ready To Move,3.0,1156600.0
PROP_13649,Greenwood Heights,Apartment,1164,1,2.0,Unfurnished,0,24,1.0,1,9,Ready To Move,3.0,527700.0
PROP_14127,Westend Terrace,Independent House,2253,3,4.0,Furnished,1,1,3.0,1,8,Under Construction,4.0,1123400.0
PROP_15517,Oakridge Valley,Independent House,2840,4,5.0,Furnished,2,3,12.0,1,9,Ready To Move,2.0,1160100.0
PROP_15566,Midtown Corridor,Apartment,1168,1,1.0,Semi-Furnished,1,10,2.0,2,3,Under Construction,1.0,543100.0
PROP_10645,Downtown Central,Apartment,1643,2,1.0,Furnished,2,17,11.0,2,4,Ready To Move,4.0,888100.0
PROP_15001,Riverside District,Luxury Villa,5381,5,6.0,Furnished,1,2,11.0,0,5,Ready To Move,3.0,3340600.0
PROP_14507,Riverside District,Apartment,1556,3,3.0,Semi-Furnished,1,19,4.0,2,6,Ready To Move,2.0,813900.0
PROP_12768,Sunset Park,Apartment,1919,4,4.0,Furnished,1,2,6.0,1,1,Under Construction,1.0,715800.0
PROP_11062,Downtown Central,Independent House,2670,3,4.0,Semi-Furnished,1,3,0.0,1,2,Ready To Move,5.0,1652300.0
PROP_15454,Westend Terrace,Apartment,1500,2,2.0,Furnished,0,9,1.0,1,4,Ready To Move,5.0,697400.0
PROP_14095,Westend Terrace,Apartment,1470,3,4.0,Furnished,2,2,4.0,1,10,Ready To Move,4.0,777400.0
PROP_10121,Westend Terrace,Studio Apartment,544,1,1.0,Unfurnished,3,8,7.0,2,5,Under Construction,3.0,289000.0
PROP_15143,Oakridge Valley,Apartment,1152,1,1.0,Furnished,2,6,15.0,1,6,Ready To Move,3.0,411000.0
PROP_13207,Downtown Central,Luxury Villa,4606,4,5.0,Semi-Furnished,1,3,8.0,2,5,Ready To Move,3.0,3245000.0
PROP_15181,Lakeside Estates,Apartment,759,1,1.0,Semi-Furnished,2,5,7.0,1,2,Ready To Move,3.0,414700.0
PROP_15325,Midtown Corridor,Apartment,1924,3,3.0,Unfurnished,2,21,8.0,1,10,Ready To Move,1.0,979500.0
PROP_13083,Lakeside Estates,Independent House,2591,3,4.0,Semi-Furnished,1,1,22.0,2,6,Ready To Move,5.0,1364000.0
PROP_11231,Riverside District,Independent House,1497,2,3.0,Unfurnished,2,2,27.0,1,3,Under Construction,2.0,618800.0
PROP_14541,Lakeside Estates,Independent House,4054,5,4.0,Furnished,2,2,3.0,1,8,Ready To Move,3.0,2149500.0
PROP_15056,Sunset Park,Independent House,2774,3,4.0,Semi-Furnished,2,2,9.0,1,7,Ready To Move,2.0,1294000.0
PROP_14908,Riverside District,Independent House,2000,3,4.0,Semi-Furnished,1,2,9.0,1,5,Ready To Move,1.0,1086500.0
PROP_14263,Oakridge Valley,Luxury Villa,4596,4,4.0,Semi-Furnished,1,2,14.0,1,3,Ready To Move,1.0,2022800.0
PROP_13329,Midtown Corridor,Penthouse,4219,3,4.0,Semi-Furnished,1,30,13.0,1,5,Ready To Move,1.0,2506600.0
PROP_10135,Silicon Hills,Independent House,2531,3,3.0,Furnished,1,1,27.0,2,8,Ready To Move,2.0,1372500.0
PROP_13506,Lakeside Estates,Apartment,1537,2,2.0,Semi-Furnished,2,17,5.0,0,6,Ready To Move,5.0,771000.0
PROP_12599,Silicon Hills,Independent House,2186,3,4.0,Unfurnished,2,2,1.0,2,3,Ready To Move,4.0,1474800.0
PROP_12860,Sunset Park,Independent House,2379,3,2.0,Unfurnished,2,3,4.0,2,10,Ready To Move,4.0,936300.0
PROP_12446,Midtown Corridor,Apartment,1051,2,1.0,Semi-Furnished,1,23,2.0,1,8,Ready To Move,1.0,563200.0
PROP_14214,Sunset Park,Apartment,1289,2,3.0,Furnished,1,5,1.0,3,6,Under Construction,2.0,630000.0
PROP_13051,Riverside District,Apartment,1171,2,2.0,Unfurnished,2,5,10.0,2,8,Ready To Move,1.0,572100.0
PROP_10512,Sunset Park,Independent House,2233,3,3.0,Semi-Furnished,2,1,10.0,0,6,Under Construction,4.0,943500.0
PROP_10063,Silicon Hills,Apartment,1452,2,3.0,Furnished,1,22,0.0,0,10,Under Construction,2.0,881100.0
PROP_11554,Silicon Hills,Independent House,2019,2,3.0,Unfurnished,2,1,5.0,1,6,Ready To Move,5.0,1194100.0
PROP_13794,Midtown Corridor,Studio Apartment,383,1,1.0,Unfurnished,1,7,5.0,2,3,Ready To Move,2.0,210400.0
PROP_15234,Riverside District,Penthouse,4245,4,5.0,Furnished,1,28,7.0,0,2,Ready To Move,5.0,2960200.0
PROP_15323,Westend Terrace,Penthouse,4510,4,5.0,Semi-Furnished,1,23,15.0,1,8,Ready To Move,1.0,2409500.0
PROP_12438,Downtown Central,Penthouse,4908,4,6.0,Furnished,1,28,0.0,1,6,Ready To Move,5.0,3661900.0
PROP_12999,Sunset Park,Apartment,1680,3,2.0,Unfurnished,2,16,5.0,2,5,Ready To Move,5.0,767600.0
PROP_14257,Midtown Corridor,Penthouse,4661,4,5.0,Semi-Furnished,3,22,20.0,1,4,Ready To Move,5.0,2840100.0
PROP_12111,Downtown Central,Apartment,1111,2,1.0,Semi-Furnished,1,3,12.0,1,5,Ready To Move,5.0,577600.0
PROP_10680,Oakridge Valley,Apartment,825,1,1.0,Furnished,0,7,10.0,2,7,Under Construction,3.0,333300.0
PROP_15386,Harbor Point,Independent House,2860,3,2.0,Furnished,1,1,3.0,1,4,Under Construction,1.0,1587300.0
PROP_11212,Silicon Hills,Luxury Villa,4700,4,4.0,Furnished,2,2,18.0,1,6,Ready To Move,4.0,3288300.0
PROP_10123,Greenwood Heights,Independent House,3303,4,5.0,Furnished,1,2,8.0,1,3,Under Construction,3.0,1433100.0
PROP_15131,Silicon Hills,Penthouse,4780,4,5.0,Semi-Furnished,1,19,6.0,3,7,Under Construction,1.0,3369800.0
PROP_11922,Silicon Hills,Apartment,1738,3,3.0,Semi-Furnished,2,17,37.0,1,7,Ready To Move,3.0,788500.0
PROP_14101,Midtown Corridor,Apartment,1868,3,4.0,Furnished,1,1,12.0,1,5,Ready To Move,3.0,817400.0
PROP_15715,Lakeside Estates,Independent House,2472,3,3.0,Semi-Furnished,1,2,4.0,2,5,Ready To Move,5.0,1398300.0
PROP_13198,Downtown Central,Independent House,2562,3,3.0,Furnished,0,3,0.0,2,6,Ready To Move,1.0,1591700.0
PROP_11211,Oakridge Valley,Luxury Villa,5924,6,7.0,Furnished,3,2,1.0,0,5,Ready To Move,5.0,3072800.0
PROP_10568,Greenwood Heights,Apartment,1170,2,1.0,Semi-Furnished,2,15,0.0,2,3,Ready To Move,1.0,537900.0
PROP_12367,Harbor Point,Penthouse,4251,3,4.0,Furnished,1,19,6.0,2,4,Under Construction,5.0,2914000.0
PROP_10549,Lakeside Estates,Apartment,1161,2,1.0,Semi-Furnished,2,19,0.0,0,9,Ready To Move,3.0,622100.0
PROP_12406,Sunset Park,Apartment,1261,1,1.0,Furnished,1,11,0.0,1,3,Under Construction,2.0,471500.0
PROP_10865,Lakeside Estates,Independent House,2630,3,3.0,Unfurnished,1,3,7.0,2,8,Ready To Move,4.0,1380800.0
PROP_14555,Riverside District,Apartment,1722,3,3.0,Unfurnished,1,11,1.0,1,7,Ready To Move,4.0,867200.0
PROP_11393,Westend Terrace,Luxury Villa,4696,4,4.0,Furnished,1,2,3.0,2,4,Ready To Move,3.0,2724700.0
PROP_14514,Greenwood Heights,Apartment,1235,2,1.0,Semi-Furnished,2,8,0.0,1,5,Ready To Move,2.0,597800.0
PROP_14682,Oakridge Valley,Apartment,1520,3,2.0,Semi-Furnished,2,15,0.0,0,8,Ready To Move,5.0,695400.0
PROP_13411,Riverside District,Apartment,1310,2,2.0,Furnished,1,13,13.0,1,5,Under Construction,3.0,609400.0
PROP_14314,Greenwood Heights,Independent House,2268,3,2.0,Semi-Furnished,1,2,1.0,1,6,Ready To Move,2.0,1107200.0
PROP_11962,Westend Terrace,Apartment,1380,2,1.0,Unfurnished,0,13,5.0,1,3,Under Construction,1.0,517200.0
PROP_10721,Westend Terrace,Penthouse,4436,4,5.0,Unfurnished,1,29,21.0,0,8,Under Construction,3.0,2072500.0
PROP_14410,Downtown Central,Independent House,2248,3,2.0,Unfurnished,1,3,1.0,3,10,Ready To Move,3.0,1405400.0
PROP_14812,Oakridge Valley,Apartment,1052,2,2.0,Unfurnished,1,22,16.0,2,6,Ready To Move,3.0,414100.0
PROP_10691,Downtown Central,Apartment,1423,2,2.0,Semi-Furnished,2,18,12.0,0,7,Ready To Move,2.0,826200.0
PROP_10603,Harbor Point,Studio Apartment,691,1,1.0,Semi-Furnished,2,4,7.0,1,8,Ready To Move,1.0,461300.0
PROP_14840,Greenwood Heights,Apartment,1465,3,2.0,Furnished,2,10,38.0,1,5,Ready To Move,1.0,507500.0
PROP_12672,Riverside District,Apartment,1297,2,2.0,Furnished,1,23,13.0,1,6,Ready To Move,1.0,605800.0
PROP_12477,Riverside District,Apartment,1701,3,2.0,Semi-Furnished,2,21,0.0,1,6,Ready To Move,4.0,915900.0
PROP_12510,Riverside District,Apartment,1544,3,3.0,Unfurnished,1,2,8.0,2,2,Ready To Move,1.0,655200.0
PROP_14379,Westend Terrace,Independent House,2265,3,2.0,Semi-Furnished,1,3,6.0,1,5,Ready To Move,5.0,1068600.0
PROP_10504,Riverside District,Penthouse,4493,4,5.0,Furnished,1,32,8.0,2,5,Under Construction,3.0,2359400.0
PROP_14517,Harbor Point,Luxury Villa,5216,5,5.0,Semi-Furnished,1,3,3.0,3,4,Ready To Move,1.0,3828000.0
PROP_10319,Oakridge Valley,Luxury Villa,4734,4,4.0,Semi-Furnished,1,3,0.0,3,10,Under Construction,3.0,2058500.0
PROP_15755,Greenwood Heights,Luxury Villa,4265,4,4.0,Semi-Furnished,2,4,13.0,3,4,Ready To Move,5.0,2454200.0
PROP_13389,Harbor Point,Independent House,2389,3,3.0,Unfurnished,0,1,2.0,1,6,Under Construction,1.0,1439400.0
PROP_10275,Greenwood Heights,Studio Apartment,661,1,1.0,Unfurnished,2,1,11.0,2,6,Ready To Move,2.0,319400.0
PROP_15172,Midtown Corridor,Studio Apartment,496,1,1.0,Semi-Furnished,1,14,14.0,1,4,Ready To Move,4.0,271300.0
PROP_12869,Riverside District,Penthouse,4382,4,6.0,Furnished,1,23,14.0,2,4,Ready To Move,1.0,2759000.0
PROP_11362,Greenwood Heights,Apartment,1621,3,2.0,Furnished,2,22,3.0,1,6,Ready To Move,5.0,816000.0
PROP_13414,Harbor Point,Independent House,1795,2,1.0,Semi-Furnished,0,1,5.0,1,5,Ready To Move,4.0,1124100.0
PROP_11527,Westend Terrace,Studio Apartment,585,1,1.0,Semi-Furnished,2,11,14.0,1,4,Ready To Move,2.0,275700.0
PROP_15218,Lakeside Estates,Apartment,2059,4,3.0,Furnished,1,24,6.0,0,7,Ready To Move,1.0,1106200.0
PROP_13591,Downtown Central,Independent House,2190,3,3.0,Unfurnished,1,2,20.0,1,6,Ready To Move,1.0,1236700.0
PROP_11935,Westend Terrace,Apartment,1614,2,1.0,Unfurnished,1,12,1.0,1,6,Ready To Move,5.0,711900.0
PROP_15835,Harbor Point,Apartment,1768,3,3.0,Furnished,2,13,9.0,2,5,Ready To Move,4.0,1005800.0
PROP_13183,Harbor Point,Independent House,2191,3,4.0,Semi-Furnished,2,2,3.0,2,7,Ready To Move,2.0,1460800.0
PROP_14428,Riverside District,Penthouse,4583,5,7.0,Semi-Furnished,1,21,0.0,1,1,Ready To Move,3.0,3102300.0
PROP_13722,Riverside District,Apartment,1333,2,2.0,Semi-Furnished,2,14,4.0,1,4,Ready To Move,2.0,661900.0
PROP_14813,Harbor Point,Studio Apartment,454,1,1.0,Unfurnished,1,3,14.0,1,5,Ready To Move,4.0,286000.0
PROP_10946,Midtown Corridor,Independent House,2697,3,3.0,Semi-Furnished,2,2,6.0,2,4,Ready To Move,5.0,1475800.0
PROP_14733,Riverside District,Apartment,1646,3,2.0,Semi-Furnished,1,21,5.0,1,6,Ready To Move,1.0,851900.0
PROP_15805,Harbor Point,Apartment,1206,2,2.0,Unfurnished,2,9,3.0,1,1,Ready To Move,2.0,652600.0
PROP_10296,Downtown Central,Apartment,1541,2,2.0,Unfurnished,1,22,3.0,2,7,Ready To Move,2.0,903700.0
PROP_11877,Downtown Central,Independent House,2898,4,4.0,Furnished,2,2,23.0,2,6,Ready To Move,1.0,1415600.0
PROP_15272,Oakridge Valley,Luxury Villa,3724,4,4.0,Furnished,1,2,10.0,1,7,Under Construction,5.0,1704800.0
PROP_10299,Greenwood Heights,Apartment,936,1,1.0,Unfurnished,1,21,4.0,2,4,Under Construction,5.0,378800.0
PROP_10069,Midtown Corridor,Independent House,2051,3,3.0,Furnished,1,1,2.0,1,4,Ready To Move,3.0,1128500.0
PROP_14407,Riverside District,Independent House,2927,4,3.0,Semi-Furnished,2,3,8.0,1,4,Ready To Move,1.0,1591800.0
PROP_10737,Harbor Point,Apartment,1685,3,3.0,Furnished,0,5,21.0,1,5,Ready To Move,1.0,894900.0
PROP_11599,Oakridge Valley,Apartment,1179,1,1.0,Semi-Furnished,2,15,21.0,1,5,Ready To Move,5.0,412900.0
PROP_14304,Greenwood Heights,Luxury Villa,5410,5,5.0,Semi-Furnished,0,2,5.0,1,5,Under Construction,3.0,2478900.0
PROP_13009,Midtown Corridor,Apartment,1514,2,3.0,Semi-Furnished,1,14,2.0,3,6,Ready To Move,3.0,748000.0
PROP_13670,Lakeside Estates,Apartment,1386,2,2.0,Semi-Furnished,1,10,5.0,2,8,Ready To Move,3.0,811400.0
PROP_11504,Riverside District,Luxury Villa,4221,3,4.0,Semi-Furnished,1,2,4.0,1,4,Ready To Move,5.0,2597700.0
PROP_12087,Downtown Central,Apartment,1479,2,1.0,Semi-Furnished,2,6,5.0,0,1,Ready To Move,4.0,745500.0
PROP_10151,Greenwood Heights,Apartment,1234,2,2.0,Furnished,2,10,13.0,1,10,Under Construction,5.0,530200.0
PROP_10757,Downtown Central,Apartment,947,1,1.0,Semi-Furnished,2,1,8.0,2,3,Ready To Move,1.0,544800.0
PROP_14792,Downtown Central,Apartment,2121,4,4.0,Semi-Furnished,1,21,6.0,1,4,Ready To Move,1.0,1089300.0
PROP_13524,Sunset Park,Apartment,2038,4,3.0,Furnished,1,12,5.0,0,6,Under Construction,5.0,765000.0
PROP_11704,Silicon Hills,Apartment,1407,3,2.0,Furnished,1,14,2.0,1,6,Under Construction,4.0,860100.0
PROP_15968,Oakridge Valley,Apartment,1721,3,3.0,Semi-Furnished,0,11,2.0,0,5,Ready To Move,3.0,762000.0
PROP_12120,Midtown Corridor,Apartment,1427,2,2.0,Furnished,3,4,2.0,1,7,Under Construction,1.0,735400.0
PROP_10170,Silicon Hills,Apartment,1937,2,3.0,Unfurnished,2,22,0.0,2,6,Ready To Move,1.0,1095900.0
PROP_12171,Greenwood Heights,Apartment,1627,3,3.0,Semi-Furnished,2,19,5.0,1,7,Ready To Move,2.0,794800.0
PROP_10377,Riverside District,Penthouse,4137,4,6.0,Furnished,0,26,6.0,2,1,Ready To Move,1.0,3001700.0
PROP_15774,Silicon Hills,Apartment,1270,2,2.0,Semi-Furnished,1,9,6.0,2,5,Ready To Move,1.0,817900.0
PROP_10860,Sunset Park,Independent House,2491,3,3.0,Furnished,1,3,15.0,2,5,Under Construction,1.0,913300.0
PROP_11845,Sunset Park,Apartment,1443,2,1.0,Semi-Furnished,1,2,24.0,1,2,Ready To Move,4.0,492800.0
PROP_14054,Westend Terrace,Independent House,2574,4,3.0,Semi-Furnished,1,2,21.0,2,10,Ready To Move,1.0,1132300.0
PROP_11870,Downtown Central,Apartment,1389,3,2.0,Semi-Furnished,0,17,15.0,3,7,Under Construction,3.0,705500.0
PROP_10379,Westend Terrace,Independent House,2026,2,1.0,Semi-Furnished,1,3,15.0,1,5,Ready To Move,5.0,916700.0
PROP_15513,Greenwood Heights,Studio Apartment,538,1,1.0,Unfurnished,1,11,11.0,0,5,Ready To Move,3.0,247600.0
PROP_13259,Sunset Park,Independent House,2229,4,5.0,Furnished,1,2,4.0,1,9,Ready To Move,3.0,1066300.0
PROP_11295,Westend Terrace,Apartment,1353,3,2.0,Furnished,1,3,8.0,1,2,Ready To Move,5.0,600300.0
PROP_14980,Midtown Corridor,Independent House,2828,4,4.0,Semi-Furnished,1,1,3.0,2,8,Ready To Move,3.0,1642300.0
PROP_11433,Sunset Park,Independent House,2649,4,4.0,Furnished,2,1,11.0,1,8,Ready To Move,2.0,1207400.0
PROP_12723,Oakridge Valley,Independent House,1447,2,3.0,Semi-Furnished,1,3,13.0,2,5,Ready To Move,3.0,663700.0
PROP_14206,Midtown Corridor,Apartment,1595,2,2.0,Furnished,1,21,0.0,2,6,Ready To Move,4.0,872500.0
PROP_14435,Riverside District,Luxury Villa,5080,5,5.0,Semi-Furnished,2,4,6.0,1,6,Ready To Move,3.0,2950100.0
PROP_11780,Downtown Central,Independent House,1978,3,3.0,Furnished,1,2,0.0,1,4,Ready To Move,5.0,1226800.0
PROP_15994,Midtown Corridor,Apartment,980,2,2.0,Unfurnished,1,3,6.0,2,6,Ready To Move,2.0,480900.0
PROP_13255,Lakeside Estates,Luxury Villa,4096,4,5.0,Semi-Furnished,2,3,3.0,0,5,Under Construction,4.0,2427100.0
PROP_14597,Riverside District,Apartment,1683,3,2.0,Furnished,2,24,10.0,3,3,Ready To Move,5.0,825500.0
PROP_13754,Greenwood Heights,Apartment,1769,3,3.0,Semi-Furnished,0,18,11.0,2,6,Ready To Move,3.0,768200.0
PROP_10842,Sunset Park,Luxury Villa,5766,5,6.0,Semi-Furnished,1,3,0.0,0,7,Ready To Move,3.0,2989600.0
PROP_15527,Midtown Corridor,Apartment,1545,2,3.0,Furnished,1,15,10.0,1,6,Ready To Move,2.0,796000.0
PROP_11190,Lakeside Estates,Penthouse,4940,4,5.0,Furnished,3,21,16.0,1,7,Ready To Move,5.0,3281900.0
PROP_10176,Downtown Central,Apartment,724,1,1.0,Semi-Furnished,1,9,26.0,1,5,Under Construction,3.0,353900.0
PROP_15602,Westend Terrace,Apartment,1732,3,3.0,Unfurnished,1,6,20.0,3,4,Ready To Move,1.0,687900.0
PROP_10928,Oakridge Valley,Apartment,1317,2,2.0,Furnished,0,14,4.0,1,7,Ready To Move,3.0,557800.0
PROP_14802,Oakridge Valley,Luxury Villa,4169,3,3.0,Semi-Furnished,1,2,10.0,0,5,Ready To Move,3.0,1662400.0
PROP_10046,Lakeside Estates,Apartment,1401,2,2.0,Semi-Furnished,3,4,0.0,1,7,Under Construction,5.0,782900.0
PROP_11261,Downtown Central,Apartment,1219,2,3.0,Furnished,1,16,6.0,3,6,Under Construction,5.0,705000.0
PROP_11097,Riverside District,Studio Apartment,476,1,1.0,Furnished,3,18,13.0,1,8,Ready To Move,5.0,341500.0
PROP_11444,Lakeside Estates,Luxury Villa,6111,6,7.0,Furnished,1,3,4.0,1,7,Under Construction,2.0,3681400.0
PROP_12665,Lakeside Estates,Apartment,1148,2,1.0,Semi-Furnished,1,19,0.0,2,7,Ready To Move,1.0,681200.0
PROP_15635,Downtown Central,Studio Apartment,498,1,1.0,Unfurnished,1,1,4.0,1,2,Ready To Move,2.0,287300.0
PROP_11188,Silicon Hills,Studio Apartment,540,1,1.0,Semi-Furnished,1,16,17.0,0,2,Under Construction,4.0,292200.0
PROP_15110,Westend Terrace,Apartment,1149,2,2.0,Unfurnished,2,22,3.0,1,3,Under Construction,2.0,512200.0
PROP_12679,Oakridge Valley,Penthouse,4979,5,6.0,Furnished,1,19,10.0,1,8,Under Construction,2.0,2419400.0
PROP_11031,Oakridge Valley,Studio Apartment,584,1,1.0,Furnished,3,17,10.0,1,8,Ready To Move,3.0,331000.0
PROP_12273,Midtown Corridor,Independent House,2538,3,3.0,Unfurnished,3,1,11.0,2,6,Ready To Move,5.0,1300700.0
PROP_10301,Lakeside Estates,Apartment,1015,2,1.0,Semi-Furnished,1,4,19.0,0,9,Ready To Move,5.0,580300.0
PROP_15632,Riverside District,Apartment,1325,2,2.0,Unfurnished,1,2,2.0,2,7,Ready To Move,2.0,659700.0
PROP_11473,Lakeside Estates,Apartment,1380,2,2.0,Semi-Furnished,1,12,24.0,0,2,Ready To Move,2.0,569800.0
PROP_10284,Greenwood Heights,Apartment,933,1,1.0,Semi-Furnished,1,7,16.0,2,3,Under Construction,3.0,329000.0
PROP_15789,Harbor Point,Luxury Villa,4866,5,5.0,Furnished,2,4,1.0,1,8,Ready To Move,2.0,3489100.0
PROP_12752,Oakridge Valley,Apartment,1122,2,2.0,Furnished,1,24,9.0,1,3,Under Construction,4.0,440600.0
PROP_14772,Midtown Corridor,Apartment,1427,3,4.0,Semi-Furnished,1,13,12.0,3,9,Ready To Move,2.0,700100.0
PROP_14938,Sunset Park,Apartment,1725,3,3.0,Furnished,3,13,23.0,2,3,Under Construction,4.0,641600.0
PROP_11814,Midtown Corridor,Apartment,1734,3,2.0,Semi-Furnished,0,19,9.0,2,4,Ready To Move,2.0,877400.0
PROP_14639,Oakridge Valley,Apartment,1250,3,4.0,Semi-Furnished,3,11,40.0,1,2,Ready To Move,3.0,444600.0
PROP_14408,Lakeside Estates,Independent House,2996,4,5.0,Unfurnished,2,1,1.0,1,10,Under Construction,1.0,1550600.0
PROP_14156,Greenwood Heights,Apartment,1309,2,2.0,Unfurnished,2,19,2.0,0,4,Under Construction,1.0,542300.0
PROP_12967,Sunset Park,Apartment,1308,2,2.0,Unfurnished,3,6,2.0,2,6,Under Construction,3.0,573500.0
PROP_14014,Downtown Central,Apartment,1232,2,3.0,Furnished,2,3,0.0,1,4,Under Construction,2.0,676000.0
PROP_12953,Silicon Hills,Apartment,1671,3,3.0,Semi-Furnished,1,9,9.0,1,8,Under Construction,3.0,1019200.0
PROP_13894,Sunset Park,Apartment,1045,1,1.0,Unfurnished,1,20,1.0,2,8,Ready To Move,4.0,453700.0
PROP_12292,Lakeside Estates,Studio Apartment,520,1,1.0,Semi-Furnished,2,13,0.0,1,10,Under Construction,5.0,359000.0
PROP_12628,Riverside District,Apartment,1506,3,3.0,Unfurnished,2,4,19.0,3,6,Ready To Move,3.0,740600.0
PROP_13831,Silicon Hills,Independent House,2828,3,2.0,Furnished,2,1,1.0,1,10,Under Construction,5.0,1663000.0
PROP_14594,Riverside District,Luxury Villa,5227,4,4.0,Furnished,1,4,8.0,1,5,Under Construction,4.0,2693100.0
PROP_14904,Oakridge Valley,Luxury Villa,4409,4,5.0,Semi-Furnished,2,2,8.0,2,9,Ready To Move,3.0,1968700.0
PROP_12348,Silicon Hills,Apartment,1517,3,3.0,Furnished,1,17,1.0,2,6,Ready To Move,4.0,999100.0
PROP_12415,Greenwood Heights,Apartment,1251,2,2.0,Semi-Furnished,0,10,1.0,1,5,Ready To Move,1.0,563700.0
PROP_15485,Westend Terrace,Apartment,1698,3,4.0,Furnished,0,23,2.0,1,5,Under Construction,5.0,759100.0
PROP_10258,Greenwood Heights,Apartment,1818,3,2.0,Furnished,1,16,4.0,2,6,Ready To Move,3.0,811500.0
PROP_10508,Downtown Central,Apartment,1462,3,3.0,Semi-Furnished,1,12,7.0,1,1,Ready To Move,2.0,763100.0
PROP_11966,Oakridge Valley,Studio Apartment,560,1,1.0,Furnished,1,18,3.0,0,3,Ready To Move,5.0,273500.0
PROP_10100,Oakridge Valley,Studio Apartment,642,1,1.0,Semi-Furnished,2,15,3.0,2,3,Ready To Move,5.0,287900.0
PROP_14706,Westend Terrace,Independent House,3012,4,3.0,Furnished,1,1,1.0,2,8,Ready To Move,5.0,1589500.0
PROP_10745,Greenwood Heights,Independent House,2464,4,4.0,Semi-Furnished,1,2,1.0,1,8,Ready To Move,2.0,1146800.0
PROP_12125,Silicon Hills,Independent House,2499,4,5.0,Furnished,2,2,2.0,2,7,Ready To Move,1.0,1861300.0
PROP_15573,Sunset Park,Independent House,2807,4,3.0,Unfurnished,1,2,2.0,1,4,Ready To Move,5.0,1138800.0
PROP_11376,Westend Terrace,Independent House,2336,3,3.0,Furnished,1,2,14.0,0,3,Under Construction,3.0,1033300.0
PROP_13890,Harbor Point,Apartment,1769,4,4.0,Semi-Furnished,1,12,5.0,0,3,Ready To Move,2.0,1021400.0
PROP_13843,Riverside District,Apartment,2128,4,4.0,Unfurnished,3,2,15.0,0,1,Ready To Move,4.0,961900.0
PROP_14608,Oakridge Valley,Independent House,2505,3,2.0,Furnished,1,3,7.0,3,7,Ready To Move,3.0,1116600.0
PROP_14316,Lakeside Estates,Independent House,2247,3,3.0,Semi-Furnished,1,1,16.0,2,7,Under Construction,3.0,1093400.0
PROP_14240,Greenwood Heights,Apartment,1144,2,3.0,Semi-Furnished,2,16,8.0,1,2,Ready To Move,3.0,546800.0
PROP_11158,Lakeside Estates,Apartment,1329,2,2.0,Unfurnished,2,3,20.0,1,5,Ready To Move,4.0,633900.0
PROP_11859,Silicon Hills,Apartment,1350,2,1.0,Unfurnished,1,5,8.0,1,2,Under Construction,1.0,647000.0
PROP_14383,Harbor Point,Apartment,942,1,1.0,Semi-Furnished,0,24,2.0,3,3,Ready To Move,1.0,476100.0
PROP_12500,Lakeside Estates,Independent House,2921,3,3.0,Furnished,1,2,5.0,0,4,Ready To Move,1.0,1650100.0
PROP_14922,Midtown Corridor,Independent House,3283,5,5.0,Semi-Furnished,2,1,24.0,1,6,Under Construction,4.0,1576500.0
PROP_11438,Sunset Park,Independent House,2899,4,4.0,Semi-Furnished,3,3,15.0,2,4,Under Construction,2.0,1068500.0
PROP_14988,Oakridge Valley,Apartment,1218,2,1.0,Semi-Furnished,2,2,8.0,1,8,Under Construction,2.0,473200.0
PROP_10367,Oakridge Valley,Apartment,1418,2,2.0,Semi-Furnished,1,19,9.0,1,5,Ready To Move,2.0,538100.0
PROP_15574,Sunset Park,Independent House,3074,4,4.0,Semi-Furnished,3,2,1.0,2,3,Under Construction,1.0,1320900.0
PROP_15766,Downtown Central,Luxury Villa,3829,3,3.0,Furnished,0,2,0.0,1,7,Ready To Move,5.0,2856100.0
PROP_10403,Midtown Corridor,Independent House,2764,4,3.0,Semi-Furnished,0,2,2.0,1,10,Ready To Move,3.0,1529400.0
PROP_14661,Downtown Central,Independent House,2716,3,3.0,Semi-Furnished,0,1,4.0,1,3,Ready To Move,4.0,1658600.0
PROP_14741,Downtown Central,Apartment,1301,2,1.0,Semi-Furnished,1,18,0.0,1,5,Ready To Move,1.0,722700.0
PROP_10950,Greenwood Heights,Independent House,2259,3,3.0,Furnished,3,2,11.0,1,4,Ready To Move,5.0,1001600.0
PROP_12836,Midtown Corridor,Apartment,1155,2,2.0,Furnished,1,7,2.0,1,4,Ready To Move,1.0,631900.0
PROP_10020,Silicon Hills,Apartment,1743,3,3.0,Semi-Furnished,1,18,0.0,1,8,Under Construction,4.0,1084400.0
PROP_10230,Sunset Park,Apartment,875,1,1.0,Semi-Furnished,0,23,18.0,1,5,Ready To Move,1.0,302900.0
PROP_14202,Sunset Park,Independent House,2564,4,4.0,Unfurnished,1,2,3.0,2,3,Ready To Move,1.0,1049300.0
PROP_10669,Westend Terrace,Penthouse,5245,5,7.0,Semi-Furnished,1,25,12.0,1,10,Ready To Move,3.0,3069300.0
PROP_10219,Silicon Hills,Independent House,2697,4,4.0,Semi-Furnished,1,2,2.0,2,4,Under Construction,4.0,1682700.0
PROP_15024,Riverside District,Apartment,2189,4,4.0,Semi-Furnished,2,12,1.0,2,5,Under Construction,3.0,1071400.0
PROP_14196,Sunset Park,Independent House,3118,4,3.0,Furnished,2,1,25.0,1,7,Ready To Move,5.0,1067600.0
PROP_14784,Riverside District,Apartment,1301,2,2.0,Furnished,1,7,3.0,2,2,Ready To Move,5.0,673100.0
PROP_12700,Westend Terrace,Independent House,2996,4,4.0,Furnished,3,1,8.0,2,6,Ready To Move,3.0,1595500.0
PROP_14405,Greenwood Heights,Studio Apartment,442,1,1.0,Furnished,1,15,4.0,1,8,Ready To Move,3.0,284500.0
PROP_10586,Harbor Point,Independent House,2643,3,4.0,Unfurnished,1,2,3.0,1,3,Ready To Move,3.0,1567300.0
PROP_15709,Harbor Point,Luxury Villa,3962,3,3.0,Furnished,2,4,15.0,1,10,Under Construction,2.0,2552100.0
PROP_12943,Midtown Corridor,Luxury Villa,4295,4,5.0,Semi-Furnished,1,2,2.0,1,7,Ready To Move,3.0,2892900.0
PROP_12005,Downtown Central,Apartment,1671,3,2.0,Semi-Furnished,2,8,20.0,3,4,Under Construction,5.0,800500.0
PROP_13936,Riverside District,Studio Apartment,590,1,1.0,Furnished,1,13,6.0,2,3,Under Construction,1.0,294700.0
PROP_13853,Silicon Hills,Apartment,1402,2,1.0,Semi-Furnished,1,5,1.0,1,10,Under Construction,1.0,862300.0
PROP_13502,Harbor Point,Apartment,1552,3,2.0,Unfurnished,2,23,1.0,2,9,Ready To Move,4.0,1045700.0
PROP_13399,Downtown Central,Independent House,2418,3,4.0,Semi-Furnished,0,3,0.0,0,4,Under Construction,2.0,1453700.0
PROP_10778,Oakridge Valley,Studio Apartment,602,1,1.0,Semi-Furnished,3,19,0.0,1,3,Ready To Move,5.0,315500.0
PROP_14651,Greenwood Heights,Apartment,1396,2,2.0,Semi-Furnished,1,16,30.0,2,2,Ready To Move,3.0,522100.0
PROP_11019,Downtown Central,Studio Apartment,670,1,1.0,Semi-Furnished,1,14,21.0,1,10,Ready To Move,4.0,401000.0
PROP_11607,Harbor Point,Apartment,1208,2,2.0,Furnished,2,12,8.0,1,5,Ready To Move,1.0,704900.0
PROP_12523,Riverside District,Independent House,2474,3,2.0,Furnished,2,2,4.0,1,2,Under Construction,5.0,1218200.0
PROP_12827,Sunset Park,Penthouse,4475,3,5.0,Furnished,1,18,0.0,3,5,Ready To Move,1.0,2614000.0
PROP_14942,Westend Terrace,Apartment,1343,2,2.0,Furnished,1,8,4.0,1,5,Ready To Move,1.0,599200.0
PROP_15247,Oakridge Valley,Apartment,1565,2,1.0,Unfurnished,3,4,9.0,2,5,Ready To Move,3.0,543000.0
PROP_11492,Oakridge Valley,Apartment,977,2,2.0,Furnished,1,11,1.0,1,2,Ready To Move,1.0,438300.0
PROP_15177,Downtown Central,Independent House,2241,3,2.0,Furnished,0,2,7.0,1,6,Ready To Move,2.0,1320100.0
PROP_15570,Westend Terrace,Independent House,2395,3,3.0,Semi-Furnished,2,3,14.0,2,2,Ready To Move,1.0,1052300.0
PROP_15414,Midtown Corridor,Independent House,2836,4,4.0,Furnished,2,3,22.0,1,3,Ready To Move,3.0,1333500.0
PROP_11964,Riverside District,Apartment,1594,2,2.0,Furnished,1,24,5.0,0,10,Ready To Move,5.0,870600.0
PROP_15846,Downtown Central,Apartment,1017,1,1.0,Semi-Furnished,1,21,3.0,2,5,Ready To Move,3.0,603300.0
PROP_14458,Oakridge Valley,Apartment,1878,3,3.0,Unfurnished,2,16,8.0,1,4,Ready To Move,1.0,774900.0
PROP_11594,Harbor Point,Independent House,2363,3,4.0,Furnished,1,2,0.0,0,2,Ready To Move,2.0,1497100.0
PROP_10518,Lakeside Estates,Studio Apartment,625,1,1.0,Semi-Furnished,2,3,1.0,2,5,Under Construction,2.0,371800.0
PROP_10322,Midtown Corridor,Studio Apartment,488,1,1.0,Furnished,1,10,1.0,0,2,Under Construction,4.0,287200.0
PROP_13660,Riverside District,Apartment,1713,3,2.0,Furnished,0,21,8.0,3,9,Ready To Move,4.0,801600.0
PROP_14491,Downtown Central,Independent House,2389,4,4.0,Semi-Furnished,1,2,22.0,2,6,Under Construction,4.0,1200000.0
PROP_14114,Oakridge Valley,Apartment,1282,2,2.0,Furnished,1,7,6.0,2,8,Ready To Move,3.0,578500.0
PROP_14166,Sunset Park,Independent House,3234,5,4.0,Semi-Furnished,3,2,7.0,2,5,Ready To Move,1.0,1485800.0
PROP_10218,Midtown Corridor,Apartment,1589,2,2.0,Unfurnished,1,16,3.0,2,8,Ready To Move,3.0,795400.0
PROP_13917,Riverside District,Independent House,2553,3,3.0,Unfurnished,2,3,8.0,0,7,Ready To Move,1.0,1140900.0
PROP_11972,Silicon Hills,Penthouse,4556,4,6.0,Unfurnished,0,25,2.0,1,8,Ready To Move,2.0,3717700.0
PROP_10361,Riverside District,Independent House,2867,4,3.0,Furnished,1,1,7.0,0,4,Ready To Move,2.0,1525000.0
PROP_15800,Oakridge Valley,Independent House,2639,4,3.0,Furnished,1,1,1.0,2,4,Ready To Move,5.0,1201400.0
PROP_13359,Silicon Hills,Apartment,728,1,1.0,Semi-Furnished,0,18,5.0,2,5,Ready To Move,5.0,464400.0
PROP_15624,Midtown Corridor,Apartment,1027,1,1.0,Semi-Furnished,0,8,3.0,1,5,Ready To Move,3.0,489800.0
PROP_14521,Sunset Park,Apartment,1603,2,2.0,Unfurnished,2,10,4.0,1,8,Ready To Move,4.0,754600.0
PROP_11053,Harbor Point,Penthouse,4586,3,4.0,Unfurnished,2,21,17.0,0,5,Under Construction,3.0,3135700.0
PROP_15847,Downtown Central,Penthouse,4386,4,5.0,Furnished,1,22,10.0,1,5,Ready To Move,2.0,3282400.0
PROP_10760,Westend Terrace,Independent House,2793,4,4.0,Furnished,2,2,0.0,1,4,Ready To Move,4.0,1492800.0
PROP_14779,Westend Terrace,Apartment,1891,3,2.0,Unfurnished,1,2,5.0,0,3,Ready To Move,1.0,708700.0
PROP_14558,Riverside District,Apartment,1021,1,1.0,Semi-Furnished,3,9,11.0,2,2,Ready To Move,3.0,476500.0
PROP_13796,Oakridge Valley,Independent House,3374,5,5.0,Unfurnished,1,3,4.0,1,6,Ready To Move,3.0,1284500.0
PROP_11427,Silicon Hills,Apartment,1303,2,3.0,Semi-Furnished,1,20,1.0,1,7,Under Construction,3.0,744600.0
PROP_11946,Midtown Corridor,Studio Apartment,491,1,1.0,Unfurnished,1,12,7.0,2,9,Ready To Move,3.0,305100.0
PROP_13721,Downtown Central,Independent House,2701,3,3.0,Furnished,3,2,7.0,0,6,Ready To Move,5.0,1568000.0
PROP_10215,Sunset Park,Apartment,1107,2,1.0,Unfurnished,1,4,18.0,1,10,Under Construction,3.0,419000.0
PROP_11615,Downtown Central,Apartment,933,1,1.0,Unfurnished,1,18,1.0,3,10,Under Construction,4.0,528200.0
PROP_14692,Westend Terrace,Apartment,1436,2,2.0,Semi-Furnished,2,23,9.0,2,7,Ready To Move,1.0,650800.0
PROP_11718,Greenwood Heights,Luxury Villa,5419,5,6.0,Furnished,2,2,4.0,0,5,Ready To Move,5.0,2715900.0
PROP_12761,Greenwood Heights,Luxury Villa,4320,4,4.0,Semi-Furnished,1,2,15.0,2,8,Ready To Move,5.0,2204800.0
PROP_12068,Lakeside Estates,Apartment,1055,1,1.0,Semi-Furnished,0,8,1.0,1,5,Ready To Move,2.0,546500.0
PROP_13019,Oakridge Valley,Studio Apartment,524,1,1.0,Furnished,3,1,1.0,2,4,Ready To Move,2.0,311300.0
PROP_14984,Downtown Central,Studio Apartment,541,1,1.0,Semi-Furnished,1,4,2.0,0,2,Ready To Move,4.0,317800.0
PROP_11703,Silicon Hills,Independent House,3592,5,5.0,Semi-Furnished,2,1,13.0,1,8,Ready To Move,2.0,2320500.0
PROP_13122,Lakeside Estates,Luxury Villa,4337,4,5.0,Furnished,1,2,7.0,1,6,Ready To Move,1.0,2901800.0
PROP_14845,Riverside District,Apartment,2019,3,2.0,Semi-Furnished,2,14,2.0,2,4,Under Construction,4.0,1014300.0
PROP_13652,Greenwood Heights,Apartment,1322,2,1.0,Furnished,0,10,7.0,2,5,Ready To Move,3.0,603400.0
PROP_10197,Lakeside Estates,Apartment,937,1,1.0,Furnished,1,16,2.0,0,10,Ready To Move,3.0,528800.0
PROP_10726,Riverside District,Apartment,1282,3,3.0,Unfurnished,0,16,5.0,2,6,Ready To Move,4.0,674400.0
PROP_12518,Riverside District,Independent House,3090,5,4.0,Semi-Furnished,0,2,4.0,2,10,Under Construction,3.0,1518300.0
PROP_11513,Harbor Point,Independent House,2952,4,3.0,Semi-Furnished,1,2,4.0,0,4,Under Construction,2.0,1645000.0
PROP_12657,Greenwood Heights,Independent House,2924,4,3.0,Unfurnished,1,2,1.0,0,3,Ready To Move,3.0,1370800.0
PROP_14708,Midtown Corridor,Independent House,2488,4,3.0,Unfurnished,1,3,4.0,1,5,Ready To Move,1.0,1398600.0
PROP_15023,Harbor Point,Independent House,1895,2,2.0,Semi-Furnished,3,2,1.0,1,1,Ready To Move,3.0,1206300.0
PROP_11057,Riverside District,Apartment,1669,2,2.0,Furnished,1,24,21.0,1,4,Ready To Move,1.0,668900.0
PROP_12299,Oakridge Valley,Apartment,1252,2,2.0,Semi-Furnished,1,14,19.0,3,7,Under Construction,2.0,481700.0
PROP_10888,Westend Terrace,Studio Apartment,523,1,1.0,Semi-Furnished,1,1,7.0,1,4,Under Construction,1.0,239900.0
PROP_12432,Lakeside Estates,Apartment,1224,2,3.0,Furnished,1,10,1.0,2,6,Under Construction,4.0,720100.0
PROP_11093,Downtown Central,Independent House,2098,3,4.0,Semi-Furnished,2,3,17.0,1,9,Ready To Move,5.0,1209200.0
PROP_13540,Lakeside Estates,Luxury Villa,4288,4,5.0,Furnished,1,4,0.0,0,3,Ready To Move,5.0,3081500.0
PROP_14140,Downtown Central,Apartment,1271,3,3.0,Semi-Furnished,1,19,0.0,1,5,Ready To Move,4.0,748700.0
PROP_10569,Midtown Corridor,Luxury Villa,4604,4,5.0,Furnished,1,2,0.0,0,4,Ready To Move,3.0,2855800.0
PROP_10517,Lakeside Estates,Apartment,1148,2,2.0,Furnished,1,20,14.0,1,7,Under Construction,1.0,531100.0
PROP_13651,Downtown Central,Independent House,2826,4,5.0,Furnished,2,2,5.0,0,3,Under Construction,1.0,1717300.0
PROP_14358,Greenwood Heights,Independent House,1923,2,2.0,Furnished,2,2,13.0,3,7,Ready To Move,1.0,968100.0
PROP_15264,Greenwood Heights,Apartment,1401,3,2.0,Semi-Furnished,1,3,15.0,3,9,Ready To Move,4.0,650200.0
PROP_10140,Riverside District,Luxury Villa,6328,6,6.0,Furnished,2,3,15.0,1,6,Ready To Move,5.0,3476100.0
PROP_15854,Midtown Corridor,Independent House,3095,4,3.0,Furnished,3,2,16.0,3,7,Ready To Move,4.0,1505000.0
PROP_12169,Sunset Park,Independent House,2742,4,3.0,Furnished,0,2,10.0,3,8,Under Construction,3.0,976500.0
PROP_13322,Midtown Corridor,Independent House,2344,3,3.0,Semi-Furnished,2,2,2.0,1,3,Ready To Move,3.0,1282200.0
PROP_14951,Silicon Hills,Apartment,1738,3,2.0,Semi-Furnished,2,12,9.0,0,6,Under Construction,2.0,974100.0
PROP_11150,Lakeside Estates,Penthouse,4251,4,5.0,Furnished,2,19,13.0,2,4,Under Construction,3.0,2757500.0
PROP_13826,Silicon Hills,Independent House,2959,4,4.0,Semi-Furnished,2,3,35.0,2,4,Ready To Move,3.0,1284600.0
PROP_12516,Oakridge Valley,Studio Apartment,589,1,1.0,Furnished,1,5,3.0,1,7,Ready To Move,2.0,328200.0
PROP_14249,Greenwood Heights,Studio Apartment,426,1,1.0,Semi-Furnished,1,3,3.0,2,1,Ready To Move,5.0,222000.0
PROP_12765,Harbor Point,Independent House,2552,4,3.0,Semi-Furnished,2,1,4.0,2,6,Ready To Move,3.0,1472100.0
PROP_10464,Oakridge Valley,Apartment,1364,2,2.0,Furnished,3,7,0.0,0,6,Under Construction,4.0,583400.0
PROP_14518,Riverside District,Apartment,1313,2,1.0,Furnished,2,23,11.0,2,1,Ready To Move,1.0,646300.0
PROP_14393,Oakridge Valley,Studio Apartment,597,1,1.0,Semi-Furnished,2,9,0.0,1,8,Ready To Move,2.0,313200.0
PROP_15002,Greenwood Heights,Apartment,1637,3,4.0,Furnished,1,24,3.0,1,10,Ready To Move,5.0,831100.0
PROP_10595,Riverside District,Luxury Villa,4931,5,6.0,Semi-Furnished,1,3,3.0,1,6,Ready To Move,3.0,2992600.0
PROP_13101,Riverside District,Independent House,2249,3,3.0,Unfurnished,0,1,12.0,2,8,Ready To Move,4.0,1107300.0
PROP_11808,Westend Terrace,Independent House,2537,3,3.0,Semi-Furnished,1,2,4.0,2,7,Under Construction,3.0,1365100.0
PROP_13107,Riverside District,Apartment,1678,3,2.0,Semi-Furnished,2,17,1.0,2,6,Ready To Move,2.0,795500.0
PROP_10451,Lakeside Estates,Apartment,1174,2,1.0,Unfurnished,1,5,12.0,1,8,Under Construction,5.0,579700.0
PROP_13617,Silicon Hills,Luxury Villa,4140,4,5.0,Semi-Furnished,1,3,4.0,1,8,Ready To Move,4.0,3348200.0
PROP_15161,Riverside District,Independent House,2759,4,4.0,Semi-Furnished,1,1,2.0,2,7,Ready To Move,1.0,1353500.0
PROP_14223,Westend Terrace,Independent House,2855,4,4.0,Semi-Furnished,2,3,11.0,1,4,Ready To Move,5.0,1450800.0
PROP_10519,Greenwood Heights,Apartment,1121,2,1.0,Furnished,3,24,1.0,1,5,Ready To Move,3.0,537900.0
PROP_15825,Greenwood Heights,Studio Apartment,622,1,1.0,Semi-Furnished,1,18,7.0,1,6,Under Construction,4.0,289500.0
PROP_10313,Sunset Park,Independent House,2203,3,4.0,Furnished,0,1,2.0,1,4,Ready To Move,3.0,1011400.0
PROP_12411,Greenwood Heights,Independent House,2445,3,3.0,Furnished,0,2,16.0,1,7,Ready To Move,2.0,1082500.0
PROP_12100,Westend Terrace,Apartment,1823,3,3.0,Semi-Furnished,1,5,2.0,0,6,Ready To Move,2.0,855400.0
PROP_12667,Midtown Corridor,Penthouse,4506,4,5.0,Semi-Furnished,2,26,4.0,1,4,Ready To Move,2.0,3156300.0
PROP_13197,Westend Terrace,Apartment,1140,2,1.0,Furnished,1,6,6.0,2,1,Ready To Move,1.0,558100.0
PROP_11175,Greenwood Heights,Apartment,1437,3,3.0,Semi-Furnished,0,18,4.0,0,6,Under Construction,1.0,565300.0
PROP_14666,Westend Terrace,Studio Apartment,389,1,1.0,Furnished,1,5,3.0,2,10,Under Construction,2.0,281500.0
PROP_10452,Greenwood Heights,Studio Apartment,416,1,1.0,Furnished,1,13,8.0,1,10,Ready To Move,5.0,273600.0
PROP_15549,Midtown Corridor,Independent House,2932,4,4.0,Furnished,1,2,9.0,2,3,Ready To Move,4.0,1606800.0
PROP_14717,Sunset Park,Independent House,2678,4,3.0,Semi-Furnished,1,1,16.0,2,6,Under Construction,5.0,1054100.0
PROP_11113,Downtown Central,Luxury Villa,4711,5,6.0,Semi-Furnished,1,4,23.0,1,5,Ready To Move,1.0,3036100.0
PROP_14861,Riverside District,Independent House,2763,3,4.0,Semi-Furnished,1,3,0.0,2,5,Ready To Move,4.0,1549600.0
PROP_11579,Sunset Park,Studio Apartment,578,1,1.0,Furnished,0,7,16.0,2,2,Ready To Move,4.0,256200.0
PROP_10891,Silicon Hills,Apartment,988,1,1.0,Furnished,2,15,2.0,2,1,Ready To Move,2.0,628500.0
PROP_11616,Downtown Central,Apartment,1749,3,4.0,Semi-Furnished,2,18,1.0,1,5,Ready To Move,4.0,959900.0
PROP_14363,Oakridge Valley,Luxury Villa,5213,5,5.0,Semi-Furnished,1,4,2.0,1,4,Ready To Move,1.0,2466300.0
PROP_15134,Riverside District,Apartment,836,1,1.0,Semi-Furnished,2,8,2.0,1,4,Ready To Move,4.0,451200.0
PROP_13459,Westend Terrace,Independent House,2583,3,2.0,Semi-Furnished,1,1,2.0,1,6,Under Construction,4.0,1250900.0
PROP_15864,Riverside District,Apartment,1707,2,2.0,Furnished,1,20,9.0,2,5,Ready To Move,2.0,837800.0
PROP_15857,Oakridge Valley,Apartment,1625,3,3.0,Semi-Furnished,1,12,1.0,2,7,Ready To Move,4.0,763200.0
PROP_11264,Westend Terrace,Independent House,1706,2,1.0,Furnished,1,2,3.0,2,8,Ready To Move,1.0,955600.0
PROP_15637,Sunset Park,Apartment,1636,2,2.0,Furnished,0,18,14.0,1,4,Under Construction,5.0,628700.0
PROP_11000,Sunset Park,Apartment,877,1,2.0,Semi-Furnished,3,8,6.0,0,3,Ready To Move,3.0,386500.0
PROP_13785,Lakeside Estates,Independent House,1878,3,4.0,Furnished,2,2,0.0,0,7,Ready To Move,5.0,1228800.0
PROP_11360,Downtown Central,Penthouse,4676,5,7.0,Unfurnished,3,22,0.0,1,3,Ready To Move,1.0,3417000.0
PROP_12842,Lakeside Estates,Apartment,1587,3,3.0,Furnished,2,20,16.0,1,3,Under Construction,5.0,746500.0
PROP_11477,Midtown Corridor,Apartment,1349,2,2.0,Furnished,1,10,10.0,0,3,Ready To Move,1.0,689500.0
PROP_10193,Oakridge Valley,Apartment,1491,3,3.0,Furnished,0,11,2.0,1,6,Ready To Move,4.0,648400.0
PROP_14709,Silicon Hills,Apartment,1204,2,2.0,Unfurnished,1,17,4.0,1,5,Under Construction,1.0,689400.0
PROP_15419,Downtown Central,Independent House,2585,4,4.0,Semi-Furnished,1,3,1.0,1,2,Ready To Move,2.0,1538700.0
PROP_15844,Oakridge Valley,Studio Apartment,800,1,1.0,Furnished,2,14,12.0,1,7,Ready To Move,3.0,336100.0
PROP_15018,Greenwood Heights,Independent House,2864,4,3.0,Unfurnished,1,1,2.0,1,9,Ready To Move,5.0,1422100.0
PROP_14640,Greenwood Heights,Luxury Villa,4994,5,5.0,Furnished,1,3,13.0,2,10,Under Construction,3.0,2474900.0
PROP_15473,Lakeside Estates,Studio Apartment,536,1,1.0,Unfurnished,2,7,2.0,2,4,Ready To Move,1.0,321000.0
PROP_11875,Sunset Park,Apartment,2317,4,4.0,Furnished,3,15,10.0,1,3,Ready To Move,2.0,999300.0
PROP_15319,Westend Terrace,Apartment,1436,2,3.0,Semi-Furnished,1,6,13.0,1,7,Ready To Move,2.0,697100.0
PROP_11339,Westend Terrace,Independent House,2502,2,1.0,Furnished,3,3,5.0,1,3,Under Construction,1.0,1015300.0
PROP_12887,Harbor Point,Luxury Villa,4459,4,5.0,Furnished,2,4,2.0,1,8,Under Construction,1.0,2870300.0
PROP_13461,Sunset Park,Apartment,1618,2,2.0,Semi-Furnished,0,23,8.0,1,9,Ready To Move,1.0,660000.0
PROP_15040,Lakeside Estates,Luxury Villa,4716,4,4.0,Unfurnished,2,4,5.0,1,5,Ready To Move,5.0,3277700.0
PROP_15060,Silicon Hills,Apartment,1512,2,3.0,Semi-Furnished,1,18,14.0,1,5,Ready To Move,1.0,806100.0
PROP_15266,Riverside District,Independent House,2963,4,5.0,Furnished,1,2,4.0,1,6,Ready To Move,5.0,1488300.0
PROP_11294,Sunset Park,Independent House,2678,4,4.0,Furnished,1,1,1.0,1,5,Ready To Move,5.0,1303400.0
PROP_15304,Sunset Park,Apartment,1385,3,4.0,Furnished,3,18,6.0,1,5,Ready To Move,1.0,630100.0
PROP_14528,Harbor Point,Apartment,859,1,2.0,Semi-Furnished,1,4,10.0,2,5,Ready To Move,3.0,478500.0
PROP_15033,Riverside District,Apartment,1344,2,2.0,Semi-Furnished,1,20,9.0,2,5,Ready To Move,2.0,654800.0
PROP_13542,Silicon Hills,Independent House,3148,3,2.0,Furnished,2,3,16.0,1,6,Ready To Move,3.0,1822700.0
PROP_12684,Oakridge Valley,Independent House,2642,4,3.0,Semi-Furnished,1,1,2.0,2,6,Ready To Move,1.0,1175800.0
PROP_11908,Riverside District,Independent House,3009,4,4.0,Furnished,0,3,5.0,0,6,Under Construction,1.0,1457100.0
PROP_13782,Greenwood Heights,Luxury Villa,4477,3,3.0,Semi-Furnished,3,2,12.0,2,4,Ready To Move,3.0,2225700.0
PROP_14411,Midtown Corridor,Studio Apartment,446,1,1.0,Semi-Furnished,0,13,18.0,3,4,Ready To Move,3.0,249100.0
PROP_10369,Lakeside Estates,Apartment,2056,4,4.0,Semi-Furnished,1,8,2.0,1,7,Ready To Move,3.0,1106100.0
PROP_11938,Riverside District,Apartment,955,1,1.0,Semi-Furnished,2,22,13.0,2,4,Ready To Move,5.0,457500.0
PROP_11152,Westend Terrace,Apartment,1445,2,2.0,Furnished,1,9,5.0,2,6,Under Construction,2.0,630500.0
PROP_13526,Sunset Park,Penthouse,4661,5,6.0,Semi-Furnished,1,30,15.0,3,8,Ready To Move,1.0,2361800.0
PROP_14109,Downtown Central,Independent House,2577,3,3.0,Semi-Furnished,2,2,1.0,1,2,Ready To Move,1.0,1574700.0
PROP_15928,Oakridge Valley,Independent House,3140,5,5.0,Unfurnished,1,1,0.0,1,10,Ready To Move,5.0,1352700.0
PROP_10192,Midtown Corridor,Independent House,2177,3,2.0,Unfurnished,2,2,4.0,1,5,Under Construction,4.0,1214600.0
PROP_10175,Oakridge Valley,Apartment,1755,2,2.0,Semi-Furnished,1,7,1.0,2,6,Under Construction,4.0,645400.0
PROP_14085,Lakeside Estates,Luxury Villa,5374,5,6.0,Semi-Furnished,0,2,0.0,1,7,Ready To Move,2.0,3707700.0
PROP_13939,Riverside District,Apartment,870,1,1.0,Semi-Furnished,2,1,17.0,1,3,Ready To Move,2.0,393700.0
PROP_13858,Lakeside Estates,Apartment,1543,3,2.0,Furnished,2,3,1.0,1,3,Ready To Move,3.0,887700.0
PROP_12119,Greenwood Heights,Independent House,2866,4,5.0,Semi-Furnished,2,3,4.0,2,3,Ready To Move,2.0,1358600.0
PROP_15369,Westend Terrace,Independent House,2557,4,3.0,Semi-Furnished,2,2,5.0,1,6,Ready To Move,2.0,1283500.0
PROP_15865,Lakeside Estates,Independent House,3146,4,4.0,Unfurnished,1,2,0.0,2,10,Ready To Move,1.0,1767200.0
PROP_12844,Lakeside Estates,Apartment,1055,2,3.0,Furnished,2,14,4.0,2,6,Ready To Move,5.0,609900.0
PROP_15681,Sunset Park,Apartment,1493,2,1.0,Furnished,0,23,14.0,1,6,Ready To Move,4.0,590500.0
PROP_11165,Riverside District,Independent House,2024,3,3.0,Semi-Furnished,1,1,21.0,1,10,Ready To Move,5.0,1084300.0
PROP_12128,Silicon Hills,Independent House,2062,2,3.0,Semi-Furnished,1,1,0.0,1,7,Ready To Move,4.0,1287000.0
PROP_14484,Silicon Hills,Apartment,1506,2,1.0,Furnished,1,11,0.0,0,4,Ready To Move,2.0,927300.0
PROP_11662,Greenwood Heights,Independent House,3216,4,5.0,Furnished,2,2,3.0,2,6,Under Construction,4.0,1487000.0
PROP_10509,Riverside District,Penthouse,3712,3,5.0,Furnished,1,34,2.0,1,6,Ready To Move,1.0,2455800.0
PROP_10167,Westend Terrace,Studio Apartment,394,1,1.0,Semi-Furnished,1,9,2.0,1,4,Under Construction,4.0,221900.0
PROP_13933,Harbor Point,Apartment,1431,2,1.0,Semi-Furnished,2,18,8.0,2,4,Ready To Move,1.0,730100.0
PROP_14126,Oakridge Valley,Independent House,2233,3,3.0,Furnished,1,2,5.0,2,5,Under Construction,1.0,1009100.0
PROP_12272,Sunset Park,Apartment,1615,2,2.0,Semi-Furnished,3,23,4.0,1,8,Ready To Move,1.0,766500.0
PROP_13986,Midtown Corridor,Independent House,2537,3,3.0,Furnished,2,3,20.0,1,6,Ready To Move,5.0,1135100.0
PROP_10104,Midtown Corridor,Apartment,1102,1,1.0,Semi-Furnished,2,6,9.0,2,7,Ready To Move,5.0,605900.0
PROP_14851,Midtown Corridor,Apartment,1285,2,2.0,Semi-Furnished,1,4,17.0,0,4,Under Construction,4.0,510000.0
PROP_13221,Riverside District,Independent House,2887,4,4.0,Furnished,1,2,1.0,2,3,Under Construction,5.0,1382400.0
PROP_12733,Greenwood Heights,Apartment,1463,2,1.0,Semi-Furnished,2,22,5.0,3,8,Under Construction,3.0,650000.0
PROP_11753,Westend Terrace,Independent House,2646,4,4.0,Furnished,2,2,0.0,1,5,Ready To Move,1.0,1468700.0
PROP_15375,Riverside District,Apartment,1488,2,1.0,Semi-Furnished,1,13,1.0,2,1,Ready To Move,3.0,669100.0
PROP_12729,Oakridge Valley,Independent House,3302,5,3.0,Semi-Furnished,0,3,23.0,1,6,Ready To Move,5.0,1296100.0
PROP_11659,Sunset Park,Apartment,965,1,1.0,Semi-Furnished,1,21,3.0,2,7,Ready To Move,2.0,467500.0
PROP_10153,Harbor Point,Apartment,1335,2,1.0,Unfurnished,1,18,2.0,3,7,Ready To Move,1.0,705900.0
PROP_12973,Greenwood Heights,Apartment,1230,2,3.0,Furnished,0,17,5.0,1,5,Ready To Move,5.0,606800.0
PROP_11584,Lakeside Estates,Apartment,1389,2,1.0,Furnished,2,19,1.0,1,4,Ready To Move,4.0,734200.0
PROP_15881,Harbor Point,Independent House,2272,3,2.0,Unfurnished,1,1,16.0,1,2,Under Construction,1.0,1176100.0
PROP_12578,Sunset Park,Apartment,1410,3,3.0,Furnished,1,18,4.0,2,7,Ready To Move,1.0,659500.0
PROP_14079,Midtown Corridor,Apartment,1593,3,4.0,Unfurnished,2,14,1.0,1,4,Ready To Move,2.0,842500.0
PROP_14520,Oakridge Valley,Luxury Villa,4045,4,4.0,Furnished,1,3,14.0,0,6,Ready To Move,3.0,1857000.0
PROP_13881,Sunset Park,Apartment,1824,3,3.0,Semi-Furnished,2,15,3.0,2,7,Under Construction,4.0,795700.0
PROP_14382,Downtown Central,Apartment,1477,3,3.0,Semi-Furnished,0,22,0.0,1,8,Ready To Move,3.0,881000.0
PROP_11823,Westend Terrace,Independent House,2082,4,4.0,Semi-Furnished,2,2,19.0,2,4,Under Construction,2.0,863200.0
PROP_14644,Greenwood Heights,Apartment,1526,2,2.0,Unfurnished,2,14,6.0,1,6,Ready To Move,1.0,641800.0
PROP_15486,Oakridge Valley,Apartment,1548,3,2.0,Semi-Furnished,0,10,1.0,2,4,Ready To Move,2.0,689600.0
PROP_10310,Downtown Central,Studio Apartment,554,1,1.0,Furnished,1,5,2.0,1,7,Ready To Move,3.0,380600.0
PROP_14400,Oakridge Valley,Independent House,2408,3,3.0,Semi-Furnished,3,2,9.0,1,8,Ready To Move,5.0,1044600.0
PROP_13347,Harbor Point,Apartment,833,1,1.0,Semi-Furnished,0,23,3.0,0,2,Ready To Move,2.0,463500.0
PROP_12590,Downtown Central,Apartment,1542,2,2.0,Semi-Furnished,0,16,40.0,1,9,Under Construction,2.0,624600.0
PROP_10496,Downtown Central,Apartment,1398,3,2.0,Semi-Furnished,0,17,5.0,2,5,Ready To Move,3.0,735800.0
PROP_10206,Riverside District,Apartment,1417,2,1.0,Semi-Furnished,1,18,14.0,3,4,Under Construction,3.0,602000.0
PROP_11435,Westend Terrace,Apartment,1576,3,3.0,Furnished,1,12,1.0,0,2,Ready To Move,4.0,755700.0
PROP_11136,Midtown Corridor,Luxury Villa,4483,4,5.0,Semi-Furnished,0,4,15.0,1,8,Ready To Move,5.0,2892200.0
PROP_10869,Riverside District,Apartment,1479,2,1.0,Semi-Furnished,1,23,3.0,1,8,Under Construction,4.0,761700.0
PROP_10306,Downtown Central,Apartment,1063,1,1.0,Furnished,1,11,1.0,1,3,Ready To Move,3.0,598300.0
PROP_11850,Lakeside Estates,Penthouse,4962,4,6.0,Furnished,2,28,3.0,2,7,Ready To Move,2.0,3336100.0
PROP_14424,Silicon Hills,Apartment,1270,2,1.0,Unfurnished,1,11,0.0,2,3,Ready To Move,5.0,767400.0
PROP_11989,Greenwood Heights,Penthouse,4399,4,5.0,Furnished,1,26,0.0,3,6,Ready To Move,5.0,2446900.0
PROP_15610,Downtown Central,Apartment,1243,2,2.0,Furnished,1,24,4.0,2,8,Under Construction,3.0,721700.0
PROP_11535,Midtown Corridor,Apartment,1095,2,2.0,Semi-Furnished,2,17,4.0,1,9,Ready To Move,1.0,634300.0
PROP_10844,Greenwood Heights,Apartment,1174,2,1.0,Furnished,0,19,9.0,1,7,Ready To Move,3.0,543200.0
PROP_11988,Lakeside Estates,Luxury Villa,4448,3,4.0,Unfurnished,1,2,3.0,0,10,Ready To Move,2.0,3042200.0
PROP_13579,Silicon Hills,Independent House,2212,3,4.0,Semi-Furnished,1,3,10.0,1,8,Ready To Move,3.0,1255000.0
PROP_13865,Midtown Corridor,Independent House,1904,2,1.0,Furnished,2,2,9.0,3,9,Ready To Move,5.0,1111200.0
PROP_12555,Riverside District,Apartment,1011,1,1.0,Furnished,1,13,3.0,3,5,Ready To Move,4.0,592600.0
PROP_13227,Greenwood Heights,Penthouse,5051,4,5.0,Unfurnished,0,20,0.0,2,4,Ready To Move,1.0,2925900.0
PROP_11539,Harbor Point,Independent House,3756,5,6.0,Unfurnished,1,2,35.0,3,6,Ready To Move,3.0,1807500.0
PROP_10212,Riverside District,Luxury Villa,4646,5,6.0,Semi-Furnished,1,4,4.0,1,5,Ready To Move,1.0,2751700.0
PROP_11958,Westend Terrace,Independent House,2494,3,3.0,Semi-Furnished,2,1,0.0,1,1,Ready To Move,5.0,1258000.0
PROP_15075,Westend Terrace,Independent House,2064,3,4.0,Furnished,2,1,9.0,2,10,Under Construction,3.0,985800.0
PROP_12340,Oakridge Valley,Apartment,705,1,1.0,Semi-Furnished,2,20,5.0,1,5,Ready To Move,2.0,318100.0
PROP_15444,Midtown Corridor,Apartment,1619,2,2.0,Furnished,0,17,40.0,1,4,Ready To Move,3.0,631300.0
PROP_11350,Downtown Central,Studio Apartment,576,1,1.0,Semi-Furnished,2,19,6.0,1,6,Under Construction,1.0,330700.0
PROP_15816,Silicon Hills,Independent House,2827,4,3.0,Furnished,1,1,8.0,1,5,Ready To Move,1.0,1649200.0
PROP_14604,Downtown Central,Apartment,1123,2,2.0,Furnished,2,24,8.0,1,3,Ready To Move,1.0,667500.0
PROP_10681,Silicon Hills,Luxury Villa,5044,4,4.0,Semi-Furnished,1,3,5.0,1,8,Ready To Move,1.0,4057500.0
PROP_10181,Midtown Corridor,Studio Apartment,422,1,1.0,Furnished,0,14,3.0,1,4,Ready To Move,2.0,261000.0
PROP_13781,Oakridge Valley,Apartment,1407,2,1.0,Semi-Furnished,1,22,1.0,1,3,Ready To Move,5.0,544600.0
PROP_13067,Lakeside Estates,Apartment,1528,2,1.0,Unfurnished,2,6,6.0,2,7,Ready To Move,5.0,788700.0
PROP_13313,Greenwood Heights,Studio Apartment,605,1,1.0,Furnished,2,2,3.0,2,3,Ready To Move,2.0,339700.0
PROP_10279,Harbor Point,Independent House,1816,2,3.0,Semi-Furnished,2,1,4.0,2,5,Ready To Move,3.0,1124500.0
PROP_10290,Downtown Central,Apartment,864,1,2.0,Semi-Furnished,1,13,8.0,3,6,Ready To Move,4.0,549100.0
PROP_14516,Westend Terrace,Apartment,986,2,2.0,Semi-Furnished,1,23,2.0,2,4,Ready To Move,5.0,477300.0
PROP_10994,Oakridge Valley,Studio Apartment,573,1,1.0,Furnished,1,7,0.0,0,8,Ready To Move,2.0,323200.0
PROP_12610,Silicon Hills,Independent House,3164,4,4.0,Furnished,2,2,5.0,0,4,Ready To Move,2.0,2123700.0
PROP_14479,Oakridge Valley,Apartment,1272,2,2.0,Furnished,1,19,27.0,2,3,Ready To Move,3.0,500100.0
PROP_14241,Westend Terrace,Apartment,1680,3,3.0,Unfurnished,0,17,28.0,2,10,Ready To Move,2.0,631500.0
PROP_14823,Midtown Corridor,Apartment,1421,2,2.0,Semi-Furnished,2,7,8.0,1,3,Ready To Move,5.0,713400.0
PROP_10271,Riverside District,Independent House,2899,4,5.0,Unfurnished,1,1,4.0,1,8,Ready To Move,4.0,1525700.0
PROP_12168,Oakridge Valley,Apartment,1033,1,1.0,Furnished,2,15,10.0,1,2,Ready To Move,4.0,440800.0
PROP_15718,Greenwood Heights,Independent House,2535,4,5.0,Semi-Furnished,1,1,3.0,1,5,Ready To Move,3.0,1099000.0
PROP_12255,Lakeside Estates,Independent House,2312,3,4.0,Semi-Furnished,1,2,14.0,2,2,Ready To Move,3.0,1241300.0
PROP_14676,Oakridge Valley,Luxury Villa,3961,4,5.0,Furnished,0,3,3.0,2,4,Ready To Move,5.0,1894500.0
PROP_10112,Greenwood Heights,Independent House,2955,3,3.0,Semi-Furnished,1,2,6.0,3,6,Ready To Move,5.0,1500200.0
PROP_11392,Greenwood Heights,Independent House,2469,3,3.0,Unfurnished,1,2,2.0,3,8,Under Construction,2.0,1150900.0
PROP_10221,Downtown Central,Independent House,2405,3,3.0,Semi-Furnished,2,3,8.0,2,4,Under Construction,1.0,1328900.0
PROP_13251,Downtown Central,Apartment,1957,3,3.0,Furnished,2,20,5.0,3,7,Ready To Move,1.0,1107200.0
PROP_10084,Downtown Central,Apartment,980,2,1.0,Semi-Furnished,3,5,1.0,1,5,Ready To Move,5.0,659500.0
PROP_13456,Midtown Corridor,Penthouse,4325,4,5.0,Semi-Furnished,3,23,2.0,1,5,Ready To Move,3.0,2928400.0
PROP_10462,Downtown Central,Penthouse,3963,3,4.0,Semi-Furnished,1,20,11.0,1,10,Ready To Move,1.0,2870200.0
PROP_15290,Harbor Point,Apartment,1063,1,1.0,Furnished,2,14,5.0,2,1,Ready To Move,1.0,619400.0
PROP_10552,Greenwood Heights,Studio Apartment,568,1,1.0,Furnished,1,14,1.0,2,2,Ready To Move,2.0,289700.0
PROP_15900,Harbor Point,Apartment,1477,1,1.0,Furnished,2,7,0.0,2,10,Ready To Move,5.0,989300.0
PROP_13687,Greenwood Heights,Apartment,1811,3,3.0,Furnished,1,14,1.0,1,5,Ready To Move,1.0,842000.0
PROP_12785,Riverside District,Independent House,2076,3,2.0,Unfurnished,2,2,23.0,1,6,Ready To Move,2.0,1033500.0
PROP_12147,Silicon Hills,Apartment,1734,3,3.0,Semi-Furnished,1,4,0.0,1,6,Ready To Move,1.0,1133200.0
PROP_12898,Downtown Central,Independent House,3265,5,4.0,Semi-Furnished,1,1,1.0,1,6,Ready To Move,2.0,1957800.0
PROP_14634,Oakridge Valley,Apartment,1495,2,3.0,Furnished,1,24,0.0,1,5,Ready To Move,5.0,680800.0
PROP_10651,Downtown Central,Apartment,1019,2,1.0,Semi-Furnished,1,3,4.0,2,4,Under Construction,4.0,563400.0
PROP_10709,Silicon Hills,Apartment,1036,2,2.0,Semi-Furnished,2,20,3.0,2,9,Ready To Move,3.0,664400.0
PROP_13800,Lakeside Estates,Independent House,2368,3,3.0,Semi-Furnished,1,1,11.0,2,7,Ready To Move,5.0,1306100.0
PROP_15561,Midtown Corridor,Penthouse,4257,4,5.0,Furnished,2,23,11.0,1,6,Ready To Move,4.0,2919500.0
PROP_12359,Silicon Hills,Apartment,953,1,1.0,Furnished,3,20,15.0,1,6,Ready To Move,5.0,544700.0
PROP_11425,Riverside District,Apartment,1463,2,1.0,Semi-Furnished,1,18,6.0,2,7,Ready To Move,1.0,676600.0
PROP_11217,Downtown Central,Apartment,1552,3,3.0,Furnished,2,22,5.0,3,7,Ready To Move,4.0,863900.0
PROP_15524,Silicon Hills,Apartment,1048,1,1.0,Semi-Furnished,1,19,5.0,1,8,Ready To Move,3.0,652600.0
PROP_11925,Riverside District,Independent House,2249,3,2.0,Semi-Furnished,2,2,2.0,2,6,Ready To Move,4.0,1376000.0
PROP_12754,Harbor Point,Independent House,2755,4,5.0,Furnished,1,1,3.0,2,2,Ready To Move,2.0,1802100.0
PROP_13320,Downtown Central,Independent House,2386,3,4.0,Semi-Furnished,3,2,10.0,0,5,Ready To Move,1.0,1403200.0
PROP_10315,Harbor Point,Apartment,1640,3,3.0,Semi-Furnished,3,2,22.0,0,5,Ready To Move,2.0,870500.0
PROP_15993,Harbor Point,Luxury Villa,5010,4,5.0,Furnished,1,2,5.0,1,6,Ready To Move,2.0,3514300.0
PROP_11428,Sunset Park,Studio Apartment,596,1,1.0,Semi-Furnished,1,10,0.0,1,5,Ready To Move,2.0,297600.0
PROP_13997,Harbor Point,Apartment,1476,2,1.0,Semi-Furnished,0,15,2.0,2,5,Ready To Move,3.0,807000.0
PROP_12956,Downtown Central,Luxury Villa,4783,5,6.0,Semi-Furnished,2,3,4.0,1,9,Under Construction,3.0,3075100.0
PROP_14701,Westend Terrace,Independent House,2620,3,3.0,Unfurnished,1,2,2.0,0,6,Ready To Move,3.0,1296600.0
PROP_13888,Lakeside Estates,Apartment,1511,3,3.0,Furnished,2,1,0.0,1,6,Under Construction,3.0,908200.0
PROP_13236,Silicon Hills,Apartment,1861,3,3.0,Semi-Furnished,1,1,1.0,2,8,Under Construction,4.0,1122700.0
PROP_14429,Silicon Hills,Apartment,1327,2,2.0,Semi-Furnished,1,10,3.0,1,8,Ready To Move,5.0,824700.0
PROP_13310,Riverside District,Luxury Villa,5600,5,6.0,Semi-Furnished,2,4,11.0,1,8,Ready To Move,1.0,3163900.0
PROP_15113,Harbor Point,Apartment,1621,3,3.0,Semi-Furnished,0,7,8.0,1,5,Under Construction,4.0,764800.0
PROP_12544,Silicon Hills,Independent House,2742,4,4.0,Unfurnished,2,2,6.0,1,7,Ready To Move,2.0,1737400.0
PROP_10685,Westend Terrace,Independent House,2077,2,2.0,Semi-Furnished,2,3,0.0,2,3,Ready To Move,5.0,1026500.0
PROP_14852,Silicon Hills,Apartment,1399,2,2.0,Semi-Furnished,0,21,4.0,1,3,Ready To Move,2.0,839200.0
PROP_15107,Oakridge Valley,Penthouse,4070,3,5.0,Unfurnished,1,25,1.0,2,10,Ready To Move,4.0,2264200.0
PROP_15130,Midtown Corridor,Penthouse,4239,4,5.0,Semi-Furnished,0,21,1.0,0,6,Ready To Move,1.0,2845500.0
PROP_14072,Greenwood Heights,Apartment,1013,2,3.0,Furnished,0,7,26.0,2,5,Ready To Move,4.0,421300.0
PROP_10327,Downtown Central,Independent House,3000,3,4.0,Unfurnished,0,1,9.0,1,7,Ready To Move,2.0,1706400.0
PROP_15370,Midtown Corridor,Independent House,2359,3,3.0,Furnished,1,1,2.0,2,6,Ready To Move,4.0,1395700.0
PROP_15480,Harbor Point,Apartment,1542,2,2.0,Furnished,1,10,0.0,1,3,Ready To Move,5.0,914800.0
PROP_12612,Silicon Hills,Apartment,1255,2,3.0,Semi-Furnished,2,14,4.0,3,5,Ready To Move,5.0,748600.0
PROP_15203,Oakridge Valley,Apartment,1782,3,4.0,Unfurnished,0,14,5.0,2,9,Ready To Move,3.0,750800.0
PROP_12349,Lakeside Estates,Apartment,1705,3,2.0,Semi-Furnished,2,11,0.0,0,1,Ready To Move,3.0,955100.0
PROP_14077,Midtown Corridor,Apartment,833,2,1.0,Semi-Furnished,2,15,1.0,2,7,Under Construction,2.0,473500.0
PROP_14102,Midtown Corridor,Studio Apartment,452,1,1.0,Unfurnished,1,5,0.0,1,4,Under Construction,1.0,259800.0
PROP_13809,Greenwood Heights,Independent House,2369,4,4.0,Semi-Furnished,0,1,2.0,2,2,Ready To Move,2.0,1154100.0
PROP_10349,Silicon Hills,Independent House,2886,4,4.0,Semi-Furnished,1,3,9.0,1,6,Ready To Move,1.0,1846700.0
PROP_11627,Westend Terrace,Studio Apartment,492,1,1.0,Unfurnished,2,7,0.0,0,9,Under Construction,1.0,270100.0
PROP_13246,Midtown Corridor,Apartment,1415,2,2.0,Unfurnished,3,10,10.0,2,1,Ready To Move,2.0,663800.0
PROP_10872,Downtown Central,Apartment,811,1,1.0,Furnished,1,19,7.0,1,6,Ready To Move,3.0,505800.0
PROP_15433,Sunset Park,Penthouse,4523,4,6.0,Semi-Furnished,1,33,2.0,2,6,Ready To Move,2.0,2652500.0
PROP_14332,Lakeside Estates,Luxury Villa,5263,5,6.0,Furnished,1,2,0.0,1,9,Ready To Move,2.0,3834000.0
PROP_15253,Sunset Park,Studio Apartment,713,1,1.0,Furnished,2,13,4.0,1,8,Under Construction,3.0,361900.0
PROP_12122,Sunset Park,Apartment,2035,3,3.0,Unfurnished,0,16,4.0,0,6,Ready To Move,2.0,797600.0
PROP_12419,Riverside District,Studio Apartment,555,1,1.0,Semi-Furnished,2,12,8.0,1,5,Ready To Move,3.0,277900.0
PROP_10086,Oakridge Valley,Penthouse,4366,3,5.0,Semi-Furnished,1,23,2.0,0,7,Ready To Move,2.0,2341500.0
PROP_13537,Greenwood Heights,Studio Apartment,624,1,1.0,Furnished,1,5,4.0,1,4,Ready To Move,3.0,309000.0
PROP_11878,Downtown Central,Apartment,1609,3,3.0,Furnished,1,9,2.0,1,5,Ready To Move,5.0,1045400.0
PROP_14752,Silicon Hills,Studio Apartment,604,1,1.0,Furnished,1,8,4.0,2,4,Under Construction,5.0,398000.0
PROP_15149,Silicon Hills,Independent House,2448,3,4.0,Furnished,2,2,8.0,2,5,Under Construction,4.0,1560600.0
PROP_15618,Sunset Park,Apartment,1649,2,2.0,Furnished,1,1,6.0,2,2,Ready To Move,2.0,724500.0
PROP_10495,Lakeside Estates,Luxury Villa,4980,4,5.0,Semi-Furnished,1,2,0.0,0,7,Ready To Move,1.0,3641100.0
PROP_12987,Greenwood Heights,Apartment,1018,2,2.0,Semi-Furnished,2,14,18.0,0,5,Ready To Move,2.0,453600.0
PROP_13130,Harbor Point,Apartment,1239,2,1.0,Unfurnished,1,7,13.0,1,7,Ready To Move,5.0,732700.0
PROP_12779,Downtown Central,Studio Apartment,568,1,1.0,Semi-Furnished,1,5,7.0,2,4,Ready To Move,1.0,320300.0
PROP_11271,Greenwood Heights,Studio Apartment,396,1,1.0,Semi-Furnished,0,10,4.0,1,5,Ready To Move,2.0,211700.0
PROP_12674,Silicon Hills,Independent House,1981,3,2.0,Semi-Furnished,0,3,9.0,1,7,Ready To Move,4.0,1236700.0
PROP_14929,Downtown Central,Apartment,1411,2,2.0,Unfurnished,1,22,6.0,1,8,Ready To Move,3.0,852200.0
PROP_14971,Harbor Point,Luxury Villa,4375,4,4.0,Furnished,1,3,2.0,2,6,Ready To Move,5.0,3222100.0
PROP_10619,Lakeside Estates,Independent House,2078,3,3.0,Semi-Furnished,1,2,40.0,2,9,Under Construction,5.0,850100.0
PROP_15147,Silicon Hills,Apartment,1517,3,3.0,Furnished,2,8,6.0,1,4,Ready To Move,3.0,939300.0
PROP_13847,Sunset Park,Apartment,1249,2,1.0,Semi-Furnished,1,17,17.0,3,3,Ready To Move,3.0,533300.0
PROP_14258,Lakeside Estates,Apartment,1863,3,3.0,Furnished,1,8,27.0,2,1,Ready To Move,1.0,863700.0
PROP_12571,Lakeside Estates,Independent House,2337,3,2.0,Semi-Furnished,2,1,0.0,1,6,Ready To Move,5.0,1260100.0
PROP_13635,Lakeside Estates,Studio Apartment,595,1,1.0,Semi-Furnished,2,6,20.0,2,4,Ready To Move,2.0,295800.0
PROP_13077,Sunset Park,Independent House,1328,2,2.0,Semi-Furnished,1,2,1.0,1,4,Ready To Move,2.0,669500.0
PROP_11414,Greenwood Heights,Apartment,1557,3,3.0,Semi-Furnished,2,1,1.0,1,1,Ready To Move,4.0,763600.0
PROP_12202,Silicon Hills,Apartment,1674,3,3.0,Semi-Furnished,2,17,4.0,2,6,Ready To Move,1.0,1005400.0
PROP_14919,Downtown Central,Apartment,896,2,1.0,Unfurnished,1,21,19.0,2,3,Under Construction,1.0,431300.0
PROP_14817,Greenwood Heights,Independent House,2230,4,4.0,Furnished,1,3,34.0,2,9,Ready To Move,5.0,787700.0
PROP_10870,Greenwood Heights,Luxury Villa,4463,4,4.0,Semi-Furnished,1,2,12.0,1,10,Ready To Move,3.0,2300300.0
PROP_12007,Oakridge Valley,Luxury Villa,4431,5,6.0,Unfurnished,2,3,8.0,3,6,Ready To Move,1.0,2102200.0
PROP_14162,Silicon Hills,Independent House,2540,4,4.0,Semi-Furnished,2,2,11.0,1,8,Under Construction,4.0,1582900.0
PROP_10357,Westend Terrace,Apartment,1542,3,3.0,Semi-Furnished,1,13,16.0,1,8,Ready To Move,5.0,724800.0
PROP_11163,Lakeside Estates,Apartment,1601,2,2.0,Semi-Furnished,1,6,6.0,1,5,Ready To Move,2.0,799400.0
PROP_14571,Lakeside Estates,Luxury Villa,5356,4,5.0,Furnished,1,3,4.0,0,2,Under Construction,4.0,3180100.0
PROP_13164,Midtown Corridor,Independent House,2876,4,3.0,Semi-Furnished,2,2,1.0,3,9,Ready To Move,4.0,1568200.0
PROP_15941,Silicon Hills,Apartment,1818,3,2.0,Furnished,2,5,1.0,1,5,Ready To Move,4.0,1145000.0
PROP_11891,Silicon Hills,Luxury Villa,4738,5,6.0,Furnished,2,3,0.0,0,6,Ready To Move,5.0,3607800.0
PROP_10580,Downtown Central,Apartment,1496,3,3.0,Furnished,1,4,2.0,2,5,Ready To Move,4.0,820500.0
PROP_12572,Oakridge Valley,Independent House,2798,3,3.0,Furnished,1,2,15.0,1,4,Ready To Move,3.0,1046400.0
PROP_11692,Riverside District,Apartment,890,1,1.0,Unfurnished,2,24,1.0,0,7,Ready To Move,1.0,494400.0
PROP_10863,Westend Terrace,Luxury Villa,4579,3,3.0,Unfurnished,3,4,0.0,2,6,Under Construction,1.0,2385500.0
PROP_14031,Riverside District,Apartment,1337,2,1.0,Furnished,1,8,26.0,2,4,Ready To Move,1.0,559300.0
PROP_13327,Midtown Corridor,Apartment,1461,3,2.0,Unfurnished,2,23,10.0,1,4,Ready To Move,2.0,789800.0
PROP_14238,Silicon Hills,Penthouse,4095,4,5.0,Furnished,2,27,4.0,0,7,Ready To Move,5.0,3304900.0
PROP_14662,Sunset Park,Apartment,2090,3,3.0,Semi-Furnished,1,24,22.0,3,3,Ready To Move,3.0,760500.0
PROP_11117,Oakridge Valley,Studio Apartment,596,1,1.0,Semi-Furnished,0,13,10.0,2,5,Under Construction,4.0,245700.0
PROP_11542,Oakridge Valley,Independent House,2850,4,3.0,Furnished,1,2,4.0,0,5,Ready To Move,5.0,1225300.0
PROP_14412,Sunset Park,Studio Apartment,506,1,1.0,Semi-Furnished,2,6,3.0,2,5,Ready To Move,2.0,286100.0
PROP_14632,Greenwood Heights,Apartment,1996,3,2.0,Furnished,1,6,4.0,2,5,Ready To Move,1.0,895700.0
PROP_15539,Sunset Park,Apartment,1104,1,1.0,Semi-Furnished,1,5,8.0,2,4,Under Construction,4.0,396500.0
PROP_12630,Oakridge Valley,Independent House,1983,3,2.0,Semi-Furnished,3,2,0.0,0,5,Ready To Move,3.0,937100.0
PROP_15317,Greenwood Heights,Apartment,2373,4,4.0,Semi-Furnished,1,15,0.0,2,5,Ready To Move,2.0,1062100.0
PROP_15333,Sunset Park,Independent House,2961,5,5.0,Semi-Furnished,2,2,2.0,1,4,Ready To Move,5.0,1474000.0
PROP_15930,Harbor Point,Independent House,2329,3,3.0,Semi-Furnished,1,2,12.0,0,6,Under Construction,3.0,1265900.0
PROP_12418,Riverside District,Luxury Villa,4822,5,6.0,Semi-Furnished,2,2,5.0,0,3,Under Construction,4.0,2636500.0
PROP_15746,Sunset Park,Apartment,1169,2,3.0,Unfurnished,1,9,4.0,2,6,Ready To Move,2.0,548600.0
PROP_15094,Downtown Central,Luxury Villa,5118,5,6.0,Furnished,0,4,40.0,0,8,Ready To Move,4.0,2599900.0
PROP_15778,Midtown Corridor,Studio Apartment,568,1,1.0,Unfurnished,1,11,4.0,2,8,Ready To Move,3.0,337600.0
PROP_12053,Riverside District,Studio Apartment,455,1,1.0,Furnished,1,9,3.0,2,8,Ready To Move,4.0,316300.0
PROP_11777,Lakeside Estates,Studio Apartment,601,1,1.0,Furnished,1,14,10.0,1,8,Under Construction,1.0,334500.0
PROP_13587,Riverside District,Studio Apartment,622,1,1.0,Semi-Furnished,2,17,4.0,1,9,Ready To Move,4.0,395800.0
PROP_14317,Westend Terrace,Independent House,2316,3,4.0,Semi-Furnished,3,2,34.0,1,4,Ready To Move,3.0,929800.0
PROP_11593,Silicon Hills,Luxury Villa,5428,5,6.0,Unfurnished,2,3,10.0,3,9,Under Construction,4.0,3574500.0
PROP_11724,Silicon Hills,Apartment,1472,2,1.0,Unfurnished,1,14,0.0,1,8,Ready To Move,3.0,6092450.0
PROP_14710,Riverside District,Apartment,1091,1,2.0,Furnished,2,15,2.0,2,5,Ready To Move,1.0,559700.0
PROP_15723,Riverside District,Penthouse,4480,4,5.0,Unfurnished,2,23,3.0,1,6,Ready To Move,3.0,2800600.0
PROP_10491,Downtown Central,Apartment,1344,2,3.0,Semi-Furnished,1,19,2.0,2,3,Ready To Move,3.0,735100.0
PROP_15059,Lakeside Estates,Apartment,914,1,1.0,Furnished,2,18,12.0,1,5,Under Construction,1.0,483200.0
PROP_11007,Lakeside Estates,Apartment,1152,2,2.0,Unfurnished,1,3,10.0,2,4,Ready To Move,5.0,598900.0
PROP_13169,Downtown Central,Apartment,1274,2,3.0,Unfurnished,2,5,5.0,0,2,Under Construction,5.0,663300.0
PROP_13489,Sunset Park,Apartment,1768,3,3.0,Semi-Furnished,1,13,22.0,0,7,Ready To Move,1.0,655100.0
PROP_11418,Oakridge Valley,Apartment,1567,3,2.0,Furnished,2,19,2.0,1,10,Ready To Move,3.0,713300.0
PROP_10026,Downtown Central,Apartment,1614,3,3.0,Furnished,1,19,3.0,3,2,Ready To Move,1.0,918600.0
PROP_11114,Sunset Park,Apartment,1948,3,2.0,Unfurnished,1,18,26.0,1,5,Ready To Move,2.0,693400.0
PROP_15912,Riverside District,Apartment,1637,3,2.0,Furnished,0,4,5.0,2,4,Ready To Move,2.0,812700.0
PROP_11553,Harbor Point,Apartment,1655,3,4.0,Unfurnished,1,19,0.0,1,9,Ready To Move,5.0,1010900.0
PROP_15140,Lakeside Estates,Luxury Villa,3882,4,5.0,Unfurnished,0,2,5.0,1,8,Under Construction,2.0,2396200.0
PROP_15712,Midtown Corridor,Independent House,3221,5,4.0,Semi-Furnished,0,2,1.0,0,5,Ready To Move,4.0,1910900.0
PROP_10434,Greenwood Heights,Apartment,1487,2,1.0,Semi-Furnished,2,7,11.0,2,5,Under Construction,2.0,530200.0
PROP_12946,Oakridge Valley,Independent House,3008,4,5.0,Semi-Furnished,2,1,2.0,3,6,Under Construction,3.0,1222400.0
PROP_12828,Riverside District,Apartment,1207,2,2.0,Semi-Furnished,2,2,4.0,2,4,Under Construction,1.0,603800.0
PROP_14041,Sunset Park,Independent House,2000,2,1.0,Unfurnished,2,3,5.0,2,3,Ready To Move,5.0,862800.0
PROP_15020,Silicon Hills,Apartment,1329,1,1.0,Semi-Furnished,1,19,4.0,1,4,Ready To Move,4.0,769800.0
PROP_15552,Riverside District,Independent House,2694,3,3.0,Furnished,1,1,0.0,0,1,Under Construction,2.0,1529000.0
PROP_13733,Downtown Central,Independent House,2599,4,3.0,Semi-Furnished,2,3,6.0,1,6,Ready To Move,3.0,1524200.0
PROP_14471,Downtown Central,Apartment,824,1,1.0,Semi-Furnished,1,10,6.0,2,6,Under Construction,1.0,448000.0
PROP_14051,Westend Terrace,Studio Apartment,702,1,1.0,Furnished,1,7,17.0,2,10,Ready To Move,3.0,397900.0
PROP_15810,Midtown Corridor,Penthouse,4080,4,5.0,Furnished,1,23,9.0,0,3,Ready To Move,4.0,2638100.0
PROP_11103,Westend Terrace,Apartment,1105,2,2.0,Furnished,2,17,2.0,2,6,Ready To Move,1.0,605000.0
PROP_14276,Lakeside Estates,Luxury Villa,4131,4,5.0,Furnished,1,2,15.0,2,4,Ready To Move,1.0,2562200.0
PROP_15643,Midtown Corridor,Penthouse,4285,3,4.0,Furnished,1,28,1.0,1,6,Ready To Move,5.0,2819700.0
PROP_14177,Riverside District,Apartment,1381,2,1.0,Unfurnished,1,13,5.0,1,6,Under Construction,3.0,603600.0
PROP_10195,Harbor Point,Apartment,1950,4,3.0,Semi-Furnished,3,4,14.0,2,3,Under Construction,5.0,934900.0
PROP_10616,Oakridge Valley,Apartment,1302,2,3.0,Semi-Furnished,1,14,20.0,2,8,Ready To Move,4.0,536300.0
PROP_10644,Silicon Hills,Studio Apartment,495,1,1.0,Semi-Furnished,2,16,0.0,1,7,Ready To Move,2.0,361000.0
PROP_14324,Sunset Park,Penthouse,4210,4,5.0,Furnished,1,23,19.0,2,6,Under Construction,4.0,2135700.0
PROP_15638,Downtown Central,Independent House,2164,2,1.0,Semi-Furnished,0,2,1.0,1,3,Ready To Move,1.0,1252400.0
PROP_15087,Greenwood Heights,Penthouse,4920,5,6.0,Semi-Furnished,1,23,2.0,1,5,Ready To Move,1.0,3136800.0
PROP_10331,Harbor Point,Independent House,2739,4,3.0,Semi-Furnished,2,2,8.0,1,9,Ready To Move,2.0,1639600.0
PROP_13556,Sunset Park,Apartment,965,2,3.0,Semi-Furnished,1,12,2.0,2,7,Ready To Move,5.0,511600.0
PROP_13762,Riverside District,Penthouse,4430,4,6.0,Semi-Furnished,1,25,7.0,2,7,Ready To Move,5.0,2814900.0
PROP_13134,Midtown Corridor,Apartment,1507,3,2.0,Semi-Furnished,0,9,40.0,2,1,Ready To Move,4.0,526800.0
PROP_15603,Oakridge Valley,Apartment,1508,2,2.0,Furnished,0,12,1.0,2,9,Ready To Move,4.0,692600.0
PROP_10484,Sunset Park,Penthouse,4653,4,5.0,Semi-Furnished,1,22,12.0,2,7,Ready To Move,5.0,2403700.0
PROP_14616,Westend Terrace,Apartment,1943,3,3.0,Furnished,2,19,0.0,1,7,Under Construction,3.0,910000.0
PROP_13821,Sunset Park,Studio Apartment,494,1,1.0,Semi-Furnished,2,14,17.0,2,2,Ready To Move,4.0,242400.0
PROP_12060,Downtown Central,Independent House,3014,5,6.0,Semi-Furnished,1,2,4.0,1,3,Ready To Move,1.0,1719600.0
PROP_15274,Riverside District,Apartment,1469,3,3.0,Unfurnished,1,1,7.0,1,8,Ready To Move,2.0,665900.0
PROP_10033,Lakeside Estates,Independent House,3085,4,3.0,Semi-Furnished,2,2,12.0,3,5,Ready To Move,3.0,1604800.0
PROP_10665,Midtown Corridor,Apartment,1367,2,1.0,Semi-Furnished,1,10,10.0,1,10,Ready To Move,3.0,698000.0
PROP_15771,Sunset Park,Independent House,2392,3,3.0,Furnished,2,1,22.0,1,6,Under Construction,2.0,848800.0
PROP_14274,Lakeside Estates,Independent House,2425,3,3.0,Furnished,2,1,7.0,2,5,Ready To Move,5.0,1416200.0
PROP_11445,Westend Terrace,Luxury Villa,4999,5,6.0,Semi-Furnished,0,2,0.0,2,6,Ready To Move,1.0,2825800.0
PROP_12641,Sunset Park,Independent House,2757,5,6.0,Unfurnished,0,1,6.0,2,4,Ready To Move,5.0,1226700.0
PROP_13952,Downtown Central,Apartment,1720,3,2.0,Semi-Furnished,2,11,0.0,1,5,Ready To Move,5.0,1054600.0
PROP_15877,Riverside District,Penthouse,4387,5,6.0,Semi-Furnished,2,30,16.0,0,8,Ready To Move,5.0,2529900.0
PROP_11706,Harbor Point,Luxury Villa,5040,5,6.0,Furnished,1,3,26.0,1,7,Ready To Move,2.0,3027800.0
PROP_15929,Silicon Hills,Apartment,1581,3,3.0,Furnished,1,23,13.0,2,8,Ready To Move,5.0,845100.0
PROP_15951,Harbor Point,Apartment,1310,2,1.0,Unfurnished,0,24,11.0,0,5,Ready To Move,4.0,661700.0
PROP_14747,Harbor Point,Apartment,1695,3,2.0,Semi-Furnished,1,10,12.0,2,8,Ready To Move,2.0,916300.0
PROP_12278,Oakridge Valley,Independent House,2325,3,4.0,Furnished,2,2,1.0,3,4,Ready To Move,5.0,1168500.0
PROP_11402,Harbor Point,Apartment,747,1,1.0,Furnished,1,22,5.0,1,6,Ready To Move,2.0,467200.0
PROP_13366,Downtown Central,Apartment,1446,2,2.0,Unfurnished,1,7,2.0,1,6,Ready To Move,2.0,783600.0
PROP_10171,Greenwood Heights,Independent House,2309,3,3.0,Furnished,1,3,24.0,1,5,Ready To Move,5.0,1008900.0
PROP_10541,Harbor Point,Luxury Villa,3925,4,5.0,Semi-Furnished,1,3,2.0,1,7,Ready To Move,3.0,2925100.0
PROP_13167,Oakridge Valley,Apartment,2141,3,3.0,Semi-Furnished,0,18,0.0,1,8,Ready To Move,4.0,909400.0
PROP_14509,Oakridge Valley,Apartment,981,2,2.0,Unfurnished,1,9,0.0,1,7,Ready To Move,2.0,451600.0
PROP_15490,Silicon Hills,Apartment,1059,2,2.0,Semi-Furnished,0,24,0.0,1,7,Ready To Move,4.0,709800.0
PROP_14595,Downtown Central,Apartment,1399,2,2.0,Semi-Furnished,1,21,3.0,1,6,Ready To Move,2.0,726600.0
PROP_10675,Downtown Central,Apartment,1787,3,2.0,Semi-Furnished,2,13,5.0,1,10,Ready To Move,3.0,959900.0
PROP_12938,Oakridge Valley,Apartment,1495,2,3.0,Semi-Furnished,2,9,3.0,0,6,Under Construction,5.0,602600.0
PROP_15126,Westend Terrace,Apartment,1163,2,2.0,Unfurnished,1,10,8.0,0,2,Ready To Move,1.0,489100.0
PROP_11816,Harbor Point,Luxury Villa,4082,4,5.0,Unfurnished,1,2,1.0,1,1,Ready To Move,1.0,2771000.0
PROP_14801,Greenwood Heights,Apartment,1013,2,3.0,Unfurnished,3,18,0.0,0,6,Under Construction,3.0,482700.0
PROP_12101,Riverside District,Apartment,1814,3,3.0,Furnished,2,13,12.0,0,4,Ready To Move,1.0,856000.0
PROP_13307,Greenwood Heights,Apartment,1149,2,1.0,Semi-Furnished,1,8,12.0,1,7,Ready To Move,1.0,505800.0
PROP_15851,Silicon Hills,Studio Apartment,633,1,1.0,Furnished,1,6,15.0,1,6,Ready To Move,3.0,383600.0
PROP_12102,Silicon Hills,Apartment,1019,1,1.0,Furnished,0,8,10.0,1,5,Under Construction,4.0,593100.0
PROP_15097,Downtown Central,Luxury Villa,6334,6,7.0,Furnished,1,4,18.0,0,6,Ready To Move,5.0,4425400.0
PROP_13113,Harbor Point,Independent House,2926,3,3.0,Semi-Furnished,1,2,0.0,1,6,Ready To Move,4.0,1811800.0
PROP_11549,Lakeside Estates,Independent House,2737,4,5.0,Furnished,0,3,0.0,1,7,Under Construction,5.0,1688000.0
PROP_13406,Downtown Central,Apartment,2168,4,4.0,Furnished,1,4,5.0,0,4,Ready To Move,2.0,1365100.0
PROP_12400,Harbor Point,Studio Apartment,472,1,1.0,Furnished,0,16,1.0,2,4,Under Construction,2.0,303300.0
PROP_10356,Harbor Point,Apartment,1273,2,2.0,Unfurnished,1,23,11.0,2,10,Ready To Move,5.0,724700.0
PROP_15798,Downtown Central,Independent House,3704,5,5.0,Semi-Furnished,0,2,10.0,2,4,Ready To Move,1.0,2106500.0
PROP_12717,Harbor Point,Apartment,1694,3,3.0,Semi-Furnished,3,3,5.0,1,10,Under Construction,1.0,940000.0
PROP_13412,Westend Terrace,Luxury Villa,3868,4,5.0,Unfurnished,1,3,2.0,1,3,Ready To Move,4.0,2104400.0
PROP_15329,Harbor Point,Independent House,2576,4,4.0,Unfurnished,2,1,2.0,1,9,Ready To Move,5.0,1569000.0
PROP_14288,Silicon Hills,Studio Apartment,584,1,1.0,Furnished,0,13,7.0,2,6,Under Construction,1.0,370400.0
PROP_11052,Greenwood Heights,Studio Apartment,531,1,1.0,Semi-Furnished,2,1,38.0,1,6,Ready To Move,4.0,223800.0
PROP_12322,Silicon Hills,Apartment,1341,2,2.0,Semi-Furnished,2,15,1.0,2,9,Ready To Move,3.0,888200.0
PROP_14294,Westend Terrace,Luxury Villa,4459,4,5.0,Semi-Furnished,2,3,4.0,0,6,Ready To Move,2.0,2712100.0
PROP_13642,Oakridge Valley,Apartment,1430,2,2.0,Furnished,3,4,0.0,2,2,Ready To Move,2.0,668200.0
PROP_11752,Harbor Point,Independent House,2171,4,4.0,Furnished,2,1,6.0,1,5,Under Construction,2.0,1291100.0
PROP_12482,Westend Terrace,Apartment,1809,3,3.0,Furnished,1,4,14.0,1,4,Under Construction,5.0,804000.0
PROP_11773,Riverside District,Apartment,775,1,1.0,Unfurnished,1,21,3.0,2,5,Ready To Move,2.0,402800.0
PROP_11197,Harbor Point,Independent House,2400,3,3.0,Unfurnished,2,2,3.0,2,5,Ready To Move,4.0,1436400.0
PROP_11879,Greenwood Heights,Independent House,3343,4,4.0,Unfurnished,0,1,12.0,1,8,Ready To Move,4.0,1494700.0
PROP_12017,Downtown Central,Apartment,824,1,1.0,Furnished,1,24,0.0,1,5,Ready To Move,2.0,512500.0
PROP_12006,Midtown Corridor,Luxury Villa,4751,3,3.0,Furnished,2,2,3.0,1,8,Ready To Move,4.0,3062600.0
PROP_14881,Silicon Hills,Independent House,3400,5,5.0,Semi-Furnished,2,1,17.0,1,7,Under Construction,1.0,1879000.0
PROP_11483,Riverside District,Luxury Villa,4680,4,5.0,Furnished,1,3,3.0,1,3,Ready To Move,2.0,2617900.0
PROP_10329,Downtown Central,Apartment,1263,2,2.0,Semi-Furnished,0,9,2.0,2,3,Under Construction,2.0,700300.0
PROP_10649,Harbor Point,Independent House,2511,4,4.0,Unfurnished,1,2,3.0,2,2,Ready To Move,5.0,1591300.0
PROP_15091,Greenwood Heights,Luxury Villa,4458,4,4.0,Unfurnished,1,4,0.0,2,5,Under Construction,3.0,2291900.0
PROP_11124,Greenwood Heights,Independent House,2851,3,2.0,Furnished,1,1,26.0,1,6,Ready To Move,4.0,1017100.0
PROP_12796,Harbor Point,Studio Apartment,493,1,1.0,Unfurnished,1,9,0.0,1,6,Ready To Move,4.0,338500.0
PROP_12981,Greenwood Heights,Independent House,2770,4,4.0,Furnished,1,1,13.0,2,5,Ready To Move,3.0,1268700.0
PROP_12478,Riverside District,Apartment,919,1,1.0,Furnished,2,14,25.0,1,6,Ready To Move,3.0,433000.0
PROP_12863,Riverside District,Luxury Villa,3974,4,4.0,Unfurnished,1,3,2.0,1,10,Ready To Move,1.0,2284000.0
PROP_12816,Riverside District,Apartment,1731,3,3.0,Furnished,1,21,4.0,1,6,Ready To Move,5.0,879600.0
PROP_15038,Silicon Hills,Apartment,951,1,1.0,Furnished,1,23,11.0,3,5,Ready To Move,5.0,557600.0
PROP_11260,Downtown Central,Penthouse,5080,5,7.0,Furnished,1,26,7.0,1,4,Ready To Move,1.0,3664800.0
PROP_13216,Silicon Hills,Luxury Villa,4551,4,5.0,Unfurnished,1,3,0.0,1,9,Ready To Move,2.0,3505200.0
PROP_13434,Midtown Corridor,Independent House,2900,4,3.0,Semi-Furnished,2,2,2.0,1,8,Ready To Move,4.0,1775400.0
PROP_14220,Lakeside Estates,Independent House,2759,4,3.0,Unfurnished,1,2,13.0,1,4,Under Construction,4.0,1242400.0
PROP_11520,Riverside District,Apartment,1161,2,2.0,Semi-Furnished,1,5,4.0,2,3,Ready To Move,1.0,529800.0
PROP_11379,Harbor Point,Apartment,1194,2,2.0,Semi-Furnished,1,10,5.0,0,2,Ready To Move,2.0,756200.0
PROP_14396,Riverside District,Apartment,1118,1,1.0,Semi-Furnished,3,2,6.0,2,4,Under Construction,3.0,528200.0
PROP_11024,Harbor Point,Luxury Villa,5756,5,6.0,Semi-Furnished,2,2,3.0,1,6,Under Construction,2.0,3737000.0
PROP_12896,Greenwood Heights,Independent House,3102,5,5.0,Semi-Furnished,2,2,3.0,2,4,Ready To Move,4.0,1590500.0
PROP_14280,Sunset Park,Apartment,1430,2,2.0,Furnished,3,17,16.0,2,7,Ready To Move,5.0,574800.0
PROP_13618,Oakridge Valley,Independent House,2881,4,4.0,Furnished,1,1,3.0,1,5,Ready To Move,3.0,1264700.0
PROP_10913,Harbor Point,Independent House,2514,3,2.0,Semi-Furnished,1,2,13.0,2,4,Under Construction,2.0,1348900.0
PROP_14858,Lakeside Estates,Apartment,1265,2,3.0,Unfurnished,3,13,5.0,1,2,Ready To Move,2.0,682800.0
PROP_11676,Oakridge Valley,Studio Apartment,672,1,1.0,Furnished,0,18,2.0,3,5,Ready To Move,5.0,341800.0
PROP_11747,Oakridge Valley,Independent House,2397,3,2.0,Unfurnished,0,3,8.0,1,2,Ready To Move,5.0,919200.0
PROP_13054,Lakeside Estates,Apartment,1768,3,3.0,Furnished,1,3,1.0,2,7,Ready To Move,5.0,995200.0
PROP_11737,Harbor Point,Independent House,2313,3,2.0,Semi-Furnished,1,1,3.0,3,4,Ready To Move,1.0,1398000.0
PROP_11630,Westend Terrace,Independent House,3388,5,4.0,Furnished,2,2,2.0,1,9,Ready To Move,4.0,1736900.0
PROP_13828,Greenwood Heights,Penthouse,4014,3,5.0,Furnished,1,32,0.0,0,3,Under Construction,3.0,2366300.0
PROP_10431,Riverside District,Independent House,1883,3,3.0,Semi-Furnished,2,2,3.0,2,8,Ready To Move,4.0,1065600.0
PROP_11809,Midtown Corridor,Studio Apartment,430,1,1.0,Semi-Furnished,2,15,1.0,2,5,Ready To Move,1.0,283000.0
PROP_14723,Riverside District,Studio Apartment,560,1,1.0,Semi-Furnished,1,4,5.0,2,7,Ready To Move,3.0,333300.0
PROP_12405,Downtown Central,Studio Apartment,679,1,1.0,Semi-Furnished,1,2,5.0,1,6,Ready To Move,5.0,388600.0
PROP_13425,Silicon Hills,Apartment,1212,2,1.0,Semi-Furnished,2,1,0.0,0,6,Ready To Move,1.0,763000.0
PROP_14923,Westend Terrace,Luxury Villa,3621,3,4.0,Furnished,2,2,33.0,1,10,Under Construction,5.0,1517500.0
PROP_14199,Sunset Park,Apartment,1642,3,3.0,Furnished,1,1,1.0,1,5,Under Construction,2.0,662000.0
PROP_12223,Greenwood Heights,Studio Apartment,691,1,1.0,Furnished,2,8,0.0,1,7,Ready To Move,1.0,364600.0
PROP_13625,Greenwood Heights,Apartment,1195,1,1.0,Semi-Furnished,1,10,9.0,3,3,Ready To Move,1.0,482400.0
PROP_13271,Riverside District,Apartment,1149,2,1.0,Semi-Furnished,0,19,11.0,2,5,Ready To Move,4.0,530100.0
PROP_15371,Sunset Park,Independent House,2544,3,2.0,Semi-Furnished,2,2,10.0,1,4,Ready To Move,1.0,1052600.0
PROP_14018,Silicon Hills,Apartment,1104,2,2.0,Unfurnished,1,7,5.0,1,10,Ready To Move,2.0,696400.0
PROP_14603,Sunset Park,Independent House,2652,3,3.0,Semi-Furnished,1,2,9.0,2,8,Ready To Move,4.0,1115200.0
PROP_15344,Silicon Hills,Apartment,1590,3,2.0,Semi-Furnished,3,13,9.0,0,6,Ready To Move,3.0,858300.0
PROP_11996,Greenwood Heights,Apartment,1140,2,2.0,Furnished,3,24,9.0,2,8,Ready To Move,1.0,551600.0
PROP_13201,Midtown Corridor,Luxury Villa,5052,5,6.0,Semi-Furnished,1,3,7.0,2,8,Ready To Move,2.0,3306700.0
PROP_12225,Lakeside Estates,Independent House,2816,3,4.0,Semi-Furnished,2,1,3.0,3,10,Ready To Move,2.0,1588200.0
PROP_11107,Downtown Central,Apartment,1210,2,2.0,Semi-Furnished,3,14,1.0,2,3,Ready To Move,1.0,739400.0
PROP_14088,Harbor Point,Independent House,3092,4,4.0,Unfurnished,1,2,25.0,1,6,Ready To Move,4.0,1573200.0
PROP_10819,Downtown Central,Independent House,3633,5,4.0,Semi-Furnished,3,3,2.0,0,3,Ready To Move,2.0,2180000.0
PROP_14099,Sunset Park,Apartment,1442,2,2.0,Semi-Furnished,2,11,1.0,1,2,Ready To Move,2.0,567100.0
PROP_14373,Oakridge Valley,Apartment,1302,2,2.0,Furnished,2,16,1.0,2,5,Ready To Move,3.0,597700.0
PROP_11698,Riverside District,Apartment,1328,2,2.0,Furnished,1,23,0.0,1,8,Ready To Move,5.0,788000.0
PROP_15995,Sunset Park,Apartment,1484,3,3.0,Unfurnished,0,10,0.0,1,7,Ready To Move,1.0,641300.0
PROP_10137,Sunset Park,Studio Apartment,563,1,1.0,Semi-Furnished,2,3,9.0,2,7,Ready To Move,3.0,299500.0
PROP_13261,Harbor Point,Independent House,2731,3,3.0,Furnished,2,2,3.0,1,7,Ready To Move,2.0,1690300.0
PROP_13880,Riverside District,Apartment,1119,2,1.0,Semi-Furnished,0,18,3.0,2,10,Under Construction,3.0,582000.0
PROP_15336,Sunset Park,Apartment,1711,3,4.0,Semi-Furnished,1,6,5.0,1,3,Ready To Move,4.0,762700.0
PROP_11181,Midtown Corridor,Independent House,2625,5,6.0,Unfurnished,0,2,35.0,3,8,Ready To Move,4.0,1199200.0
PROP_13621,Lakeside Estates,Independent House,2110,3,3.0,Furnished,1,1,4.0,1,6,Ready To Move,2.0,1273100.0
PROP_10889,Silicon Hills,Apartment,1199,2,2.0,Semi-Furnished,1,24,14.0,3,7,Ready To Move,5.0,745700.0
PROP_13159,Greenwood Heights,Apartment,1309,2,1.0,Furnished,2,16,13.0,1,1,Ready To Move,1.0,577200.0
PROP_12575,Greenwood Heights,Apartment,1799,3,2.0,Furnished,1,9,16.0,0,5,Under Construction,5.0,698200.0
PROP_14292,Harbor Point,Apartment,1903,3,3.0,Unfurnished,1,1,12.0,3,6,Under Construction,3.0,1002400.0
PROP_10818,Oakridge Valley,Apartment,1640,3,3.0,Semi-Furnished,2,1,5.0,3,7,Ready To Move,5.0,657500.0
PROP_11112,Oakridge Valley,Studio Apartment,648,1,1.0,Furnished,3,14,3.0,0,6,Ready To Move,1.0,335900.0
PROP_13435,Riverside District,Apartment,1282,2,2.0,Semi-Furnished,1,11,3.0,0,6,Under Construction,3.0,599900.0
PROP_12342,Greenwood Heights,Apartment,2167,4,2.0,Furnished,0,15,14.0,1,5,Ready To Move,2.0,907600.0
PROP_14441,Oakridge Valley,Apartment,1054,2,1.0,Semi-Furnished,1,11,14.0,3,4,Ready To Move,5.0,436800.0
PROP_13783,Lakeside Estates,Penthouse,5372,4,5.0,Semi-Furnished,1,31,3.0,2,4,Ready To Move,5.0,4102200.0
PROP_11265,Sunset Park,Apartment,1315,2,2.0,Furnished,1,10,34.0,2,2,Under Construction,3.0,444100.0
PROP_10991,Oakridge Valley,Apartment,1704,3,3.0,Furnished,1,1,11.0,1,2,Ready To Move,3.0,678100.0
PROP_13257,Lakeside Estates,Apartment,1186,2,2.0,Semi-Furnished,2,9,5.0,3,8,Under Construction,5.0,702000.0
PROP_11740,Sunset Park,Independent House,2843,4,3.0,Furnished,2,3,4.0,3,10,Under Construction,5.0,1311300.0
PROP_13786,Harbor Point,Independent House,2825,3,3.0,Unfurnished,3,2,3.0,3,6,Ready To Move,2.0,1779800.0
PROP_10354,Sunset Park,Luxury Villa,4028,3,3.0,Unfurnished,1,4,5.0,2,6,Under Construction,4.0,1747900.0
PROP_14588,Riverside District,Apartment,1578,3,3.0,Semi-Furnished,0,4,0.0,1,6,Ready To Move,5.0,821500.0
PROP_14401,Lakeside Estates,Studio Apartment,474,1,1.0,Semi-Furnished,1,11,17.0,2,3,Ready To Move,5.0,267700.0
PROP_14222,Riverside District,Penthouse,4074,4,5.0,Semi-Furnished,2,20,15.0,2,3,Under Construction,4.0,2364800.0
PROP_11490,Oakridge Valley,Independent House,2730,3,3.0,Semi-Furnished,1,3,0.0,1,7,Ready To Move,5.0,1200900.0
PROP_13951,Midtown Corridor,Independent House,2611,3,2.0,Furnished,2,2,12.0,1,9,Ready To Move,3.0,1327900.0
PROP_11229,Lakeside Estates,Luxury Villa,5452,5,5.0,Furnished,1,2,4.0,1,5,Ready To Move,2.0,3808900.0
PROP_14740,Harbor Point,Independent House,2834,4,4.0,Furnished,2,2,4.0,1,3,Ready To Move,5.0,1774300.0
PROP_13516,Downtown Central,Apartment,1557,2,1.0,Semi-Furnished,2,2,5.0,1,3,Ready To Move,2.0,732200.0
PROP_15704,Oakridge Valley,Apartment,1051,2,2.0,Semi-Furnished,0,15,11.0,1,5,Ready To Move,4.0,414500.0
PROP_10053,Riverside District,Luxury Villa,5491,5,5.0,Semi-Furnished,1,4,5.0,1,6,Ready To Move,1.0,3076100.0
PROP_13144,Greenwood Heights,Apartment,1406,2,2.0,Unfurnished,1,21,3.0,2,3,Under Construction,1.0,588100.0
PROP_14562,Oakridge Valley,Penthouse,4452,4,5.0,Semi-Furnished,3,23,8.0,1,3,Ready To Move,2.0,2122200.0
PROP_15569,Lakeside Estates,Independent House,2059,2,1.0,Semi-Furnished,1,2,1.0,2,7,Ready To Move,5.0,1259300.0
PROP_14846,Greenwood Heights,Independent House,2777,4,5.0,Unfurnished,2,3,8.0,1,5,Ready To Move,1.0,1327900.0
PROP_11590,Oakridge Valley,Independent House,2593,3,3.0,Furnished,2,2,2.0,1,5,Ready To Move,4.0,947200.0
PROP_11480,Lakeside Estates,Apartment,1309,2,3.0,Furnished,0,14,11.0,1,7,Ready To Move,4.0,654800.0
PROP_11470,Riverside District,Independent House,2756,4,3.0,Semi-Furnished,1,2,0.0,3,1,Ready To Move,2.0,1504000.0
PROP_15157,Riverside District,Luxury Villa,3856,3,3.0,Semi-Furnished,0,2,6.0,2,3,Ready To Move,3.0,2272800.0
PROP_12543,Riverside District,Independent House,2649,3,2.0,Semi-Furnished,2,3,2.0,2,5,Ready To Move,2.0,1375900.0
PROP_12079,Oakridge Valley,Luxury Villa,4241,4,5.0,Furnished,1,3,2.0,1,6,Ready To Move,3.0,2247600.0
PROP_14768,Silicon Hills,Penthouse,5686,4,5.0,Semi-Furnished,2,25,10.0,2,6,Ready To Move,5.0,4109600.0
PROP_15937,Midtown Corridor,Luxury Villa,4117,4,4.0,Furnished,2,3,14.0,3,9,Under Construction,4.0,2306200.0
PROP_15438,Midtown Corridor,Apartment,1895,4,4.0,Furnished,1,24,0.0,1,3,Ready To Move,3.0,1075900.0
PROP_10437,Oakridge Valley,Independent House,2229,3,2.0,Furnished,3,3,5.0,3,3,Ready To Move,3.0,980400.0
PROP_12906,Downtown Central,Apartment,1141,1,1.0,Semi-Furnished,2,11,16.0,2,7,Ready To Move,3.0,550300.0
PROP_14667,Greenwood Heights,Studio Apartment,438,1,1.0,Semi-Furnished,2,3,3.0,0,5,Ready To Move,2.0,245000.0
PROP_11589,Downtown Central,Apartment,1052,2,1.0,Unfurnished,2,20,5.0,0,9,Under Construction,5.0,658700.0
PROP_14432,Westend Terrace,Apartment,715,1,1.0,Furnished,2,4,9.0,1,3,Under Construction,1.0,345700.0
PROP_11591,Lakeside Estates,Apartment,1669,2,1.0,Unfurnished,2,15,19.0,0,5,Ready To Move,3.0,758800.0
PROP_15793,Greenwood Heights,Apartment,2116,4,4.0,Unfurnished,1,11,2.0,1,2,Ready To Move,4.0,932900.0
PROP_10974,Harbor Point,Luxury Villa,4808,5,6.0,Semi-Furnished,1,3,15.0,0,4,Ready To Move,1.0,3297400.0
PROP_11239,Oakridge Valley,Apartment,2166,4,4.0,Semi-Furnished,0,6,2.0,0,3,Ready To Move,3.0,742000.0
PROP_12343,Westend Terrace,Luxury Villa,4838,5,6.0,Unfurnished,2,4,17.0,1,5,Under Construction,3.0,2509100.0
PROP_15781,Westend Terrace,Apartment,986,1,1.0,Furnished,0,8,3.0,0,5,Ready To Move,2.0,499100.0
PROP_13974,Westend Terrace,Apartment,2244,4,3.0,Furnished,1,17,15.0,2,10,Ready To Move,5.0,919500.0
PROP_15137,Silicon Hills,Independent House,2626,4,4.0,Semi-Furnished,0,2,3.0,1,7,Ready To Move,2.0,1703200.0
PROP_12232,Riverside District,Apartment,773,1,1.0,Semi-Furnished,1,24,9.0,1,3,Ready To Move,1.0,354400.0
PROP_12537,Westend Terrace,Apartment,1791,2,2.0,Furnished,2,12,0.0,1,5,Ready To Move,3.0,886800.0
PROP_11498,Sunset Park,Apartment,1645,3,3.0,Semi-Furnished,1,4,3.0,2,7,Ready To Move,2.0,733700.0
PROP_10450,Greenwood Heights,Independent House,2386,4,3.0,Unfurnished,2,2,6.0,2,10,Under Construction,2.0,1096100.0
PROP_12370,Oakridge Valley,Apartment,1061,2,1.0,Furnished,2,2,6.0,3,4,Ready To Move,5.0,495700.0
PROP_13387,Downtown Central,Apartment,1197,2,1.0,Furnished,2,5,1.0,1,8,Under Construction,1.0,744300.0
PROP_12423,Harbor Point,Apartment,1558,3,3.0,Furnished,1,10,3.0,2,6,Ready To Move,3.0,940000.0
PROP_15407,Silicon Hills,Luxury Villa,4871,5,5.0,Unfurnished,1,3,4.0,1,6,Ready To Move,3.0,3591700.0
PROP_13401,Westend Terrace,Apartment,1187,1,1.0,Furnished,1,23,9.0,1,9,Ready To Move,1.0,532200.0
PROP_11552,Westend Terrace,Independent House,2577,3,4.0,Semi-Furnished,2,1,8.0,1,6,Ready To Move,1.0,1223400.0
PROP_15338,Silicon Hills,Independent House,2573,4,4.0,Furnished,2,2,39.0,1,6,Ready To Move,4.0,1318300.0
PROP_11147,Silicon Hills,Apartment,1327,2,1.0,Unfurnished,0,6,4.0,1,3,Ready To Move,2.0,687000.0
PROP_13760,Greenwood Heights,Penthouse,4852,3,4.0,Furnished,2,24,10.0,2,6,Under Construction,1.0,2531400.0
PROP_12093,Silicon Hills,Studio Apartment,512,1,1.0,Semi-Furnished,2,2,1.0,1,4,Ready To Move,3.0,338000.0
PROP_11314,Silicon Hills,Independent House,2302,3,3.0,Furnished,2,1,8.0,0,2,Ready To Move,3.0,1384800.0
PROP_12016,Lakeside Estates,Apartment,1575,2,3.0,Semi-Furnished,1,23,7.0,2,2,Ready To Move,5.0,869200.0
PROP_13290,Downtown Central,Penthouse,4595,4,5.0,Unfurnished,0,20,7.0,1,3,Ready To Move,4.0,3519200.0
PROP_12747,Riverside District,Luxury Villa,4820,5,6.0,Semi-Furnished,2,2,1.0,1,7,Under Construction,3.0,2605600.0
PROP_14766,Lakeside Estates,Apartment,1194,2,1.0,Semi-Furnished,1,5,1.0,2,8,Ready To Move,5.0,697100.0
PROP_11382,Oakridge Valley,Apartment,1848,3,3.0,Unfurnished,1,21,6.0,1,9,Ready To Move,5.0,784400.0
PROP_13270,Riverside District,Independent House,2395,3,4.0,Semi-Furnished,2,2,26.0,1,5,Ready To Move,5.0,1173000.0
PROP_10414,Downtown Central,Luxury Villa,4482,3,3.0,Unfurnished,2,3,3.0,1,4,Ready To Move,5.0,3191900.0
PROP_10942,Lakeside Estates,Independent House,3508,5,6.0,Semi-Furnished,1,2,11.0,2,6,Under Construction,2.0,1843100.0
PROP_10802,Midtown Corridor,Apartment,1985,4,3.0,Furnished,2,19,11.0,2,5,Ready To Move,1.0,1009600.0
PROP_12522,Sunset Park,Independent House,3359,5,5.0,Furnished,2,2,4.0,1,3,Ready To Move,5.0,1473100.0
PROP_15876,Silicon Hills,Luxury Villa,5000,4,5.0,Unfurnished,1,3,0.0,0,7,Ready To Move,3.0,4095300.0
PROP_10257,Sunset Park,Apartment,1479,2,1.0,Furnished,3,24,3.0,2,4,Under Construction,2.0,675600.0
PROP_15911,Oakridge Valley,Independent House,2432,3,3.0,Unfurnished,3,2,0.0,2,1,Under Construction,5.0,1026700.0
PROP_12236,Sunset Park,Penthouse,4370,3,4.0,Furnished,1,20,3.0,1,4,Ready To Move,1.0,2364000.0
PROP_10648,Sunset Park,Independent House,2008,3,3.0,Furnished,3,1,6.0,2,3,Under Construction,5.0,851900.0
PROP_11768,Downtown Central,Independent House,3380,4,4.0,Semi-Furnished,2,2,18.0,3,8,Ready To Move,1.0,1745300.0
PROP_14120,Harbor Point,Independent House,2588,4,4.0,Semi-Furnished,0,2,12.0,3,7,Ready To Move,1.0,1579000.0
PROP_15604,Downtown Central,Apartment,1580,3,3.0,Semi-Furnished,2,8,2.0,1,9,Under Construction,5.0,851900.0
PROP_13003,Harbor Point,Studio Apartment,564,1,1.0,Semi-Furnished,1,17,14.0,2,7,Under Construction,4.0,322200.0
PROP_12648,Greenwood Heights,Apartment,2025,3,3.0,Furnished,2,20,8.0,1,2,Ready To Move,1.0,905100.0
PROP_10025,Sunset Park,Independent House,2771,4,5.0,Unfurnished,1,1,1.0,2,3,Ready To Move,4.0,1281000.0
PROP_11089,Greenwood Heights,Luxury Villa,4993,4,5.0,Furnished,1,2,3.0,2,4,Ready To Move,5.0,2520200.0
PROP_14865,Harbor Point,Apartment,1030,2,2.0,Semi-Furnished,1,7,4.0,1,7,Ready To Move,2.0,605200.0
PROP_14820,Harbor Point,Apartment,2119,4,4.0,Semi-Furnished,0,15,17.0,2,1,Ready To Move,2.0,931900.0
PROP_10113,Lakeside Estates,Independent House,2520,4,5.0,Semi-Furnished,3,1,5.0,1,6,Ready To Move,3.0,1547900.0
PROP_12312,Westend Terrace,Studio Apartment,518,1,1.0,Unfurnished,2,18,0.0,2,3,Under Construction,5.0,269700.0
PROP_12789,Greenwood Heights,Independent House,2107,3,2.0,Unfurnished,1,1,5.0,3,6,Under Construction,2.0,919200.0
PROP_10057,Silicon Hills,Apartment,1448,3,3.0,Unfurnished,1,22,1.0,0,5,Ready To Move,4.0,832400.0
PROP_11310,Greenwood Heights,Studio Apartment,394,1,1.0,Semi-Furnished,1,5,2.0,3,6,Ready To Move,5.0,257000.0
PROP_10696,Midtown Corridor,Apartment,1336,2,1.0,Semi-Furnished,2,13,2.0,3,3,Ready To Move,1.0,661600.0
PROP_14901,Westend Terrace,Luxury Villa,4694,4,4.0,Semi-Furnished,0,3,5.0,0,4,Ready To Move,2.0,2655600.0
PROP_11228,Westend Terrace,Apartment,1427,2,2.0,Semi-Furnished,1,6,6.0,1,7,Ready To Move,2.0,673700.0
PROP_12000,Greenwood Heights,Independent House,3295,4,4.0,Semi-Furnished,2,3,3.0,1,5,Ready To Move,1.0,1512900.0
PROP_10277,Downtown Central,Independent House,2813,4,3.0,Furnished,1,3,11.0,1,7,Under Construction,4.0,1383700.0
PROP_12681,Downtown Central,Apartment,1614,3,2.0,Semi-Furnished,0,23,5.0,2,4,Ready To Move,3.0,979100.0
PROP_15096,Silicon Hills,Apartment,1560,3,3.0,Semi-Furnished,1,9,0.0,2,5,Ready To Move,1.0,992500.0
PROP_11834,Riverside District,Independent House,2087,2,1.0,Furnished,1,3,1.0,1,4,Ready To Move,4.0,1146800.0
PROP_10683,Midtown Corridor,Apartment,1212,2,1.0,Furnished,1,15,12.0,1,3,Ready To Move,4.0,594200.0
PROP_13160,Lakeside Estates,Apartment,1177,1,1.0,Semi-Furnished,2,14,4.0,1,2,Ready To Move,2.0,614800.0
PROP_14349,Lakeside Estates,Apartment,1330,2,2.0,Furnished,1,14,8.0,1,3,Under Construction,2.0,646400.0
PROP_12886,Midtown Corridor,Luxury Villa,4370,4,4.0,Unfurnished,1,3,1.0,1,5,Under Construction,4.0,2649500.0
PROP_11138,Midtown Corridor,Apartment,1337,2,2.0,Unfurnished,1,9,8.0,2,6,Under Construction,1.0,585900.0
PROP_15546,Harbor Point,Apartment,1338,2,2.0,Semi-Furnished,1,19,1.0,1,5,Ready To Move,2.0,792600.0
PROP_14197,Silicon Hills,Apartment,1208,2,2.0,Semi-Furnished,1,12,9.0,1,4,Ready To Move,4.0,731000.0
PROP_14181,Silicon Hills,Luxury Villa,5485,4,5.0,Furnished,0,3,11.0,3,6,Ready To Move,2.0,4205000.0
PROP_15682,Riverside District,Independent House,2385,4,4.0,Furnished,1,1,3.0,1,4,Ready To Move,2.0,1297700.0
PROP_15511,Sunset Park,Studio Apartment,393,1,1.0,Furnished,0,14,9.0,1,4,Under Construction,1.0,198900.0
PROP_11347,Greenwood Heights,Independent House,2143,3,3.0,Furnished,0,1,18.0,0,7,Ready To Move,5.0,940900.0
PROP_12570,Westend Terrace,Studio Apartment,562,1,1.0,Unfurnished,1,18,6.0,2,4,Ready To Move,1.0,285300.0
PROP_15478,Silicon Hills,Penthouse,4824,4,6.0,Semi-Furnished,2,25,6.0,2,9,Under Construction,5.0,3826000.0
PROP_12821,Oakridge Valley,Penthouse,4016,3,4.0,Unfurnished,2,26,6.0,2,8,Under Construction,4.0,1928300.0
PROP_12385,Downtown Central,Apartment,1626,3,3.0,Semi-Furnished,3,6,12.0,2,3,Ready To Move,5.0,855900.0
PROP_13949,Riverside District,Apartment,1097,2,2.0,Semi-Furnished,1,22,2.0,1,8,Under Construction,4.0,575400.0
PROP_14191,Riverside District,Apartment,1643,2,1.0,Semi-Furnished,0,11,0.0,2,4,Ready To Move,4.0,834600.0
PROP_13276,Oakridge Valley,Apartment,1905,4,4.0,Semi-Furnished,1,22,7.0,1,8,Ready To Move,3.0,787900.0
PROP_13633,Oakridge Valley,Apartment,614,1,1.0,Furnished,0,4,10.0,1,5,Under Construction,3.0,267800.0
PROP_13277,Harbor Point,Independent House,2387,3,4.0,Furnished,0,2,4.0,2,10,Ready To Move,5.0,1553200.0
PROP_13498,Oakridge Valley,Independent House,2244,3,3.0,Unfurnished,1,3,1.0,2,4,Ready To Move,1.0,988200.0
PROP_13050,Downtown Central,Apartment,1632,3,2.0,Semi-Furnished,1,19,0.0,2,4,Ready To Move,2.0,903900.0
PROP_15005,Lakeside Estates,Independent House,2347,4,4.0,Semi-Furnished,1,2,1.0,1,2,Ready To Move,3.0,1468300.0
PROP_14943,Westend Terrace,Penthouse,3909,3,4.0,Furnished,1,21,24.0,1,5,Ready To Move,4.0,2040100.0
PROP_10082,Sunset Park,Independent House,2444,4,3.0,Furnished,2,1,6.0,2,4,Under Construction,1.0,1109600.0
PROP_11973,Greenwood Heights,Independent House,2230,3,3.0,Unfurnished,1,2,2.0,2,4,Ready To Move,3.0,1101100.0
PROP_11715,Oakridge Valley,Independent House,3149,5,5.0,Unfurnished,1,3,9.0,0,5,Ready To Move,1.0,1225000.0
PROP_14004,Silicon Hills,Studio Apartment,491,1,1.0,Unfurnished,1,9,8.0,0,4,Ready To Move,3.0,302000.0
PROP_12944,Westend Terrace,Apartment,1558,3,3.0,Furnished,2,18,4.0,2,7,Ready To Move,5.0,788700.0
PROP_15180,Silicon Hills,Independent House,3777,5,4.0,Furnished,1,2,9.0,2,6,Ready To Move,1.0,2534300.0
PROP_11947,Harbor Point,Independent House,2855,3,3.0,Furnished,3,2,15.0,1,5,Ready To Move,2.0,1676500.0
PROP_13340,Riverside District,Apartment,1887,3,3.0,Semi-Furnished,0,2,11.0,3,3,Ready To Move,5.0,790600.0
PROP_13103,Downtown Central,Apartment,1441,2,1.0,Semi-Furnished,1,8,10.0,0,3,Ready To Move,1.0,769400.0
PROP_14218,Midtown Corridor,Luxury Villa,4999,4,4.0,Furnished,1,2,4.0,2,6,Ready To Move,2.0,3020800.0
PROP_11611,Oakridge Valley,Apartment,1199,2,2.0,Unfurnished,3,20,11.0,2,5,Ready To Move,3.0,497500.0
PROP_13263,Midtown Corridor,Studio Apartment,513,1,1.0,Semi-Furnished,0,4,5.0,0,7,Ready To Move,4.0,310700.0
PROP_15708,Silicon Hills,Independent House,2604,4,3.0,Semi-Furnished,1,3,7.0,1,2,Ready To Move,5.0,1528300.0
PROP_15204,Midtown Corridor,Independent House,2438,3,3.0,Furnished,1,2,2.0,2,2,Under Construction,5.0,1197300.0
PROP_15888,Greenwood Heights,Apartment,1237,2,2.0,Furnished,1,8,5.0,1,8,Ready To Move,5.0,636300.0
PROP_14642,Downtown Central,Apartment,1668,2,2.0,Semi-Furnished,1,22,11.0,0,3,Ready To Move,1.0,848300.0
PROP_10666,Lakeside Estates,Independent House,1781,3,3.0,Furnished,2,2,2.0,2,6,Under Construction,4.0,1082800.0
PROP_12195,Midtown Corridor,Studio Apartment,537,1,1.0,Furnished,0,7,11.0,0,6,Under Construction,3.0,263900.0
PROP_13753,Lakeside Estates,Independent House,3319,4,4.0,Semi-Furnished,1,2,2.0,2,7,Ready To Move,2.0,1945400.0
PROP_15885,Lakeside Estates,Apartment,1576,2,2.0,Unfurnished,2,13,1.0,2,10,Ready To Move,2.0,942400.0
PROP_11018,Midtown Corridor,Independent House,3181,5,5.0,Semi-Furnished,2,1,0.0,1,8,Under Construction,4.0,1684400.0
PROP_10558,Midtown Corridor,Studio Apartment,601,1,1.0,Semi-Furnished,1,2,1.0,2,5,Ready To Move,4.0,364200.0
PROP_14306,Harbor Point,Apartment,1154,3,4.0,Semi-Furnished,1,6,18.0,1,2,Ready To Move,1.0,621400.0
PROP_15362,Sunset Park,Independent House,2271,3,3.0,Semi-Furnished,0,2,0.0,2,5,Ready To Move,1.0,1032400.0
PROP_11208,Lakeside Estates,Apartment,1656,2,2.0,Semi-Furnished,2,8,4.0,2,6,Ready To Move,2.0,957800.0
PROP_15979,Sunset Park,Luxury Villa,5181,5,5.0,Semi-Furnished,0,2,1.0,1,4,Under Construction,1.0,2425600.0
PROP_13045,Oakridge Valley,Penthouse,4463,5,7.0,Unfurnished,2,33,2.0,1,1,Ready To Move,1.0,2404900.0
PROP_11511,Harbor Point,Apartment,1523,2,1.0,Furnished,0,14,6.0,2,7,Under Construction,1.0,772500.0
PROP_14964,Harbor Point,Studio Apartment,654,1,1.0,Semi-Furnished,1,10,3.0,1,8,Ready To Move,1.0,467800.0
PROP_13711,Downtown Central,Apartment,1186,2,2.0,Semi-Furnished,0,9,2.0,1,8,Ready To Move,2.0,713700.0
PROP_14092,Westend Terrace,Penthouse,5291,4,5.0,Furnished,0,20,4.0,1,4,Under Construction,3.0,2724100.0
PROP_14096,Greenwood Heights,Apartment,1381,2,2.0,Semi-Furnished,2,14,31.0,1,8,Under Construction,2.0,486800.0
PROP_10267,Downtown Central,Independent House,2382,3,4.0,Furnished,2,2,2.0,1,3,Ready To Move,1.0,1580700.0
PROP_12708,Riverside District,Apartment,699,1,1.0,Unfurnished,1,10,20.0,2,7,Ready To Move,1.0,338300.0
PROP_13371,Oakridge Valley,Luxury Villa,5697,6,6.0,Semi-Furnished,1,2,18.0,1,7,Ready To Move,5.0,2497900.0
PROP_12112,Westend Terrace,Studio Apartment,600,1,1.0,Semi-Furnished,1,4,5.0,2,5,Ready To Move,2.0,301800.0
PROP_12964,Downtown Central,Luxury Villa,5836,6,6.0,Semi-Furnished,1,3,0.0,1,3,Ready To Move,5.0,3892900.0
PROP_11910,Riverside District,Studio Apartment,523,1,1.0,Semi-Furnished,3,3,0.0,1,5,Under Construction,3.0,304800.0
PROP_13126,Harbor Point,Apartment,1933,4,4.0,Semi-Furnished,1,16,9.0,2,8,Ready To Move,3.0,1080300.0
PROP_13928,Harbor Point,Apartment,2100,4,3.0,Furnished,1,7,2.0,1,9,Under Construction,2.0,1151500.0
PROP_13976,Downtown Central,Apartment,1400,2,2.0,Semi-Furnished,0,22,16.0,2,4,Ready To Move,2.0,681400.0
PROP_14251,Lakeside Estates,Luxury Villa,4632,4,5.0,Unfurnished,0,4,7.0,1,8,Ready To Move,1.0,2873400.0
PROP_13593,Westend Terrace,Studio Apartment,464,1,1.0,Furnished,2,19,1.0,2,8,Ready To Move,5.0,332400.0
PROP_15133,Greenwood Heights,Apartment,1376,2,2.0,Semi-Furnished,1,23,40.0,1,6,Ready To Move,4.0,443600.0
PROP_14012,Oakridge Valley,Apartment,793,1,1.0,Unfurnished,2,22,8.0,2,5,Ready To Move,5.0,341500.0
PROP_11785,Lakeside Estates,Independent House,2172,3,3.0,Furnished,1,2,18.0,1,5,Ready To Move,1.0,1178600.0
PROP_11238,Midtown Corridor,Penthouse,4802,4,5.0,Furnished,2,24,8.0,3,8,Under Construction,4.0,3086800.0
PROP_15008,Riverside District,Independent House,2077,3,2.0,Semi-Furnished,2,1,35.0,2,3,Ready To Move,5.0,875200.0
PROP_13025,Oakridge Valley,Independent House,3398,4,4.0,Furnished,0,2,10.0,1,7,Ready To Move,5.0,1441200.0
PROP_13893,Westend Terrace,Apartment,1707,3,4.0,Semi-Furnished,1,3,1.0,2,3,Ready To Move,3.0,800700.0
PROP_14882,Silicon Hills,Apartment,1775,3,4.0,Furnished,1,17,4.0,3,5,Ready To Move,2.0,1114900.0
PROP_15946,Oakridge Valley,Independent House,2806,4,5.0,Unfurnished,1,1,3.0,2,2,Ready To Move,5.0,1182300.0
PROP_12187,Riverside District,Apartment,1235,2,2.0,Semi-Furnished,2,17,2.0,1,8,Under Construction,2.0,593100.0
PROP_13470,Westend Terrace,Independent House,2797,5,4.0,Furnished,1,3,10.0,2,4,Under Construction,1.0,1289300.0
PROP_10909,Greenwood Heights,Independent House,2184,3,3.0,Semi-Furnished,1,3,6.0,1,2,Ready To Move,2.0,1031800.0
PROP_13892,Harbor Point,Independent House,2695,3,4.0,Furnished,1,3,1.0,0,4,Ready To Move,5.0,1746600.0
PROP_11304,Harbor Point,Studio Apartment,527,1,1.0,Semi-Furnished,0,6,33.0,1,8,Ready To Move,3.0,270600.0
PROP_15622,Oakridge Valley,Apartment,1016,2,2.0,Furnished,2,3,17.0,1,4,Under Construction,1.0,447700.0
PROP_11628,Silicon Hills,Luxury Villa,4818,4,5.0,Furnished,1,4,1.0,1,4,Ready To Move,3.0,3814900.0
PROP_11523,Harbor Point,Independent House,2205,3,2.0,Semi-Furnished,1,1,13.0,1,8,Under Construction,4.0,1173000.0
PROP_10836,Harbor Point,Apartment,983,1,1.0,Furnished,2,20,12.0,3,5,Under Construction,2.0,569100.0
PROP_10359,Harbor Point,Independent House,2704,3,3.0,Furnished,1,2,12.0,2,5,Ready To Move,5.0,1616100.0
PROP_10139,Harbor Point,Luxury Villa,6136,6,6.0,Unfurnished,1,2,1.0,1,9,Ready To Move,2.0,4358100.0
PROP_10300,Sunset Park,Apartment,1287,2,1.0,Furnished,2,16,22.0,2,4,Ready To Move,4.0,535800.0
PROP_11557,Sunset Park,Independent House,2742,3,3.0,Semi-Furnished,1,1,7.0,1,3,Ready To Move,4.0,1155200.0
PROP_11004,Riverside District,Luxury Villa,4445,4,4.0,Unfurnished,1,4,15.0,1,8,Ready To Move,3.0,2460200.0
PROP_10383,Greenwood Heights,Apartment,611,1,2.0,Semi-Furnished,0,10,5.0,2,5,Under Construction,3.0,291600.0
PROP_12813,Oakridge Valley,Studio Apartment,479,1,1.0,Unfurnished,1,17,9.0,2,7,Ready To Move,3.0,230300.0
PROP_10762,Downtown Central,Studio Apartment,486,1,1.0,Semi-Furnished,2,17,14.0,2,6,Ready To Move,4.0,342700.0
PROP_13653,Oakridge Valley,Independent House,2010,2,1.0,Semi-Furnished,1,1,0.0,2,5,Ready To Move,2.0,818800.0
PROP_14289,Oakridge Valley,Apartment,1620,2,1.0,Furnished,1,16,4.0,1,5,Under Construction,4.0,634300.0
PROP_14367,Downtown Central,Penthouse,5243,4,5.0,Furnished,2,28,8.0,0,4,Ready To Move,1.0,3809500.0
PROP_14864,Greenwood Heights,Apartment,875,1,1.0,Furnished,0,8,2.0,1,4,Under Construction,3.0,376300.0
PROP_14321,Greenwood Heights,Penthouse,3771,4,6.0,Semi-Furnished,0,29,8.0,1,5,Ready To Move,5.0,2153000.0
PROP_11403,Lakeside Estates,Studio Apartment,672,1,1.0,Semi-Furnished,0,18,0.0,1,5,Ready To Move,2.0,389500.0
PROP_12923,Lakeside Estates,Apartment,1042,2,3.0,Unfurnished,1,13,10.0,2,9,Ready To Move,5.0,601000.0
PROP_15164,Harbor Point,Independent House,3139,4,4.0,Furnished,0,2,10.0,1,6,Ready To Move,4.0,1833600.0
PROP_11933,Downtown Central,Studio Apartment,584,1,1.0,Furnished,0,4,3.0,1,3,Ready To Move,2.0,335100.0
PROP_14032,Greenwood Heights,Apartment,1617,2,2.0,Furnished,1,9,2.0,2,7,Ready To Move,1.0,745200.0
PROP_12917,Downtown Central,Apartment,1762,4,3.0,Furnished,2,14,0.0,2,10,Under Construction,1.0,1124900.0
PROP_14794,Westend Terrace,Apartment,1538,2,1.0,Furnished,2,12,0.0,1,4,Ready To Move,2.0,733200.0
PROP_15139,Silicon Hills,Penthouse,4697,4,5.0,Semi-Furnished,1,27,0.0,1,3,Ready To Move,5.0,3710900.0
PROP_12847,Lakeside Estates,Independent House,2472,3,2.0,Furnished,1,3,0.0,2,4,Ready To Move,2.0,1500900.0
PROP_14714,Midtown Corridor,Independent House,2375,3,3.0,Unfurnished,1,2,4.0,2,4,Ready To Move,3.0,1237700.0
PROP_14111,Greenwood Heights,Luxury Villa,4679,5,6.0,Semi-Furnished,1,3,5.0,2,7,Ready To Move,2.0,2475700.0
PROP_10059,Harbor Point,Studio Apartment,489,1,1.0,Furnished,1,10,0.0,2,3,Under Construction,5.0,321200.0
PROP_10077,Sunset Park,Independent House,2623,3,2.0,Semi-Furnished,1,2,0.0,2,3,Under Construction,3.0,1102400.0
PROP_10797,Lakeside Estates,Apartment,1067,1,1.0,Unfurnished,1,20,0.0,1,3,Under Construction,2.0,521100.0
PROP_12417,Westend Terrace,Independent House,2564,3,2.0,Furnished,1,3,4.0,1,7,Ready To Move,1.0,1238900.0
PROP_14956,Harbor Point,Apartment,1466,3,2.0,Unfurnished,1,14,4.0,1,7,Ready To Move,4.0,768100.0
PROP_14402,Midtown Corridor,Apartment,1801,3,3.0,Semi-Furnished,1,3,19.0,0,8,Ready To Move,3.0,806100.0
PROP_10786,Greenwood Heights,Apartment,1408,2,1.0,Unfurnished,0,15,19.0,1,6,Ready To Move,5.0,550900.0
PROP_12918,Westend Terrace,Studio Apartment,473,1,1.0,Semi-Furnished,1,18,3.0,1,9,Ready To Move,2.0,289000.0
PROP_15283,Greenwood Heights,Independent House,2640,3,2.0,Unfurnished,0,2,0.0,1,6,Ready To Move,3.0,1300200.0
PROP_12218,Lakeside Estates,Apartment,1205,2,2.0,Furnished,2,12,1.0,2,3,Ready To Move,5.0,716000.0
PROP_12803,Westend Terrace,Independent House,2533,3,4.0,Furnished,1,1,6.0,1,4,Ready To Move,2.0,1242500.0
PROP_12655,Greenwood Heights,Penthouse,4858,5,6.0,Semi-Furnished,0,26,3.0,1,8,Under Construction,2.0,2670600.0
PROP_14033,Greenwood Heights,Luxury Villa,4914,4,5.0,Semi-Furnished,1,4,10.0,1,1,Ready To Move,2.0,2336300.0
PROP_15504,Greenwood Heights,Studio Apartment,555,1,1.0,Semi-Furnished,1,16,6.0,2,10,Under Construction,1.0,299200.0
PROP_14645,Oakridge Valley,Independent House,3129,4,4.0,Furnished,1,2,6.0,1,6,Under Construction,3.0,1341100.0
PROP_10911,Downtown Central,Apartment,1368,2,2.0,Furnished,1,10,9.0,1,2,Ready To Move,1.0,733600.0
PROP_12173,Greenwood Heights,Apartment,1809,4,5.0,Furnished,1,21,0.0,2,8,Under Construction,1.0,885900.0
PROP_13541,Silicon Hills,Penthouse,4786,5,6.0,Furnished,2,32,3.0,1,8,Ready To Move,2.0,3728300.0
PROP_12310,Sunset Park,Apartment,1220,2,2.0,Furnished,1,24,10.0,1,3,Under Construction,3.0,488800.0
PROP_15640,Sunset Park,Apartment,2153,4,3.0,Semi-Furnished,1,3,4.0,0,7,Ready To Move,5.0,885700.0
PROP_11258,Sunset Park,Independent House,2600,3,4.0,Furnished,0,1,7.0,2,4,Ready To Move,5.0,1148600.0
PROP_12496,Westend Terrace,Studio Apartment,574,1,1.0,Unfurnished,1,15,11.0,1,9,Ready To Move,2.0,301200.0
PROP_14536,Harbor Point,Apartment,1559,2,1.0,Semi-Furnished,1,1,1.0,1,9,Under Construction,4.0,801300.0
PROP_15170,Oakridge Valley,Apartment,1355,2,2.0,Furnished,2,8,0.0,1,4,Ready To Move,3.0,594200.0
PROP_11179,Silicon Hills,Independent House,2333,3,4.0,Semi-Furnished,0,1,37.0,2,6,Ready To Move,2.0,1220900.0
PROP_14529,Silicon Hills,Apartment,1079,2,1.0,Semi-Furnished,2,5,11.0,1,4,Under Construction,1.0,550000.0
PROP_14915,Oakridge Valley,Independent House,3301,4,4.0,Unfurnished,1,2,20.0,1,4,Ready To Move,2.0,1168300.0
PROP_10443,Downtown Central,Independent House,2121,3,3.0,Furnished,1,3,22.0,1,10,Ready To Move,3.0,1186200.0
PROP_14093,Greenwood Heights,Studio Apartment,683,1,1.0,Unfurnished,0,8,2.0,2,6,Ready To Move,4.0,310600.0
PROP_13775,Oakridge Valley,Penthouse,5263,4,5.0,Furnished,1,21,7.0,1,5,Under Construction,5.0,2382500.0
PROP_13319,Lakeside Estates,Apartment,1576,2,1.0,Semi-Furnished,1,1,17.0,1,8,Under Construction,4.0,678400.0
PROP_15742,Greenwood Heights,Independent House,2729,4,4.0,Semi-Furnished,2,2,14.0,0,5,Under Construction,3.0,1136300.0
PROP_11055,Sunset Park,Apartment,1600,2,1.0,Furnished,0,2,1.0,2,3,Under Construction,1.0,618400.0
PROP_12689,Harbor Point,Independent House,2719,3,2.0,Semi-Furnished,0,1,0.0,1,7,Ready To Move,4.0,1853500.0
PROP_14987,Lakeside Estates,Apartment,2180,4,4.0,Furnished,2,8,8.0,1,3,Ready To Move,5.0,1095400.0
PROP_13219,Sunset Park,Independent House,3059,4,4.0,Unfurnished,3,1,39.0,0,4,Ready To Move,4.0,1021500.0
PROP_11416,Silicon Hills,Luxury Villa,4516,4,4.0,Furnished,2,3,1.0,2,4,Ready To Move,5.0,3577600.0
PROP_12373,Greenwood Heights,Apartment,1023,1,1.0,Unfurnished,0,20,13.0,1,5,Ready To Move,1.0,388500.0
PROP_14252,Westend Terrace,Independent House,3052,4,5.0,Semi-Furnished,2,2,2.0,1,3,Ready To Move,4.0,1554000.0
PROP_14388,Oakridge Valley,Apartment,1717,3,3.0,Unfurnished,2,9,14.0,1,3,Ready To Move,4.0,644100.0
PROP_12802,Greenwood Heights,Apartment,1760,3,3.0,Furnished,1,14,2.0,3,8,Ready To Move,4.0,782000.0
PROP_13686,Greenwood Heights,Luxury Villa,4204,5,6.0,Unfurnished,2,2,0.0,2,6,Ready To Move,1.0,2125200.0
PROP_14217,Downtown Central,Apartment,883,1,1.0,Semi-Furnished,1,7,13.0,1,10,Ready To Move,1.0,525100.0
PROP_11503,Riverside District,Independent House,3640,4,4.0,Furnished,3,1,7.0,1,3,Ready To Move,4.0,1899600.0
PROP_13136,Downtown Central,Apartment,1983,3,3.0,Semi-Furnished,0,13,7.0,1,2,Ready To Move,4.0,999000.0
PROP_13868,Silicon Hills,Apartment,2015,4,4.0,Semi-Furnished,1,12,1.0,1,3,Ready To Move,3.0,1120900.0
PROP_12012,Westend Terrace,Apartment,1408,2,1.0,Unfurnished,2,17,25.0,1,5,Under Construction,5.0,513700.0
PROP_14561,Downtown Central,Independent House,2087,2,2.0,Semi-Furnished,2,2,9.0,2,4,Under Construction,4.0,1192800.0
PROP_13616,Harbor Point,Apartment,1126,1,1.0,Furnished,0,24,5.0,2,5,Ready To Move,1.0,688300.0
PROP_15182,Riverside District,Independent House,2915,5,5.0,Furnished,1,3,6.0,1,4,Ready To Move,2.0,1569500.0
PROP_14853,Downtown Central,Apartment,943,1,1.0,Unfurnished,1,21,9.0,1,9,Ready To Move,4.0,557000.0
PROP_14547,Riverside District,Luxury Villa,5633,4,4.0,Furnished,2,2,1.0,3,9,Under Construction,1.0,3287700.0
PROP_15350,Riverside District,Apartment,828,1,1.0,Semi-Furnished,1,2,1.0,0,7,Ready To Move,5.0,451500.0
PROP_10007,Greenwood Heights,Apartment,1567,3,4.0,Semi-Furnished,1,9,2.0,1,9,Ready To Move,5.0,744800.0
PROP_12488,Greenwood Heights,Apartment,1697,3,3.0,Furnished,1,12,5.0,1,4,Under Construction,3.0,736400.0
PROP_10679,Downtown Central,Luxury Villa,5674,5,5.0,Semi-Furnished,1,2,5.0,2,4,Ready To Move,5.0,3949100.0
PROP_11944,Oakridge Valley,Penthouse,3868,4,5.0,Unfurnished,0,21,2.0,1,6,Under Construction,5.0,1910300.0
PROP_13740,Downtown Central,Penthouse,4511,4,5.0,Furnished,0,25,16.0,1,4,Ready To Move,2.0,3359100.0
PROP_15541,Greenwood Heights,Apartment,1210,2,2.0,Semi-Furnished,0,16,4.0,1,6,Under Construction,1.0,510400.0
PROP_13350,Greenwood Heights,Apartment,1407,2,1.0,Unfurnished,1,23,14.0,1,6,Ready To Move,4.0,572300.0
PROP_14619,Oakridge Valley,Independent House,3923,5,4.0,Semi-Furnished,1,3,2.0,1,4,Ready To Move,1.0,1518000.0
PROP_12608,Harbor Point,Studio Apartment,550,1,1.0,Unfurnished,1,10,5.0,1,7,Ready To Move,4.0,366200.0
PROP_13584,Downtown Central,Penthouse,3411,3,4.0,Semi-Furnished,2,23,2.0,2,10,Ready To Move,5.0,2374300.0
PROP_15537,Harbor Point,Apartment,2039,4,3.0,Furnished,1,22,18.0,2,7,Ready To Move,3.0,1090000.0
PROP_11065,Silicon Hills,Luxury Villa,5460,5,5.0,Furnished,2,2,34.0,1,1,Ready To Move,3.0,3304900.0
PROP_13756,Downtown Central,Independent House,3050,3,2.0,Semi-Furnished,1,2,5.0,2,6,Ready To Move,4.0,1675800.0
PROP_12243,Sunset Park,Independent House,2283,3,2.0,Semi-Furnished,3,1,3.0,2,6,Ready To Move,5.0,1044300.0
PROP_11475,Sunset Park,Independent House,1946,3,3.0,Unfurnished,1,3,3.0,1,1,Ready To Move,4.0,891100.0
PROP_14464,Lakeside Estates,Independent House,2779,3,4.0,Unfurnished,1,2,12.0,2,8,Under Construction,2.0,1412800.0
PROP_11890,Oakridge Valley,Apartment,1276,2,1.0,Unfurnished,0,23,1.0,2,5,Ready To Move,2.0,465800.0
PROP_12022,Downtown Central,Independent House,2886,3,3.0,Furnished,0,2,8.0,0,4,Ready To Move,4.0,1479400.0
PROP_15711,Midtown Corridor,Apartment,1280,2,3.0,Semi-Furnished,0,10,0.0,2,6,Ready To Move,5.0,697100.0
PROP_14285,Oakridge Valley,Apartment,969,1,1.0,Semi-Furnished,1,20,9.0,1,7,Under Construction,3.0,383600.0
PROP_12659,Westend Terrace,Apartment,853,1,1.0,Furnished,1,23,1.0,3,10,Ready To Move,4.0,416600.0
PROP_12468,Downtown Central,Apartment,1304,2,2.0,Semi-Furnished,3,7,4.0,0,8,Ready To Move,1.0,794200.0
PROP_12771,Riverside District,Apartment,1658,2,1.0,Semi-Furnished,2,16,1.0,1,3,Ready To Move,3.0,799300.0
PROP_11131,Riverside District,Apartment,1855,3,3.0,Furnished,1,21,8.0,0,5,Ready To Move,4.0,829500.0
PROP_11462,Oakridge Valley,Penthouse,4140,4,5.0,Semi-Furnished,2,24,6.0,2,7,Ready To Move,5.0,2222000.0
PROP_13863,Downtown Central,Apartment,1973,4,4.0,Unfurnished,2,11,3.0,2,2,Ready To Move,3.0,1025900.0
PROP_15863,Oakridge Valley,Penthouse,4852,4,5.0,Semi-Furnished,1,26,3.0,1,3,Under Construction,1.0,2493300.0
PROP_13962,Greenwood Heights,Independent House,2676,3,3.0,Furnished,2,2,1.0,0,1,Under Construction,3.0,1253700.0
PROP_13426,Lakeside Estates,Independent House,2838,4,5.0,Semi-Furnished,1,2,4.0,0,4,Ready To Move,4.0,1677800.0
PROP_10223,Sunset Park,Studio Apartment,531,1,1.0,Semi-Furnished,1,10,11.0,2,7,Ready To Move,4.0,258600.0
PROP_15583,Downtown Central,Apartment,1499,2,1.0,Furnished,1,6,2.0,3,2,Ready To Move,1.0,739000.0
PROP_10049,Midtown Corridor,Luxury Villa,4858,4,5.0,Semi-Furnished,1,2,6.0,2,7,Ready To Move,4.0,3168900.0
PROP_10574,Oakridge Valley,Luxury Villa,4824,5,6.0,Semi-Furnished,2,2,5.0,1,4,Under Construction,5.0,2137600.0
PROP_11237,Silicon Hills,Luxury Villa,6082,6,6.0,Furnished,1,2,2.0,1,8,Ready To Move,3.0,4655300.0
PROP_14578,Downtown Central,Apartment,1090,2,1.0,Semi-Furnished,1,19,1.0,1,10,Under Construction,3.0,650500.0
PROP_15840,Greenwood Heights,Apartment,1264,2,1.0,Semi-Furnished,2,3,6.0,1,6,Ready To Move,1.0,532100.0
PROP_15410,Lakeside Estates,Independent House,2700,4,4.0,Furnished,2,2,11.0,2,7,Ready To Move,1.0,1541900.0
PROP_12283,Oakridge Valley,Apartment,1501,2,3.0,Furnished,3,18,1.0,0,10,Ready To Move,1.0,703500.0
PROP_14035,Lakeside Estates,Studio Apartment,640,1,1.0,Semi-Furnished,0,10,4.0,0,3,Ready To Move,2.0,302500.0
PROP_10268,Riverside District,Apartment,1546,3,3.0,Semi-Furnished,1,7,5.0,2,7,Ready To Move,5.0,824800.0
PROP_11105,Greenwood Heights,Apartment,994,2,3.0,Furnished,2,22,19.0,1,2,Ready To Move,2.0,458700.0
PROP_12306,Downtown Central,Apartment,1247,2,1.0,Semi-Furnished,1,3,4.0,1,10,Ready To Move,5.0,799400.0
PROP_14735,Lakeside Estates,Apartment,779,1,1.0,Unfurnished,1,13,5.0,2,5,Ready To Move,3.0,400200.0
PROP_11936,Oakridge Valley,Independent House,2687,3,3.0,Semi-Furnished,1,2,0.0,2,2,Ready To Move,3.0,1066600.0
PROP_10387,Lakeside Estates,Independent House,2673,5,4.0,Furnished,2,3,4.0,1,3,Ready To Move,1.0,1390500.0
PROP_11702,Riverside District,Apartment,1371,3,3.0,Furnished,1,23,7.0,0,2,Ready To Move,4.0,686900.0
PROP_11629,Silicon Hills,Apartment,1471,2,1.0,Unfurnished,0,6,12.0,3,4,Ready To Move,5.0,803400.0
PROP_13222,Harbor Point,Penthouse,5182,5,6.0,Semi-Furnished,2,19,2.0,0,4,Ready To Move,1.0,3966100.0
PROP_12715,Harbor Point,Independent House,2717,3,3.0,Furnished,0,3,5.0,1,3,Ready To Move,2.0,1673400.0
PROP_13007,Riverside District,Luxury Villa,5473,6,7.0,Semi-Furnished,3,3,0.0,1,7,Ready To Move,2.0,3622200.0
PROP_15351,Downtown Central,Penthouse,4708,5,6.0,Unfurnished,1,19,23.0,0,6,Under Construction,4.0,2673000.0
PROP_11564,Oakridge Valley,Independent House,2221,3,2.0,Semi-Furnished,1,2,7.0,1,10,Ready To Move,5.0,1022800.0
PROP_14910,Downtown Central,Independent House,2401,3,3.0,Semi-Furnished,1,2,0.0,2,5,Ready To Move,1.0,1468700.0
PROP_10210,Greenwood Heights,Apartment,1076,1,1.0,Furnished,0,23,15.0,1,5,Ready To Move,5.0,519800.0
PROP_10910,Greenwood Heights,Studio Apartment,529,1,1.0,Semi-Furnished,2,12,1.0,1,4,Ready To Move,2.0,268400.0
PROP_11290,Harbor Point,Apartment,1598,3,3.0,Furnished,1,22,0.0,1,3,Ready To Move,2.0,958500.0
PROP_14544,Sunset Park,Luxury Villa,4418,4,5.0,Unfurnished,1,3,3.0,1,3,Under Construction,4.0,2251300.0
PROP_13878,Midtown Corridor,Luxury Villa,4736,4,5.0,Furnished,2,2,0.0,1,2,Ready To Move,4.0,2875000.0
PROP_11843,Silicon Hills,Independent House,2338,3,2.0,Furnished,2,2,4.0,1,3,Ready To Move,1.0,1559900.0
PROP_12498,Westend Terrace,Independent House,3263,5,6.0,Unfurnished,1,2,1.0,1,7,Ready To Move,1.0,1618400.0
PROP_14921,Harbor Point,Luxury Villa,4035,3,4.0,Furnished,1,2,1.0,1,8,Ready To Move,4.0,3144400.0
PROP_13662,Silicon Hills,Studio Apartment,598,1,1.0,Semi-Furnished,1,9,9.0,1,5,Ready To Move,5.0,353200.0
PROP_10959,Riverside District,Apartment,1220,2,2.0,Furnished,1,4,0.0,1,5,Ready To Move,5.0,642000.0
PROP_11794,Oakridge Valley,Penthouse,4417,3,4.0,Furnished,0,23,10.0,2,7,Ready To Move,3.0,2225700.0
PROP_12089,Silicon Hills,Apartment,1629,3,3.0,Furnished,1,6,0.0,1,5,Under Construction,3.0,889700.0
PROP_12703,Sunset Park,Apartment,1672,3,3.0,Semi-Furnished,1,6,9.0,2,3,Ready To Move,4.0,733100.0
PROP_10332,Midtown Corridor,Independent House,2678,4,3.0,Unfurnished,0,1,5.0,1,6,Under Construction,2.0,1301600.0
PROP_14472,Downtown Central,Independent House,2141,3,3.0,Unfurnished,2,2,13.0,2,7,Ready To Move,2.0,1295500.0
PROP_13906,Lakeside Estates,Independent House,2712,4,4.0,Semi-Furnished,1,2,0.0,1,5,Under Construction,4.0,1461300.0
PROP_13012,Harbor Point,Apartment,1441,2,1.0,Unfurnished,2,11,10.0,2,5,Ready To Move,1.0,763900.0
PROP_12460,Harbor Point,Apartment,1112,2,3.0,Furnished,1,12,2.0,3,7,Ready To Move,4.0,746000.0
PROP_11775,Silicon Hills,Apartment,1222,2,3.0,Unfurnished,0,8,2.0,2,7,Under Construction,1.0,725200.0
PROP_14763,Lakeside Estates,Independent House,3092,5,5.0,Furnished,1,2,3.0,1,6,Ready To Move,2.0,1819300.0
PROP_14350,Lakeside Estates,Independent House,2219,3,2.0,Semi-Furnished,1,1,1.0,1,7,Ready To Move,3.0,1207700.0
PROP_15112,Harbor Point,Studio Apartment,546,1,1.0,Semi-Furnished,1,8,23.0,3,9,Under Construction,2.0,305900.0
PROP_15769,Silicon Hills,Studio Apartment,582,1,1.0,Semi-Furnished,0,11,1.0,1,5,Under Construction,3.0,341700.0
PROP_14884,Lakeside Estates,Luxury Villa,5075,4,5.0,Semi-Furnished,1,2,6.0,2,9,Ready To Move,3.0,3322900.0
PROP_12891,Silicon Hills,Apartment,894,1,1.0,Furnished,2,4,7.0,1,5,Under Construction,1.0,537300.0
PROP_14413,Oakridge Valley,Apartment,1585,3,3.0,Semi-Furnished,1,20,13.0,2,8,Ready To Move,2.0,636800.0
PROP_12829,Riverside District,Studio Apartment,508,1,1.0,Semi-Furnished,2,12,1.0,1,7,Ready To Move,1.0,298400.0
PROP_11711,Westend Terrace,Apartment,1336,2,3.0,Unfurnished,2,21,2.0,2,10,Ready To Move,3.0,645000.0
PROP_14596,Sunset Park,Apartment,1076,2,3.0,Semi-Furnished,2,9,0.0,1,4,Ready To Move,3.0,501500.0
PROP_12479,Harbor Point,Luxury Villa,4419,5,6.0,Semi-Furnished,1,4,9.0,1,3,Ready To Move,2.0,3177300.0
PROP_11367,Lakeside Estates,Apartment,1174,2,3.0,Semi-Furnished,1,20,2.0,1,3,Ready To Move,4.0,689800.0
PROP_10174,Downtown Central,Luxury Villa,4844,4,5.0,Furnished,1,2,5.0,1,5,Under Construction,3.0,3148500.0
PROP_14216,Westend Terrace,Apartment,1456,3,2.0,Semi-Furnished,1,7,8.0,2,10,Under Construction,4.0,669400.0
PROP_15729,Midtown Corridor,Penthouse,3694,3,4.0,Furnished,0,19,7.0,1,8,Under Construction,5.0,2229400.0
PROP_12916,Lakeside Estates,Studio Apartment,629,1,1.0,Furnished,1,7,1.0,2,8,Ready To Move,3.0,417800.0
PROP_15244,Greenwood Heights,Independent House,2722,3,2.0,Unfurnished,1,1,23.0,1,5,Ready To Move,3.0,1059300.0
PROP_13545,Westend Terrace,Studio Apartment,451,1,1.0,Semi-Furnished,1,18,0.0,2,1,Ready To Move,3.0,264700.0
PROP_11953,Sunset Park,Apartment,1058,2,2.0,Furnished,1,6,7.0,1,4,Under Construction,3.0,515400.0
PROP_14425,Midtown Corridor,Penthouse,3982,4,5.0,Semi-Furnished,2,32,5.0,2,4,Ready To Move,2.0,2847000.0
PROP_13376,Greenwood Heights,Apartment,1277,2,2.0,Semi-Furnished,1,13,1.0,2,5,Ready To Move,4.0,615800.0
PROP_12037,Westend Terrace,Apartment,1926,3,3.0,Semi-Furnished,2,18,2.0,0,4,Under Construction,1.0,873100.0
PROP_14503,Greenwood Heights,Penthouse,4761,4,6.0,Semi-Furnished,1,32,25.0,0,7,Under Construction,2.0,2199400.0
PROP_14415,Riverside District,Apartment,2158,4,4.0,Semi-Furnished,0,21,11.0,1,6,Ready To Move,2.0,977800.0
PROP_10019,Harbor Point,Penthouse,4350,4,5.0,Semi-Furnished,2,31,10.0,1,6,Under Construction,3.0,2791900.0
PROP_10001,Midtown Corridor,Apartment,1253,2,2.0,Unfurnished,2,6,5.0,2,3,Ready To Move,5.0,635000.0
PROP_12175,Sunset Park,Independent House,2689,4,3.0,Furnished,1,2,2.0,0,6,Ready To Move,4.0,1169800.0
PROP_11357,Midtown Corridor,Luxury Villa,3956,3,4.0,Furnished,2,4,1.0,2,6,Ready To Move,1.0,2767900.0
PROP_14480,Silicon Hills,Apartment,1101,2,2.0,Furnished,1,22,17.0,3,3,Ready To Move,1.0,619900.0
PROP_14103,Harbor Point,Luxury Villa,4640,5,6.0,Semi-Furnished,2,2,4.0,1,8,Ready To Move,3.0,3633800.0
PROP_14044,Riverside District,Penthouse,5051,4,5.0,Furnished,2,22,5.0,2,8,Ready To Move,3.0,3222800.0
PROP_10397,Silicon Hills,Luxury Villa,4059,4,5.0,Semi-Furnished,0,2,7.0,0,6,Ready To Move,4.0,2859000.0
PROP_14526,Greenwood Heights,Studio Apartment,555,1,1.0,Unfurnished,1,15,3.0,3,6,Ready To Move,3.0,289400.0
PROP_14899,Sunset Park,Independent House,2401,2,3.0,Semi-Furnished,1,2,21.0,1,3,Under Construction,2.0,900800.0
PROP_11813,Downtown Central,Apartment,1627,2,2.0,Semi-Furnished,1,20,2.0,2,3,Ready To Move,5.0,873500.0
PROP_14454,Harbor Point,Apartment,1620,3,3.0,Semi-Furnished,3,20,6.0,1,3,Ready To Move,1.0,1008900.0
PROP_15261,Westend Terrace,Apartment,1686,3,3.0,Semi-Furnished,1,10,9.0,1,7,Ready To Move,1.0,724600.0
PROP_10817,Oakridge Valley,Penthouse,3786,5,7.0,Furnished,0,20,6.0,3,10,Ready To Move,3.0,2004000.0
PROP_11573,Riverside District,Studio Apartment,499,1,1.0,Furnished,3,6,3.0,1,6,Under Construction,1.0,321800.0
PROP_15221,Silicon Hills,Apartment,1583,3,3.0,Semi-Furnished,1,16,13.0,2,3,Under Construction,2.0,888600.0
PROP_11801,Silicon Hills,Independent House,2538,4,3.0,Furnished,0,2,13.0,2,7,Ready To Move,5.0,1608200.0
PROP_12281,Riverside District,Apartment,1664,3,3.0,Furnished,1,24,1.0,2,4,Under Construction,2.0,726700.0
PROP_13768,Greenwood Heights,Penthouse,3926,4,5.0,Semi-Furnished,1,21,4.0,2,7,Ready To Move,4.0,2260200.0
PROP_14761,Lakeside Estates,Penthouse,4608,4,6.0,Furnished,1,31,6.0,3,8,Under Construction,1.0,3200000.0
PROP_13935,Greenwood Heights,Apartment,1499,2,3.0,Unfurnished,0,7,17.0,1,7,Ready To Move,2.0,611500.0
PROP_14551,Westend Terrace,Apartment,1186,2,1.0,Semi-Furnished,1,4,1.0,1,6,Ready To Move,5.0,554200.0
PROP_13306,Downtown Central,Independent House,2470,3,2.0,Semi-Furnished,1,3,10.0,2,6,Ready To Move,2.0,1369700.0
PROP_15553,Downtown Central,Apartment,1766,3,3.0,Semi-Furnished,1,5,1.0,1,4,Under Construction,3.0,1035700.0
PROP_13946,Sunset Park,Independent House,1888,3,4.0,Furnished,2,1,2.0,1,5,Ready To Move,1.0,906200.0
PROP_13476,Westend Terrace,Luxury Villa,4253,4,4.0,Semi-Furnished,0,2,15.0,1,7,Ready To Move,5.0,2163000.0
PROP_13333,Downtown Central,Studio Apartment,552,1,1.0,Unfurnished,2,4,0.0,2,3,Ready To Move,2.0,335500.0
PROP_14208,Riverside District,Independent House,2322,2,2.0,Furnished,2,2,8.0,1,7,Ready To Move,2.0,1209400.0
PROP_15405,Downtown Central,Apartment,1582,2,2.0,Semi-Furnished,1,18,7.0,1,3,Ready To Move,5.0,791500.0
PROP_10555,Harbor Point,Independent House,2937,4,4.0,Unfurnished,1,1,8.0,2,5,Ready To Move,4.0,1796700.0
PROP_11160,Harbor Point,Luxury Villa,4645,5,5.0,Furnished,2,4,1.0,2,3,Ready To Move,3.0,3348400.0
PROP_11214,Lakeside Estates,Independent House,2065,2,1.0,Semi-Furnished,1,2,0.0,1,4,Ready To Move,2.0,1228500.0
PROP_13751,Riverside District,Studio Apartment,687,1,1.0,Semi-Furnished,2,17,4.0,0,5,Ready To Move,4.0,407400.0
PROP_11326,Lakeside Estates,Luxury Villa,4620,4,5.0,Unfurnished,2,3,1.0,2,4,Ready To Move,1.0,3465700.0
PROP_13309,Silicon Hills,Luxury Villa,3812,3,4.0,Semi-Furnished,0,2,2.0,1,8,Ready To Move,4.0,3145700.0
PROP_15392,Silicon Hills,Apartment,1066,1,1.0,Semi-Furnished,1,22,2.0,0,3,Ready To Move,4.0,670100.0
PROP_10701,Midtown Corridor,Independent House,1901,3,3.0,Semi-Furnished,1,2,1.0,0,9,Ready To Move,3.0,1054000.0
PROP_12701,Midtown Corridor,Independent House,2495,3,2.0,Furnished,2,2,27.0,2,4,Ready To Move,5.0,1101300.0
PROP_14308,Silicon Hills,Luxury Villa,4669,4,5.0,Furnished,2,2,7.0,2,9,Ready To Move,4.0,3517000.0
PROP_11848,Sunset Park,Penthouse,4906,4,5.0,Unfurnished,3,28,23.0,1,10,Ready To Move,1.0,2273600.0
PROP_14421,Westend Terrace,Apartment,2036,4,4.0,Furnished,2,24,6.0,1,4,Ready To Move,2.0,1019800.0
PROP_13887,Silicon Hills,Apartment,1346,2,2.0,Semi-Furnished,2,3,6.0,2,1,Ready To Move,4.0,810600.0
PROP_11456,Oakridge Valley,Independent House,2570,4,3.0,Unfurnished,1,2,3.0,1,10,Under Construction,1.0,976700.0
PROP_15036,Sunset Park,Apartment,1275,1,1.0,Unfurnished,2,22,11.0,1,6,Ready To Move,4.0,514100.0
PROP_12971,Westend Terrace,Independent House,2139,3,2.0,Semi-Furnished,1,1,11.0,2,6,Ready To Move,4.0,1032100.0
PROP_12883,Sunset Park,Independent House,2713,4,5.0,Unfurnished,1,1,1.0,1,3,Ready To Move,5.0,1272500.0
PROP_10867,Westend Terrace,Luxury Villa,5319,4,4.0,Furnished,0,3,0.0,1,7,Ready To Move,1.0,3010400.0
PROP_14601,Greenwood Heights,Independent House,2989,4,5.0,Furnished,2,2,6.0,0,4,Under Construction,3.0,1383100.0
PROP_11645,Riverside District,Independent House,2096,2,1.0,Semi-Furnished,0,2,9.0,2,5,Ready To Move,2.0,1024300.0
PROP_12141,Greenwood Heights,Luxury Villa,4997,5,6.0,Furnished,1,3,31.0,2,6,Ready To Move,2.0,2207800.0
PROP_14025,Downtown Central,Penthouse,4731,4,5.0,Semi-Furnished,1,32,11.0,2,9,Ready To Move,2.0,3506200.0
PROP_13468,Sunset Park,Apartment,1338,2,2.0,Furnished,2,24,4.0,0,7,Ready To Move,5.0,589600.0
PROP_11491,Silicon Hills,Apartment,1592,2,2.0,Unfurnished,1,16,16.0,1,7,Ready To Move,2.0,840300.0
PROP_13108,Greenwood Heights,Luxury Villa,6388,6,7.0,Semi-Furnished,1,2,8.0,1,5,Ready To Move,2.0,3524700.0
PROP_10730,Harbor Point,Apartment,1431,3,3.0,Semi-Furnished,2,5,6.0,0,4,Ready To Move,2.0,834500.0
PROP_14215,Harbor Point,Apartment,1259,2,1.0,Semi-Furnished,1,1,8.0,2,7,Under Construction,4.0,671000.0
PROP_15830,Midtown Corridor,Independent House,2883,4,4.0,Unfurnished,1,3,33.0,2,5,Ready To Move,4.0,1275800.0
PROP_12621,Greenwood Heights,Apartment,1493,2,2.0,Semi-Furnished,2,10,4.0,0,4,Ready To Move,3.0,685900.0
PROP_11937,Riverside District,Studio Apartment,532,1,1.0,Semi-Furnished,2,4,6.0,1,5,Ready To Move,2.0,316000.0
PROP_13166,Sunset Park,Apartment,1930,4,4.0,Furnished,1,12,2.0,0,6,Ready To Move,2.0,910400.0
PROP_11111,Midtown Corridor,Apartment,1537,2,2.0,Unfurnished,1,11,1.0,1,10,Ready To Move,2.0,839100.0
PROP_14887,Midtown Corridor,Apartment,1330,2,1.0,Furnished,1,8,17.0,2,5,Ready To Move,5.0,642400.0
PROP_15381,Westend Terrace,Independent House,1886,3,2.0,Unfurnished,1,1,5.0,1,8,Ready To Move,4.0,989400.0
PROP_12395,Silicon Hills,Luxury Villa,4278,4,5.0,Unfurnished,2,3,26.0,2,1,Under Construction,4.0,2518200.0
PROP_11186,Westend Terrace,Apartment,1063,2,1.0,Furnished,1,8,6.0,0,8,Under Construction,3.0,582600.0
PROP_12008,Greenwood Heights,Apartment,1191,2,1.0,Unfurnished,1,3,8.0,2,3,Ready To Move,5.0,459900.0
PROP_10194,Downtown Central,Independent House,3223,4,3.0,Semi-Furnished,0,2,15.0,3,2,Ready To Move,3.0,1743900.0
PROP_11516,Silicon Hills,Studio Apartment,434,1,1.0,Semi-Furnished,2,19,1.0,1,2,Under Construction,3.0,314700.0
PROP_10579,Sunset Park,Luxury Villa,3978,4,5.0,Semi-Furnished,1,2,12.0,2,5,Ready To Move,2.0,1901000.0
PROP_12124,Greenwood Heights,Independent House,1777,3,4.0,Semi-Furnished,1,2,1.0,3,6,Ready To Move,3.0,918300.0
PROP_11430,Greenwood Heights,Apartment,1572,3,3.0,Semi-Furnished,1,14,7.0,0,6,Ready To Move,2.0,609200.0
PROP_10772,Riverside District,Apartment,988,1,1.0,Semi-Furnished,0,9,21.0,1,5,Ready To Move,3.0,426400.0
PROP_13602,Silicon Hills,Studio Apartment,533,1,1.0,Furnished,1,10,1.0,2,8,Under Construction,2.0,354800.0
PROP_12396,Sunset Park,Independent House,2938,4,3.0,Semi-Furnished,1,3,12.0,1,5,Ready To Move,5.0,1257200.0
PROP_15967,Riverside District,Independent House,2943,4,4.0,Unfurnished,3,3,2.0,2,6,Ready To Move,2.0,1601200.0
PROP_11847,Sunset Park,Penthouse,4414,4,5.0,Semi-Furnished,2,26,6.0,2,4,Under Construction,4.0,2336500.0
PROP_10132,Midtown Corridor,Apartment,960,2,2.0,Semi-Furnished,1,9,22.0,0,1,Ready To Move,4.0,422800.0
PROP_10179,Silicon Hills,Apartment,1138,2,1.0,Furnished,2,7,5.0,1,2,Under Construction,3.0,636900.0
PROP_15376,Silicon Hills,Apartment,1795,3,3.0,Furnished,1,15,4.0,2,4,Under Construction,5.0,1016600.0
PROP_13833,Riverside District,Apartment,844,1,2.0,Furnished,1,10,0.0,1,7,Ready To Move,1.0,501600.0
PROP_13590,Greenwood Heights,Apartment,1164,1,1.0,Furnished,0,11,13.0,1,9,Under Construction,2.0,485400.0
PROP_12581,Silicon Hills,Apartment,1167,2,1.0,Furnished,0,15,4.0,1,1,Ready To Move,4.0,707800.0
PROP_13648,Westend Terrace,Penthouse,3984,3,5.0,Furnished,2,31,8.0,3,7,Ready To Move,4.0,2442100.0
PROP_13378,Lakeside Estates,Luxury Villa,4946,4,4.0,Semi-Furnished,1,3,13.0,2,4,Ready To Move,3.0,2903700.0
PROP_12653,Sunset Park,Apartment,1643,3,2.0,Semi-Furnished,1,4,10.0,2,5,Ready To Move,4.0,713700.0
PROP_15920,Harbor Point,Apartment,1526,2,2.0,Furnished,1,19,3.0,1,1,Under Construction,1.0,826600.0
PROP_12074,Lakeside Estates,Apartment,1395,2,2.0,Furnished,1,15,5.0,2,9,Ready To Move,5.0,763000.0
PROP_10659,Downtown Central,Studio Apartment,466,1,1.0,Semi-Furnished,0,5,17.0,1,10,Under Construction,2.0,287500.0
PROP_11897,Silicon Hills,Independent House,2878,4,4.0,Furnished,3,2,5.0,2,7,Ready To Move,2.0,1757200.0
PROP_14834,Riverside District,Independent House,2681,3,3.0,Semi-Furnished,1,2,7.0,3,5,Under Construction,4.0,1243600.0
PROP_14158,Sunset Park,Penthouse,4900,4,5.0,Semi-Furnished,1,29,8.0,1,3,Ready To Move,1.0,2905700.0
PROP_12222,Downtown Central,Luxury Villa,5763,6,6.0,Furnished,1,2,4.0,1,5,Under Construction,4.0,3585500.0
PROP_15721,Sunset Park,Independent House,2458,3,3.0,Semi-Furnished,1,2,0.0,2,3,Ready To Move,1.0,1132800.0
PROP_12380,Westend Terrace,Independent House,2067,3,2.0,Semi-Furnished,1,1,8.0,2,9,Ready To Move,1.0,1038000.0
PROP_11448,Lakeside Estates,Luxury Villa,5501,5,5.0,Semi-Furnished,0,2,11.0,3,2,Ready To Move,3.0,3605100.0
PROP_10343,Riverside District,Independent House,2571,3,3.0,Semi-Furnished,2,3,5.0,2,1,Ready To Move,4.0,1261600.0
PROP_13627,Greenwood Heights,Apartment,811,2,2.0,Unfurnished,1,7,2.0,1,5,Ready To Move,5.0,424300.0
PROP_12528,Oakridge Valley,Luxury Villa,4116,4,4.0,Unfurnished,1,3,3.0,1,4,Ready To Move,1.0,2043900.0
PROP_10728,Lakeside Estates,Apartment,1467,2,2.0,Semi-Furnished,1,2,5.0,1,2,Under Construction,4.0,727600.0
PROP_14739,Lakeside Estates,Apartment,1695,2,2.0,Furnished,1,12,3.0,1,4,Under Construction,3.0,829200.0
PROP_10977,Riverside District,Independent House,2639,3,2.0,Unfurnished,2,1,7.0,0,5,Ready To Move,5.0,1199400.0
PROP_12958,Silicon Hills,Penthouse,4918,5,6.0,Furnished,1,33,1.0,2,8,Ready To Move,4.0,3689800.0
PROP_15361,Riverside District,Independent House,3387,5,4.0,Furnished,1,2,10.0,2,4,Under Construction,4.0,1660600.0
PROP_11929,Westend Terrace,Studio Apartment,510,1,1.0,Unfurnished,1,3,0.0,1,7,Ready To Move,3.0,264400.0
PROP_13718,Westend Terrace,Studio Apartment,667,1,1.0,Furnished,2,8,0.0,3,10,Ready To Move,5.0,396600.0
PROP_15784,Greenwood Heights,Independent House,1993,2,2.0,Furnished,1,3,24.0,2,5,Under Construction,3.0,739200.0
PROP_11300,Downtown Central,Penthouse,4811,4,5.0,Semi-Furnished,1,26,1.0,2,6,Ready To Move,2.0,3803900.0
PROP_14188,Harbor Point,Studio Apartment,433,1,1.0,Semi-Furnished,0,13,10.0,3,5,Ready To Move,5.0,274300.0
PROP_15529,Silicon Hills,Independent House,2359,4,5.0,Furnished,1,2,0.0,1,5,Ready To Move,5.0,1666900.0
PROP_10661,Lakeside Estates,Luxury Villa,3836,4,5.0,Unfurnished,0,2,7.0,0,6,Under Construction,4.0,2249600.0
PROP_11791,Riverside District,Independent House,3126,4,4.0,Furnished,2,2,18.0,1,6,Under Construction,4.0,1474500.0
PROP_13413,Westend Terrace,Apartment,1143,2,2.0,Furnished,1,11,13.0,0,4,Under Construction,5.0,487700.0
PROP_13968,Silicon Hills,Apartment,1630,3,3.0,Semi-Furnished,1,12,0.0,2,8,Ready To Move,1.0,1022700.0
PROP_10494,Midtown Corridor,Apartment,1377,2,2.0,Furnished,1,14,2.0,1,8,Ready To Move,4.0,736100.0
PROP_13133,Harbor Point,Independent House,1909,2,2.0,Furnished,2,3,22.0,3,3,Under Construction,5.0,952700.0
PROP_14729,Riverside District,Studio Apartment,741,1,1.0,Unfurnished,1,18,14.0,2,6,Ready To Move,5.0,342700.0
PROP_13131,Harbor Point,Penthouse,4724,5,6.0,Furnished,1,34,6.0,1,5,Under Construction,3.0,3474500.0
PROP_13850,Westend Terrace,Apartment,1750,3,3.0,Semi-Furnished,1,4,11.0,2,2,Ready To Move,5.0,765300.0
PROP_15543,Harbor Point,Apartment,1195,2,1.0,Semi-Furnished,1,14,2.0,0,10,Ready To Move,3.0,773500.0
PROP_11086,Greenwood Heights,Independent House,3162,5,5.0,Semi-Furnished,1,2,5.0,2,7,Under Construction,3.0,1465000.0
PROP_15684,Midtown Corridor,Apartment,1736,3,3.0,Furnished,0,13,17.0,3,3,Ready To Move,5.0,809200.0
PROP_10695,Downtown Central,Independent House,2958,4,3.0,Furnished,2,2,1.0,2,3,Ready To Move,3.0,1865200.0
PROP_11279,Sunset Park,Independent House,2549,4,3.0,Unfurnished,1,1,24.0,2,7,Ready To Move,1.0,980600.0
PROP_15869,Lakeside Estates,Luxury Villa,5779,6,7.0,Furnished,1,3,11.0,2,6,Ready To Move,4.0,3397800.0
PROP_11622,Midtown Corridor,Independent House,2805,3,2.0,Furnished,1,2,18.0,1,5,Under Construction,4.0,1311700.0
PROP_12562,Sunset Park,Independent House,2907,4,4.0,Semi-Furnished,1,3,3.0,2,4,Ready To Move,4.0,1352800.0
PROP_15183,Midtown Corridor,Apartment,1107,2,2.0,Furnished,0,24,8.0,2,5,Under Construction,4.0,497700.0
PROP_14184,Westend Terrace,Independent House,3403,5,6.0,Unfurnished,1,2,4.0,2,8,Ready To Move,2.0,1645900.0
PROP_10068,Oakridge Valley,Apartment,1039,1,1.0,Semi-Furnished,3,18,5.0,1,6,Under Construction,1.0,466200.0
PROP_15055,Greenwood Heights,Penthouse,3931,4,5.0,Unfurnished,1,25,23.0,1,7,Under Construction,5.0,1954300.0
PROP_13034,Downtown Central,Penthouse,4228,3,4.0,Furnished,1,20,0.0,2,6,Ready To Move,4.0,3415600.0
PROP_12270,Oakridge Valley,Apartment,1112,1,1.0,Furnished,2,8,5.0,0,5,Ready To Move,2.0,474400.0
PROP_14688,Oakridge Valley,Apartment,1922,3,3.0,Unfurnished,1,6,17.0,1,3,Ready To Move,5.0,656400.0
PROP_14742,Midtown Corridor,Apartment,1226,2,1.0,Unfurnished,2,20,4.0,1,3,Ready To Move,5.0,660800.0
PROP_10821,Westend Terrace,Apartment,1519,3,3.0,Furnished,1,11,12.0,1,2,Ready To Move,5.0,703400.0
PROP_11227,Greenwood Heights,Penthouse,4225,3,4.0,Semi-Furnished,0,20,7.0,1,6,Ready To Move,4.0,2342700.0
PROP_11678,Greenwood Heights,Apartment,1455,2,2.0,Furnished,1,8,2.0,1,3,Ready To Move,2.0,708800.0
PROP_15028,Midtown Corridor,Independent House,2712,4,4.0,Furnished,1,3,14.0,0,6,Ready To Move,4.0,1464800.0
PROP_12868,Harbor Point,Independent House,2835,3,2.0,Furnished,2,3,4.0,2,6,Ready To Move,4.0,1858200.0
PROP_14391,Riverside District,Studio Apartment,590,1,1.0,Unfurnished,1,8,11.0,1,5,Ready To Move,1.0,296800.0
PROP_12368,Lakeside Estates,Independent House,2716,4,4.0,Furnished,2,2,7.0,1,6,Ready To Move,3.0,1566300.0
PROP_15871,Westend Terrace,Studio Apartment,545,1,1.0,Furnished,1,16,9.0,1,6,Under Construction,4.0,322600.0
PROP_13908,Greenwood Heights,Independent House,2775,4,4.0,Furnished,1,2,2.0,1,9,Ready To Move,5.0,1253000.0
PROP_12513,Silicon Hills,Apartment,1190,2,1.0,Furnished,2,13,4.0,1,6,Ready To Move,5.0,804000.0
PROP_12724,Silicon Hills,Luxury Villa,5113,5,6.0,Semi-Furnished,1,2,6.0,3,7,Ready To Move,3.0,3799400.0
PROP_15364,Greenwood Heights,Apartment,1300,2,1.0,Unfurnished,0,6,0.0,2,9,Ready To Move,2.0,623800.0
PROP_15121,Silicon Hills,Apartment,1934,3,2.0,Semi-Furnished,2,1,0.0,1,10,Ready To Move,2.0,1306100.0
PROP_14449,Downtown Central,Apartment,1254,2,1.0,Unfurnished,3,9,3.0,2,5,Ready To Move,4.0,756300.0
PROP_11144,Greenwood Heights,Penthouse,5121,5,6.0,Semi-Furnished,1,32,7.0,1,5,Ready To Move,3.0,2774900.0
PROP_10398,Harbor Point,Apartment,1763,3,4.0,Unfurnished,1,18,2.0,1,6,Ready To Move,2.0,970400.0
PROP_10787,Midtown Corridor,Apartment,1367,2,2.0,Unfurnished,2,20,1.0,1,1,Ready To Move,3.0,688000.0
PROP_15156,Harbor Point,Apartment,881,2,2.0,Semi-Furnished,2,6,22.0,1,7,Under Construction,3.0,478400.0
PROP_13932,Silicon Hills,Luxury Villa,4228,5,6.0,Semi-Furnished,1,2,2.0,0,8,Ready To Move,1.0,3504700.0
PROP_11399,Westend Terrace,Apartment,1602,2,2.0,Semi-Furnished,1,15,2.0,1,3,Ready To Move,1.0,695400.0
PROP_11660,Greenwood Heights,Apartment,571,1,2.0,Furnished,1,11,0.0,1,7,Ready To Move,5.0,354200.0
PROP_13354,Midtown Corridor,Studio Apartment,540,1,1.0,Furnished,2,13,4.0,1,5,Under Construction,3.0,295600.0
PROP_12221,Riverside District,Independent House,2701,4,4.0,Furnished,2,2,0.0,1,2,Under Construction,4.0,1388700.0
PROP_10980,Lakeside Estates,Apartment,1419,3,3.0,Semi-Furnished,2,13,4.0,1,7,Under Construction,4.0,825100.0
PROP_12332,Sunset Park,Independent House,1887,2,2.0,Semi-Furnished,2,2,1.0,1,6,Ready To Move,5.0,864100.0
PROP_11299,Midtown Corridor,Apartment,1552,3,3.0,Furnished,2,14,9.0,2,6,Ready To Move,2.0,834400.0
PROP_13533,Silicon Hills,Luxury Villa,4972,4,4.0,Semi-Furnished,1,3,6.0,1,8,Ready To Move,2.0,3580500.0
PROP_13814,Downtown Central,Apartment,1420,2,2.0,Furnished,1,8,2.0,3,5,Under Construction,3.0,769500.0
PROP_10083,Oakridge Valley,Luxury Villa,4835,3,4.0,Semi-Furnished,2,4,1.0,1,5,Ready To Move,4.0,2533500.0
PROP_14896,Silicon Hills,Independent House,2452,3,4.0,Semi-Furnished,1,3,0.0,2,1,Ready To Move,4.0,1501100.0
PROP_14038,Oakridge Valley,Independent House,2336,2,2.0,Unfurnished,1,2,1.0,1,4,Ready To Move,5.0,930100.0
PROP_14705,Lakeside Estates,Apartment,1212,2,2.0,Furnished,2,21,1.0,1,5,Ready To Move,4.0,773800.0
PROP_13955,Riverside District,Studio Apartment,556,1,1.0,Semi-Furnished,1,10,9.0,1,6,Ready To Move,3.0,331200.0
PROP_15819,Sunset Park,Apartment,1630,2,2.0,Furnished,1,21,2.0,1,8,Ready To Move,2.0,720700.0
PROP_14057,Downtown Central,Apartment,1642,3,3.0,Unfurnished,1,19,1.0,1,6,Ready To Move,3.0,955400.0
PROP_12904,Riverside District,Apartment,1675,3,2.0,Unfurnished,1,20,7.0,2,6,Ready To Move,3.0,798600.0
PROP_10424,Midtown Corridor,Apartment,1036,2,2.0,Semi-Furnished,1,4,0.0,2,4,Ready To Move,4.0,586800.0
PROP_15207,Midtown Corridor,Apartment,1553,2,1.0,Furnished,0,18,7.0,1,7,Ready To Move,4.0,735300.0
PROP_11905,Midtown Corridor,Independent House,2267,3,2.0,Unfurnished,0,2,1.0,1,8,Ready To Move,3.0,1363100.0
PROP_15460,Oakridge Valley,Apartment,1119,2,2.0,Furnished,0,2,16.0,0,5,Ready To Move,2.0,434100.0
PROP_11531,Downtown Central,Apartment,1011,2,1.0,Unfurnished,1,18,17.0,1,5,Ready To Move,5.0,487000.0
PROP_15168,Riverside District,Apartment,2135,4,4.0,Unfurnished,1,15,10.0,0,5,Ready To Move,4.0,948300.0
PROP_11566,Riverside District,Independent House,2908,4,4.0,Semi-Furnished,1,3,12.0,3,9,Ready To Move,4.0,1583700.0
PROP_14451,Riverside District,Apartment,1139,1,2.0,Furnished,2,7,5.0,2,7,Ready To Move,4.0,601200.0
PROP_12750,Greenwood Heights,Luxury Villa,5329,5,5.0,Furnished,1,3,13.0,1,8,Ready To Move,3.0,2775900.0
PROP_10840,Oakridge Valley,Apartment,1245,1,1.0,Semi-Furnished,0,17,24.0,2,7,Ready To Move,5.0,405800.0
PROP_10501,Sunset Park,Luxury Villa,6229,6,7.0,Semi-Furnished,1,2,17.0,0,5,Ready To Move,5.0,2944100.0
PROP_13296,Downtown Central,Studio Apartment,685,1,1.0,Semi-Furnished,3,19,11.0,2,8,Under Construction,1.0,420300.0
PROP_10142,Midtown Corridor,Apartment,1333,2,2.0,Furnished,2,8,6.0,2,7,Ready To Move,2.0,676200.0
PROP_14966,Greenwood Heights,Apartment,1796,3,3.0,Unfurnished,3,24,5.0,1,4,Under Construction,1.0,703900.0
PROP_12606,Lakeside Estates,Apartment,1747,3,2.0,Semi-Furnished,1,24,8.0,3,5,Under Construction,4.0,818300.0
PROP_13528,Greenwood Heights,Studio Apartment,633,1,1.0,Furnished,1,2,0.0,0,8,Under Construction,2.0,338100.0
PROP_11378,Lakeside Estates,Apartment,1244,2,2.0,Unfurnished,0,4,5.0,1,4,Ready To Move,1.0,655300.0
PROP_14678,Riverside District,Penthouse,5663,4,5.0,Semi-Furnished,3,23,4.0,3,5,Ready To Move,4.0,3556700.0
PROP_15907,Midtown Corridor,Independent House,2040,3,2.0,Furnished,1,1,2.0,0,8,Ready To Move,3.0,1233800.0
PROP_12267,Downtown Central,Apartment,1068,2,2.0,Furnished,1,1,3.0,1,8,Ready To Move,1.0,659900.0
PROP_14868,Sunset Park,Apartment,1537,3,3.0,Semi-Furnished,0,17,4.0,2,3,Ready To Move,2.0,602800.0
PROP_11139,Westend Terrace,Apartment,1899,3,4.0,Furnished,1,15,0.0,1,8,Ready To Move,2.0,847800.0
PROP_12258,Oakridge Valley,Apartment,1735,3,4.0,Furnished,1,4,3.0,2,4,Ready To Move,5.0,738300.0
PROP_13626,Westend Terrace,Apartment,1297,3,2.0,Semi-Furnished,0,17,7.0,2,6,Ready To Move,4.0,637800.0
PROP_11788,Downtown Central,Apartment,1232,2,2.0,Semi-Furnished,1,6,3.0,1,10,Under Construction,2.0,636600.0
PROP_13658,Oakridge Valley,Apartment,1564,3,3.0,Semi-Furnished,0,10,8.0,3,8,Ready To Move,3.0,628700.0
PROP_10551,Harbor Point,Luxury Villa,5204,5,5.0,Semi-Furnished,2,3,17.0,3,7,Ready To Move,2.0,3711500.0
PROP_10460,Greenwood Heights,Penthouse,5123,4,5.0,Unfurnished,2,22,0.0,1,8,Ready To Move,5.0,2812300.0
PROP_12020,Sunset Park,Luxury Villa,5393,4,4.0,Unfurnished,3,3,1.0,0,2,Ready To Move,3.0,2767100.0
PROP_10949,Harbor Point,Studio Apartment,622,1,1.0,Furnished,1,6,10.0,1,2,Ready To Move,2.0,388300.0
PROP_14539,Greenwood Heights,Apartment,1699,3,3.0,Furnished,0,20,12.0,2,7,Ready To Move,3.0,800100.0
PROP_13143,Greenwood Heights,Studio Apartment,686,1,1.0,Furnished,1,3,6.0,2,5,Ready To Move,4.0,378000.0
PROP_10533,Lakeside Estates,Apartment,1408,2,1.0,Furnished,1,17,2.0,1,7,Ready To Move,5.0,723500.0
PROP_15599,Lakeside Estates,Independent House,2470,3,3.0,Semi-Furnished,3,1,13.0,2,7,Ready To Move,3.0,1358200.0
PROP_11830,Oakridge Valley,Independent House,1649,2,2.0,Semi-Furnished,2,1,2.0,3,9,Under Construction,1.0,769300.0
PROP_15167,Lakeside Estates,Luxury Villa,4190,4,5.0,Furnished,2,3,20.0,2,5,Ready To Move,4.0,2470500.0
PROP_15311,Greenwood Heights,Apartment,1335,3,3.0,Unfurnished,1,18,40.0,1,4,Ready To Move,5.0,461200.0
PROP_14791,Downtown Central,Independent House,2932,4,4.0,Semi-Furnished,1,2,22.0,2,6,Ready To Move,3.0,1404200.0
PROP_13397,Silicon Hills,Independent House,2357,3,3.0,Furnished,1,1,8.0,1,5,Ready To Move,4.0,1335100.0
PROP_11603,Sunset Park,Apartment,1031,2,1.0,Semi-Furnished,1,4,0.0,1,5,Under Construction,3.0,479800.0
PROP_12239,Westend Terrace,Independent House,2653,3,3.0,Semi-Furnished,2,2,12.0,0,3,Ready To Move,2.0,1208800.0
PROP_10640,Oakridge Valley,Penthouse,5019,3,4.0,Semi-Furnished,1,22,12.0,2,6,Under Construction,3.0,2318900.0
PROP_15817,Riverside District,Studio Apartment,595,1,1.0,Furnished,1,8,11.0,1,7,Ready To Move,4.0,341100.0
PROP_10968,Silicon Hills,Apartment,1239,2,2.0,Unfurnished,1,11,7.0,3,3,Ready To Move,3.0,737100.0
PROP_15083,Silicon Hills,Apartment,1016,2,2.0,Semi-Furnished,1,10,5.0,2,5,Ready To Move,2.0,707400.0
PROP_13735,Oakridge Valley,Independent House,2535,3,3.0,Semi-Furnished,1,1,7.0,2,5,Under Construction,4.0,891600.0
PROP_11684,Midtown Corridor,Apartment,1299,1,1.0,Semi-Furnished,2,4,7.0,0,3,Ready To Move,2.0,615400.0
PROP_12249,Silicon Hills,Apartment,1240,2,1.0,Unfurnished,2,18,1.0,1,10,Ready To Move,2.0,775700.0
PROP_14141,Downtown Central,Independent House,2962,4,3.0,Furnished,1,1,0.0,1,5,Ready To Move,4.0,1702300.0
PROP_15380,Downtown Central,Luxury Villa,4391,5,6.0,Unfurnished,2,4,2.0,1,8,Ready To Move,1.0,3193300.0
PROP_13342,Greenwood Heights,Luxury Villa,4659,4,4.0,Semi-Furnished,1,3,14.0,2,6,Ready To Move,3.0,2269300.0
PROP_10156,Lakeside Estates,Luxury Villa,5437,5,6.0,Furnished,1,3,1.0,2,3,Under Construction,2.0,3679100.0
PROP_12296,Westend Terrace,Independent House,2217,3,3.0,Furnished,0,2,0.0,0,5,Ready To Move,2.0,1003600.0
PROP_13546,Oakridge Valley,Luxury Villa,4691,4,4.0,Semi-Furnished,2,2,15.0,1,3,Under Construction,5.0,1818900.0
PROP_14385,Riverside District,Luxury Villa,4689,3,3.0,Unfurnished,1,3,20.0,1,3,Under Construction,4.0,2104900.0
PROP_11090,Silicon Hills,Independent House,2796,4,4.0,Unfurnished,2,2,10.0,3,7,Ready To Move,1.0,1811300.0
PROP_13772,Silicon Hills,Apartment,1204,2,2.0,Semi-Furnished,1,21,11.0,1,4,Ready To Move,5.0,712700.0
PROP_12320,Harbor Point,Independent House,2014,2,2.0,Semi-Furnished,1,2,0.0,2,9,Ready To Move,3.0,1281700.0
PROP_12941,Downtown Central,Independent House,2091,3,3.0,Furnished,0,2,6.0,2,8,Ready To Move,5.0,1296600.0
PROP_15088,Westend Terrace,Luxury Villa,3764,4,4.0,Semi-Furnished,2,2,10.0,2,4,Ready To Move,1.0,2201000.0
PROP_10289,Downtown Central,Independent House,3391,5,6.0,Furnished,0,1,0.0,1,7,Ready To Move,4.0,2157300.0
PROP_10931,Oakridge Valley,Penthouse,4217,4,5.0,Furnished,1,27,8.0,2,9,Ready To Move,2.0,2170600.0
PROP_12910,Oakridge Valley,Penthouse,5032,4,6.0,Semi-Furnished,3,23,4.0,1,9,Ready To Move,1.0,2743800.0
PROP_13608,Midtown Corridor,Apartment,1176,2,2.0,Furnished,0,17,6.0,1,6,Ready To Move,4.0,681300.0
PROP_14673,Oakridge Valley,Penthouse,4637,3,4.0,Semi-Furnished,1,29,25.0,0,10,Ready To Move,5.0,1820000.0
PROP_12885,Oakridge Valley,Apartment,1547,3,3.0,Unfurnished,3,6,0.0,0,6,Ready To Move,2.0,688700.0
PROP_13400,Riverside District,Apartment,1373,2,2.0,Semi-Furnished,1,15,8.0,1,8,Ready To Move,3.0,650800.0
PROP_14657,Riverside District,Apartment,1703,3,3.0,Semi-Furnished,1,24,14.0,1,5,Ready To Move,4.0,858400.0
PROP_15465,Riverside District,Penthouse,4297,4,6.0,Furnished,2,32,7.0,2,5,Ready To Move,5.0,2867800.0
PROP_13001,Oakridge Valley,Apartment,1585,3,3.0,Furnished,0,10,19.0,1,7,Ready To Move,2.0,626500.0
PROP_14465,Harbor Point,Luxury Villa,4198,3,3.0,Unfurnished,2,2,14.0,2,7,Ready To Move,4.0,2912300.0
PROP_13373,Midtown Corridor,Independent House,2868,3,4.0,Semi-Furnished,1,3,8.0,1,5,Ready To Move,4.0,1590700.0
PROP_15939,Greenwood Heights,Apartment,996,1,1.0,Furnished,1,16,1.0,1,9,Ready To Move,1.0,526900.0
PROP_10943,Oakridge Valley,Penthouse,3802,3,4.0,Furnished,0,23,0.0,1,6,Ready To Move,2.0,2101400.0
PROP_12355,Harbor Point,Apartment,821,1,1.0,Unfurnished,1,15,21.0,1,6,Ready To Move,5.0,457400.0
PROP_15276,Oakridge Valley,Apartment,1490,2,2.0,Unfurnished,2,17,15.0,3,4,Under Construction,2.0,472500.0
PROP_15190,Harbor Point,Luxury Villa,4442,5,5.0,Furnished,1,3,8.0,0,8,Ready To Move,3.0,3030100.0
PROP_15614,Westend Terrace,Apartment,1175,2,2.0,Semi-Furnished,1,12,1.0,1,6,Ready To Move,5.0,645400.0
PROP_11699,Westend Terrace,Apartment,1372,2,2.0,Semi-Furnished,2,3,7.0,1,5,Ready To Move,3.0,601100.0
PROP_15668,Riverside District,Apartment,1630,3,3.0,Furnished,0,23,1.0,2,3,Ready To Move,3.0,796400.0
PROP_14153,Harbor Point,Apartment,1739,3,3.0,Semi-Furnished,3,13,3.0,1,4,Ready To Move,4.0,979000.0
PROP_13568,Oakridge Valley,Luxury Villa,3844,3,3.0,Semi-Furnished,1,3,7.0,2,8,Ready To Move,2.0,1895500.0
PROP_14002,Lakeside Estates,Apartment,1587,2,2.0,Semi-Furnished,0,18,5.0,1,6,Ready To Move,4.0,846800.0
PROP_14242,Midtown Corridor,Apartment,1557,3,3.0,Unfurnished,1,8,0.0,1,8,Ready To Move,5.0,802000.0
PROP_10986,Riverside District,Studio Apartment,542,1,1.0,Semi-Furnished,1,12,11.0,1,4,Ready To Move,3.0,278700.0
PROP_13950,Oakridge Valley,Apartment,1867,3,2.0,Semi-Furnished,2,22,8.0,1,5,Ready To Move,1.0,639800.0
PROP_13128,Lakeside Estates,Penthouse,4836,4,5.0,Semi-Furnished,0,23,3.0,1,8,Under Construction,1.0,3302200.0
PROP_13186,Lakeside Estates,Luxury Villa,6293,6,7.0,Semi-Furnished,1,3,3.0,0,7,Ready To Move,1.0,3854700.0
PROP_15749,Midtown Corridor,Apartment,928,2,3.0,Semi-Furnished,1,6,13.0,1,6,Ready To Move,4.0,523700.0
PROP_10982,Silicon Hills,Apartment,1315,2,1.0,Semi-Furnished,2,21,1.0,2,5,Ready To Move,5.0,854000.0
PROP_13551,Riverside District,Penthouse,3993,3,4.0,Unfurnished,1,34,6.0,2,2,Ready To Move,1.0,2691700.0
PROP_14829,Riverside District,Apartment,1101,2,2.0,Furnished,2,9,6.0,1,9,Ready To Move,3.0,634700.0
PROP_15479,Sunset Park,Apartment,1242,2,1.0,Furnished,1,5,1.0,0,6,Ready To Move,2.0,569100.0
PROP_13465,Riverside District,Luxury Villa,5631,5,5.0,Semi-Furnished,2,4,0.0,2,3,Ready To Move,4.0,3434400.0
PROP_14311,Midtown Corridor,Studio Apartment,526,1,1.0,Semi-Furnished,0,17,0.0,1,7,Ready To Move,5.0,332200.0
PROP_13520,Riverside District,Independent House,3030,3,3.0,Furnished,2,3,6.0,1,7,Ready To Move,2.0,1591300.0
PROP_11474,Westend Terrace,Independent House,3323,5,5.0,Furnished,2,2,8.0,1,6,Ready To Move,4.0,1682900.0
PROP_14819,Lakeside Estates,Luxury Villa,5541,5,6.0,Furnished,0,3,4.0,1,3,Ready To Move,3.0,3778200.0
PROP_13379,Oakridge Valley,Apartment,940,1,1.0,Furnished,2,7,9.0,0,5,Ready To Move,2.0,387600.0
PROP_14774,Oakridge Valley,Apartment,1312,2,1.0,Unfurnished,1,21,40.0,2,9,Ready To Move,4.0,411100.0
PROP_11458,Silicon Hills,Independent House,2950,4,5.0,Furnished,3,2,13.0,1,6,Ready To Move,2.0,1691700.0
PROP_11396,Westend Terrace,Apartment,1301,2,2.0,Semi-Furnished,1,24,1.0,1,5,Ready To Move,5.0,699300.0
PROP_10265,Sunset Park,Luxury Villa,4433,4,5.0,Unfurnished,2,4,25.0,1,5,Ready To Move,1.0,1948900.0
PROP_12749,Silicon Hills,Penthouse,3888,3,5.0,Unfurnished,1,26,1.0,2,4,Under Construction,3.0,2977300.0
PROP_15528,Silicon Hills,Apartment,1603,2,2.0,Semi-Furnished,1,3,4.0,1,4,Ready To Move,5.0,1007100.0
PROP_12693,Downtown Central,Apartment,1123,2,2.0,Semi-Furnished,0,13,0.0,1,4,Ready To Move,4.0,651000.0
PROP_10930,Midtown Corridor,Studio Apartment,479,1,1.0,Furnished,0,11,10.0,2,4,Ready To Move,2.0,287900.0
PROP_15077,Downtown Central,Apartment,1428,2,3.0,Semi-Furnished,1,20,0.0,1,8,Under Construction,1.0,700300.0
PROP_15804,Greenwood Heights,Studio Apartment,504,1,1.0,Semi-Furnished,0,15,3.0,1,6,Ready To Move,4.0,288600.0
PROP_12401,Westend Terrace,Apartment,1327,2,1.0,Furnished,1,1,0.0,1,4,Ready To Move,3.0,632800.0
PROP_12179,Riverside District,Luxury Villa,3696,4,5.0,Semi-Furnished,0,3,0.0,1,5,Under Construction,3.0,2388300.0
PROP_13830,Lakeside Estates,Independent House,2134,3,3.0,Furnished,1,2,0.0,1,5,Ready To Move,3.0,1263700.0
PROP_10247,Downtown Central,Independent House,2499,4,4.0,Semi-Furnished,1,2,6.0,2,3,Ready To Move,3.0,1650600.0
PROP_11595,Sunset Park,Studio Apartment,477,1,1.0,Semi-Furnished,1,16,0.0,1,5,Under Construction,5.0,236600.0
PROP_11759,Oakridge Valley,Luxury Villa,5094,4,4.0,Furnished,1,3,2.0,2,6,Ready To Move,3.0,2614600.0
PROP_15861,Lakeside Estates,Independent House,2102,3,3.0,Semi-Furnished,0,2,0.0,2,7,Ready To Move,5.0,1198600.0
PROP_15295,Riverside District,Penthouse,3792,3,5.0,Semi-Furnished,1,26,0.0,2,3,Ready To Move,4.0,2500700.0
PROP_10924,Sunset Park,Apartment,937,2,1.0,Semi-Furnished,1,19,13.0,2,4,Ready To Move,5.0,405300.0
PROP_15936,Silicon Hills,Apartment,1158,2,1.0,Furnished,3,21,0.0,1,8,Under Construction,5.0,759800.0
PROP_10269,Downtown Central,Studio Apartment,661,1,1.0,Semi-Furnished,1,18,1.0,1,6,Under Construction,1.0,381600.0
PROP_10670,Westend Terrace,Apartment,1259,1,1.0,Semi-Furnished,1,15,5.0,2,7,Ready To Move,3.0,537900.0
PROP_13899,Silicon Hills,Independent House,2633,3,4.0,Semi-Furnished,0,2,4.0,1,8,Ready To Move,5.0,1703100.0
PROP_11911,Lakeside Estates,Apartment,1489,3,2.0,Semi-Furnished,2,14,0.0,1,9,Ready To Move,4.0,892800.0
PROP_14201,Oakridge Valley,Studio Apartment,555,1,1.0,Furnished,1,12,1.0,1,5,Ready To Move,2.0,303900.0
PROP_11153,Silicon Hills,Luxury Villa,3970,4,5.0,Furnished,2,3,3.0,2,6,Ready To Move,1.0,2978200.0
PROP_14935,Lakeside Estates,Luxury Villa,5380,5,5.0,Furnished,2,3,3.0,1,3,Ready To Move,1.0,3491600.0
PROP_15796,Midtown Corridor,Luxury Villa,5603,6,7.0,Semi-Furnished,1,2,10.0,2,10,Ready To Move,1.0,3417600.0
PROP_15917,Sunset Park,Apartment,1338,2,2.0,Semi-Furnished,1,2,1.0,0,8,Ready To Move,3.0,637500.0
PROP_12697,Silicon Hills,Apartment,1321,2,2.0,Semi-Furnished,2,14,12.0,2,5,Ready To Move,5.0,839200.0
PROP_12592,Silicon Hills,Apartment,1280,2,2.0,Semi-Furnished,2,4,9.0,1,3,Ready To Move,2.0,808600.0
PROP_15672,Sunset Park,Penthouse,4906,3,5.0,Furnished,1,22,13.0,1,6,Ready To Move,2.0,2570500.0
PROP_11782,Greenwood Heights,Studio Apartment,627,1,1.0,Semi-Furnished,1,1,6.0,1,6,Ready To Move,4.0,302000.0
PROP_12414,Oakridge Valley,Independent House,2631,3,4.0,Semi-Furnished,1,2,5.0,3,2,Ready To Move,2.0,1075000.0
PROP_13014,Silicon Hills,Apartment,1328,3,3.0,Semi-Furnished,2,9,9.0,3,4,Ready To Move,3.0,745400.0
PROP_15256,Greenwood Heights,Independent House,2392,2,1.0,Unfurnished,2,1,2.0,1,6,Ready To Move,5.0,1182600.0
PROP_12308,Riverside District,Apartment,1383,2,2.0,Furnished,3,9,14.0,2,6,Under Construction,2.0,735800.0
PROP_13099,Lakeside Estates,Apartment,1521,2,1.0,Furnished,1,13,6.0,2,8,Under Construction,3.0,758300.0
PROP_10688,Harbor Point,Independent House,2404,3,4.0,Unfurnished,1,2,3.0,0,7,Under Construction,3.0,1447600.0
PROP_11916,Lakeside Estates,Apartment,1794,3,2.0,Furnished,1,7,0.0,1,6,Ready To Move,1.0,999100.0
PROP_15667,Sunset Park,Apartment,1480,2,2.0,Semi-Furnished,1,11,12.0,0,5,Ready To Move,2.0,553000.0
PROP_10613,Westend Terrace,Luxury Villa,4897,4,5.0,Semi-Furnished,2,2,2.0,0,5,Under Construction,5.0,2519600.0
PROP_13072,Greenwood Heights,Apartment,1352,2,2.0,Furnished,2,5,9.0,2,5,Ready To Move,2.0,660900.0
PROP_14336,Riverside District,Independent House,2511,3,4.0,Semi-Furnished,1,1,0.0,1,3,Ready To Move,3.0,1407500.0
PROP_12268,Midtown Corridor,Independent House,2911,4,4.0,Semi-Furnished,0,2,5.0,2,6,Under Construction,3.0,1497000.0
PROP_15776,Harbor Point,Studio Apartment,513,1,1.0,Unfurnished,2,16,18.0,3,5,Ready To Move,3.0,302400.0
PROP_12534,Oakridge Valley,Independent House,2479,3,2.0,Unfurnished,2,1,6.0,2,7,Ready To Move,5.0,1011100.0
PROP_10040,Riverside District,Apartment,2189,4,4.0,Semi-Furnished,0,20,30.0,2,6,Under Construction,4.0,766800.0
PROP_11899,Riverside District,Luxury Villa,4803,4,5.0,Semi-Furnished,1,2,4.0,1,10,Under Construction,2.0,2627500.0
PROP_11650,Westend Terrace,Independent House,2315,2,1.0,Furnished,1,3,11.0,2,7,Ready To Move,2.0,1134000.0
PROP_13668,Riverside District,Independent House,2444,2,2.0,Furnished,2,2,3.0,1,4,Ready To Move,3.0,1345900.0
PROP_10259,Sunset Park,Independent House,2729,3,3.0,Semi-Furnished,1,3,2.0,1,5,Ready To Move,5.0,1210100.0
PROP_12925,Sunset Park,Studio Apartment,661,1,1.0,Unfurnished,1,19,2.0,1,9,Ready To Move,3.0,330100.0
PROP_12435,Riverside District,Apartment,1540,3,3.0,Semi-Furnished,1,20,7.0,2,7,Ready To Move,5.0,726600.0
PROP_10848,Riverside District,Luxury Villa,4441,4,5.0,Furnished,2,2,5.0,1,4,Ready To Move,3.0,2814800.0
PROP_12823,Sunset Park,Apartment,1675,2,2.0,Furnished,1,3,14.0,1,5,Ready To Move,5.0,715100.0
PROP_15081,Westend Terrace,Apartment,1539,3,3.0,Unfurnished,2,14,9.0,1,4,Ready To Move,1.0,689100.0
PROP_15101,Harbor Point,Apartment,1561,2,1.0,Furnished,1,5,2.0,2,3,Ready To Move,4.0,866300.0
PROP_13979,Oakridge Valley,Luxury Villa,3834,4,4.0,Semi-Furnished,2,2,14.0,0,4,Ready To Move,1.0,1740000.0
PROP_13665,Midtown Corridor,Studio Apartment,484,1,1.0,Unfurnished,1,13,0.0,2,3,Ready To Move,2.0,283100.0
PROP_11234,Oakridge Valley,Apartment,1415,3,2.0,Unfurnished,1,15,0.0,1,6,Under Construction,3.0,528100.0
PROP_11128,Greenwood Heights,Independent House,2267,3,2.0,Semi-Furnished,2,2,2.0,2,9,Ready To Move,4.0,1165600.0
PROP_14508,Sunset Park,Luxury Villa,5058,4,5.0,Unfurnished,1,2,14.0,1,5,Ready To Move,1.0,2287300.0
PROP_11968,Riverside District,Apartment,1118,2,2.0,Semi-Furnished,1,4,2.0,2,7,Ready To Move,2.0,581100.0
PROP_10559,Sunset Park,Penthouse,4730,3,4.0,Semi-Furnished,1,29,20.0,2,9,Under Construction,3.0,1961400.0
PROP_10905,Lakeside Estates,Studio Apartment,567,1,1.0,Furnished,1,6,8.0,1,6,Ready To Move,5.0,371300.0
PROP_12615,Harbor Point,Independent House,2930,5,5.0,Semi-Furnished,1,3,11.0,1,8,Ready To Move,2.0,1664800.0
PROP_10485,Oakridge Valley,Independent House,3178,4,4.0,Semi-Furnished,1,3,28.0,2,8,Ready To Move,1.0,1118100.0
PROP_12212,Lakeside Estates,Luxury Villa,5099,6,7.0,Semi-Furnished,2,3,14.0,1,5,Under Construction,5.0,3031100.0
PROP_11321,Downtown Central,Apartment,1994,4,4.0,Furnished,2,3,23.0,1,10,Under Construction,2.0,831700.0
PROP_15699,Westend Terrace,Apartment,922,1,1.0,Unfurnished,3,5,0.0,3,6,Under Construction,2.0,420400.0
PROP_12556,Oakridge Valley,Luxury Villa,4667,4,5.0,Furnished,1,3,10.0,1,10,Ready To Move,5.0,1968200.0
PROP_10008,Midtown Corridor,Studio Apartment,550,1,1.0,Unfurnished,1,6,13.0,1,8,Ready To Move,3.0,300900.0
PROP_12316,Lakeside Estates,Studio Apartment,534,1,1.0,Semi-Furnished,1,9,8.0,1,7,Ready To Move,4.0,314600.0
PROP_15095,Harbor Point,Luxury Villa,4529,3,3.0,Semi-Furnished,1,3,1.0,1,8,Ready To Move,4.0,3632600.0
PROP_14399,Midtown Corridor,Independent House,3217,4,3.0,Semi-Furnished,1,2,8.0,1,4,Under Construction,3.0,1622500.0
PROP_14330,Midtown Corridor,Studio Apartment,512,1,1.0,Furnished,2,14,9.0,0,2,Ready To Move,2.0,279600.0
PROP_15286,Lakeside Estates,Independent House,2985,3,3.0,Furnished,0,2,12.0,1,5,Ready To Move,4.0,1464600.0
PROP_11451,Silicon Hills,Independent House,2557,4,4.0,Semi-Furnished,3,2,7.0,1,5,Under Construction,1.0,1724200.0
PROP_11202,Harbor Point,Apartment,988,1,1.0,Unfurnished,2,10,0.0,1,2,Ready To Move,4.0,567000.0
PROP_12427,Harbor Point,Penthouse,4377,5,7.0,Furnished,1,29,18.0,2,9,Ready To Move,4.0,2938000.0
PROP_12649,Harbor Point,Independent House,1828,2,1.0,Semi-Furnished,2,1,12.0,1,5,Under Construction,3.0,973300.0
PROP_11815,Oakridge Valley,Apartment,2102,4,3.0,Semi-Furnished,1,21,2.0,2,3,Ready To Move,4.0,925700.0
PROP_12727,Westend Terrace,Independent House,2203,3,3.0,Furnished,0,2,11.0,1,7,Ready To Move,4.0,1094000.0
PROP_10774,Oakridge Valley,Independent House,2938,5,6.0,Furnished,1,2,11.0,0,5,Ready To Move,4.0,1102900.0
PROP_12275,Greenwood Heights,Independent House,2385,3,4.0,Furnished,2,3,8.0,2,9,Ready To Move,4.0,1189300.0
PROP_11012,Sunset Park,Studio Apartment,446,1,1.0,Semi-Furnished,2,12,1.0,1,4,Ready To Move,2.0,243400.0
PROP_15654,Oakridge Valley,Studio Apartment,359,1,1.0,Semi-Furnished,1,9,3.0,1,7,Ready To Move,1.0,213400.0
PROP_13490,Silicon Hills,Independent House,2695,3,3.0,Semi-Furnished,2,2,1.0,2,3,Ready To Move,1.0,1803600.0
PROP_11992,Sunset Park,Apartment,1532,3,2.0,Semi-Furnished,2,16,15.0,2,2,Ready To Move,3.0,559300.0
PROP_11278,Westend Terrace,Independent House,2263,4,4.0,Semi-Furnished,2,2,7.0,3,8,Ready To Move,3.0,1238300.0
PROP_11784,Lakeside Estates,Apartment,1271,2,1.0,Semi-Furnished,0,22,8.0,2,6,Ready To Move,3.0,596800.0
PROP_14268,Downtown Central,Independent House,2462,3,2.0,Furnished,2,2,6.0,2,4,Ready To Move,1.0,1537100.0
PROP_10447,Greenwood Heights,Luxury Villa,3960,4,4.0,Furnished,0,3,1.0,2,2,Ready To Move,5.0,2159700.0
PROP_10881,Downtown Central,Apartment,1568,3,4.0,Furnished,1,3,5.0,1,2,Under Construction,1.0,883100.0
PROP_15475,Midtown Corridor,Studio Apartment,626,1,1.0,Semi-Furnished,2,1,10.0,2,7,Ready To Move,3.0,386000.0
PROP_15367,Downtown Central,Apartment,1225,2,2.0,Semi-Furnished,0,2,12.0,2,6,Ready To Move,5.0,612200.0
PROP_12728,Lakeside Estates,Independent House,2134,2,2.0,Unfurnished,0,1,8.0,1,2,Ready To Move,4.0,1093500.0
PROP_13049,Harbor Point,Apartment,1528,3,3.0,Furnished,0,22,3.0,0,10,Ready To Move,3.0,942000.0
PROP_10782,Oakridge Valley,Apartment,1406,2,1.0,Unfurnished,1,1,12.0,1,8,Ready To Move,3.0,540300.0
PROP_12652,Midtown Corridor,Apartment,1731,3,3.0,Semi-Furnished,1,11,7.0,1,6,Ready To Move,3.0,908800.0
PROP_15852,Harbor Point,Penthouse,4739,3,4.0,Semi-Furnished,1,21,12.0,2,6,Ready To Move,1.0,3536900.0
PROP_11750,Westend Terrace,Apartment,1701,3,3.0,Semi-Furnished,2,1,2.0,0,10,Ready To Move,1.0,791700.0
PROP_12127,Greenwood Heights,Apartment,977,1,1.0,Furnished,1,13,0.0,1,10,Under Construction,5.0,424800.0
PROP_15236,Harbor Point,Apartment,1015,2,2.0,Unfurnished,2,13,12.0,1,6,Under Construction,3.0,525900.0
PROP_12792,Sunset Park,Penthouse,4786,5,6.0,Semi-Furnished,1,18,4.0,2,5,Ready To Move,4.0,2790800.0
PROP_12424,Greenwood Heights,Apartment,1800,3,2.0,Unfurnished,3,21,1.0,1,3,Under Construction,3.0,733000.0
PROP_15882,Downtown Central,Studio Apartment,431,1,1.0,Furnished,1,17,7.0,1,6,Ready To Move,1.0,288000.0
PROP_15186,Lakeside Estates,Independent House,1896,3,4.0,Furnished,1,3,5.0,2,8,Under Construction,5.0,955400.0
PROP_10884,Oakridge Valley,Apartment,1632,3,3.0,Semi-Furnished,2,8,15.0,1,7,Under Construction,3.0,549400.0
PROP_13380,Harbor Point,Apartment,1295,2,1.0,Unfurnished,1,12,1.0,0,4,Ready To Move,3.0,703400.0
PROP_11092,Harbor Point,Independent House,2622,3,3.0,Semi-Furnished,1,1,1.0,1,5,Under Construction,3.0,1531800.0
PROP_14356,Westend Terrace,Apartment,1398,2,3.0,Semi-Furnished,1,2,19.0,2,2,Ready To Move,2.0,572500.0
PROP_15217,Westend Terrace,Apartment,1430,2,1.0,Semi-Furnished,1,10,8.0,2,9,Ready To Move,1.0,656700.0
PROP_10532,Westend Terrace,Apartment,1370,3,3.0,Unfurnished,2,11,3.0,0,10,Ready To Move,5.0,691700.0
PROP_13613,Westend Terrace,Apartment,706,1,1.0,Furnished,1,10,1.0,0,7,Under Construction,4.0,362300.0
PROP_12439,Midtown Corridor,Independent House,3092,4,4.0,Semi-Furnished,2,2,10.0,1,1,Ready To Move,3.0,1611100.0
PROP_14878,Greenwood Heights,Apartment,1991,4,3.0,Furnished,1,6,8.0,2,5,Ready To Move,5.0,963500.0
PROP_15049,Sunset Park,Independent House,3130,4,4.0,Semi-Furnished,0,1,17.0,2,5,Ready To Move,3.0,1329600.0
PROP_13980,Greenwood Heights,Apartment,1207,2,1.0,Semi-Furnished,0,24,4.0,1,10,Ready To Move,4.0,558500.0
PROP_14927,Downtown Central,Penthouse,4792,5,6.0,Semi-Furnished,1,23,0.0,1,8,Ready To Move,4.0,3547200.0
PROP_12291,Westend Terrace,Apartment,1759,2,2.0,Semi-Furnished,2,17,33.0,0,3,Ready To Move,1.0,606300.0
PROP_11728,Harbor Point,Penthouse,4554,4,5.0,Unfurnished,0,19,1.0,3,8,Ready To Move,3.0,3479000.0
PROP_10611,Lakeside Estates,Independent House,2825,3,2.0,Furnished,1,3,4.0,2,5,Ready To Move,1.0,1510700.0
PROP_10571,Silicon Hills,Apartment,1589,3,3.0,Semi-Furnished,1,7,6.0,2,7,Under Construction,1.0,945300.0
PROP_14937,Midtown Corridor,Independent House,3266,5,5.0,Semi-Furnished,1,3,4.0,1,9,Under Construction,4.0,1846600.0
PROP_11318,Silicon Hills,Studio Apartment,539,1,1.0,Furnished,2,5,9.0,0,9,Ready To Move,2.0,381700.0
PROP_10344,Riverside District,Luxury Villa,5625,5,6.0,Furnished,1,3,3.0,3,6,Ready To Move,5.0,3834500.0
PROP_10588,Lakeside Estates,Studio Apartment,714,1,1.0,Semi-Furnished,1,17,10.0,1,5,Ready To Move,5.0,402100.0
PROP_14694,Oakridge Valley,Apartment,1634,3,3.0,Furnished,1,16,16.0,3,3,Ready To Move,5.0,676100.0
PROP_10637,Silicon Hills,Apartment,1560,3,3.0,Unfurnished,3,24,27.0,0,7,Ready To Move,4.0,865900.0
PROP_10435,Westend Terrace,Independent House,2551,4,4.0,Semi-Furnished,1,1,0.0,2,2,Ready To Move,5.0,1314400.0
PROP_11904,Midtown Corridor,Apartment,1837,4,3.0,Furnished,3,11,13.0,2,6,Ready To Move,4.0,927800.0
PROP_10098,Midtown Corridor,Apartment,1294,2,2.0,Semi-Furnished,1,14,5.0,1,4,Under Construction,3.0,688800.0
PROP_13199,Oakridge Valley,Studio Apartment,513,1,1.0,Furnished,1,3,8.0,2,6,Ready To Move,5.0,260200.0
PROP_13448,Oakridge Valley,Independent House,3011,5,5.0,Unfurnished,2,2,0.0,2,4,Ready To Move,4.0,1458500.0
PROP_13403,Sunset Park,Studio Apartment,594,1,1.0,Furnished,1,1,9.0,2,4,Ready To Move,1.0,292200.0
PROP_15736,Silicon Hills,Apartment,1438,3,2.0,Furnished,1,13,0.0,2,4,Ready To Move,2.0,1011000.0
PROP_12070,Oakridge Valley,Studio Apartment,469,1,1.0,Unfurnished,2,15,2.0,2,7,Under Construction,4.0,242200.0
PROP_11538,Riverside District,Apartment,1525,2,2.0,Semi-Furnished,3,18,19.0,3,6,Ready To Move,3.0,660200.0
PROP_13228,Harbor Point,Apartment,587,1,1.0,Unfurnished,1,24,7.0,1,4,Ready To Move,5.0,341200.0
PROP_14148,Sunset Park,Studio Apartment,527,1,1.0,Furnished,1,4,7.0,1,6,Under Construction,3.0,274600.0
PROP_14788,Harbor Point,Apartment,1089,2,2.0,Semi-Furnished,3,16,1.0,1,6,Under Construction,3.0,654900.0
PROP_15155,Riverside District,Apartment,1288,2,2.0,Semi-Furnished,1,1,11.0,1,8,Under Construction,2.0,638700.0
PROP_11518,Riverside District,Independent House,3132,3,4.0,Semi-Furnished,0,3,6.0,2,10,Under Construction,4.0,1417100.0
PROP_10966,Riverside District,Luxury Villa,4842,5,5.0,Semi-Furnished,1,3,13.0,2,8,Under Construction,4.0,2462400.0
PROP_15420,Westend Terrace,Apartment,1091,2,1.0,Unfurnished,1,24,2.0,0,6,Ready To Move,3.0,504800.0
PROP_10529,Westend Terrace,Apartment,1189,2,1.0,Semi-Furnished,2,15,2.0,3,5,Ready To Move,5.0,586800.0
PROP_10177,Downtown Central,Apartment,1335,2,2.0,Furnished,2,10,0.0,3,7,Under Construction,5.0,817700.0
PROP_12471,Downtown Central,Apartment,1280,2,1.0,Furnished,1,5,2.0,2,5,Ready To Move,2.0,739600.0
PROP_14537,Greenwood Heights,Independent House,2397,3,3.0,Furnished,2,2,2.0,1,8,Ready To Move,2.0,1225400.0
PROP_13896,Harbor Point,Independent House,2544,3,2.0,Semi-Furnished,1,1,21.0,1,5,Ready To Move,5.0,1442400.0
PROP_13002,Sunset Park,Apartment,1470,2,3.0,Furnished,2,23,6.0,2,5,Ready To Move,4.0,636900.0
PROP_15151,Harbor Point,Independent House,2685,3,3.0,Semi-Furnished,0,1,2.0,1,2,Ready To Move,4.0,1644200.0
PROP_10573,Riverside District,Apartment,1233,2,2.0,Unfurnished,0,21,6.0,2,6,Ready To Move,3.0,591500.0
PROP_15691,Westend Terrace,Apartment,1123,2,1.0,Unfurnished,1,16,17.0,1,8,Ready To Move,3.0,487400.0
PROP_10593,Greenwood Heights,Penthouse,3824,4,5.0,Semi-Furnished,1,30,6.0,3,1,Ready To Move,1.0,2248900.0
PROP_14991,Riverside District,Apartment,1555,2,2.0,Semi-Furnished,0,20,1.0,1,2,Ready To Move,5.0,732000.0
PROP_13063,Silicon Hills,Apartment,1588,2,2.0,Semi-Furnished,0,23,5.0,0,5,Ready To Move,3.0,929300.0
PROP_13505,Lakeside Estates,Apartment,1737,3,3.0,Furnished,3,7,1.0,2,6,Under Construction,1.0,927500.0
PROP_12375,Midtown Corridor,Apartment,1882,4,3.0,Semi-Furnished,1,16,27.0,1,1,Ready To Move,2.0,824700.0
PROP_13065,Lakeside Estates,Apartment,1153,2,2.0,Semi-Furnished,1,4,1.0,1,5,Ready To Move,4.0,701500.0
PROP_15649,Downtown Central,Independent House,2649,4,4.0,Semi-Furnished,1,3,3.0,2,10,Ready To Move,1.0,1497300.0
PROP_14654,Harbor Point,Apartment,1123,2,2.0,Semi-Furnished,2,12,9.0,1,2,Ready To Move,4.0,648500.0
PROP_13795,Silicon Hills,Luxury Villa,4357,5,6.0,Furnished,2,3,3.0,1,1,Ready To Move,5.0,3424300.0
PROP_12209,Westend Terrace,Apartment,1528,1,1.0,Furnished,0,21,1.0,1,4,Under Construction,1.0,616500.0
PROP_13657,Oakridge Valley,Independent House,2270,4,4.0,Unfurnished,1,2,17.0,1,8,Ready To Move,4.0,965400.0
PROP_12493,Greenwood Heights,Apartment,500,1,1.0,Furnished,1,16,13.0,0,4,Under Construction,5.0,277000.0
PROP_15297,Midtown Corridor,Independent House,2700,3,3.0,Furnished,2,1,0.0,1,6,Ready To Move,5.0,1411900.0
PROP_10384,Westend Terrace,Studio Apartment,428,1,1.0,Semi-Furnished,3,10,19.0,1,2,Ready To Move,3.0,221500.0
PROP_10853,Riverside District,Apartment,1384,3,3.0,Semi-Furnished,2,6,5.0,1,5,Ready To Move,5.0,716900.0
PROP_11881,Westend Terrace,Independent House,2509,3,3.0,Semi-Furnished,1,2,6.0,2,5,Ready To Move,4.0,1251400.0
PROP_10371,Riverside District,Apartment,1497,3,2.0,Unfurnished,1,19,7.0,2,7,Ready To Move,3.0,736000.0
PROP_13385,Greenwood Heights,Apartment,1627,3,3.0,Furnished,1,17,7.0,0,7,Ready To Move,1.0,740500.0
PROP_14246,Sunset Park,Apartment,758,1,1.0,Unfurnished,0,10,13.0,1,4,Ready To Move,1.0,286400.0
PROP_15222,Riverside District,Apartment,1395,2,1.0,Unfurnished,2,14,12.0,1,8,Ready To Move,2.0,631200.0
PROP_15188,Downtown Central,Apartment,1164,2,2.0,Furnished,1,23,10.0,2,2,Ready To Move,2.0,658300.0
PROP_15983,Riverside District,Studio Apartment,498,1,1.0,Semi-Furnished,1,18,11.0,2,6,Ready To Move,4.0,294700.0
PROP_11106,Silicon Hills,Independent House,2733,4,5.0,Furnished,2,1,25.0,2,8,Under Construction,3.0,1525500.0
PROP_14329,Silicon Hills,Luxury Villa,4135,3,3.0,Furnished,1,3,18.0,1,4,Ready To Move,3.0,2757000.0
PROP_12362,Riverside District,Apartment,1626,3,3.0,Semi-Furnished,1,10,8.0,2,7,Ready To Move,2.0,773500.0
PROP_14838,Midtown Corridor,Apartment,1529,3,2.0,Furnished,0,24,5.0,2,10,Under Construction,5.0,821800.0
PROP_11337,Silicon Hills,Apartment,1304,2,1.0,Semi-Furnished,1,10,0.0,3,2,Ready To Move,2.0,764100.0
PROP_12190,Midtown Corridor,Apartment,1328,2,2.0,Unfurnished,1,8,7.0,2,5,Ready To Move,1.0,659900.0
PROP_15523,Silicon Hills,Studio Apartment,566,1,1.0,Unfurnished,3,5,0.0,2,8,Ready To Move,1.0,400600.0
PROP_15759,Oakridge Valley,Apartment,1209,1,1.0,Furnished,1,8,8.0,3,7,Ready To Move,5.0,519600.0
PROP_13316,Harbor Point,Apartment,1113,2,2.0,Semi-Furnished,1,21,11.0,1,4,Ready To Move,3.0,635800.0
PROP_12247,Sunset Park,Luxury Villa,4124,4,4.0,Furnished,1,2,2.0,2,7,Ready To Move,1.0,2283000.0
PROP_15634,Greenwood Heights,Independent House,2575,3,2.0,Semi-Furnished,1,1,5.0,2,4,Under Construction,5.0,1146200.0
PROP_15836,Silicon Hills,Studio Apartment,636,1,1.0,Unfurnished,0,16,8.0,2,8,Ready To Move,3.0,402200.0
PROP_11172,Midtown Corridor,Apartment,1076,1,1.0,Semi-Furnished,1,1,3.0,3,4,Under Construction,1.0,547300.0
PROP_13692,Riverside District,Apartment,836,1,1.0,Semi-Furnished,1,24,18.0,0,7,Ready To Move,2.0,390300.0
PROP_13832,Midtown Corridor,Apartment,1754,3,3.0,Semi-Furnished,2,6,7.0,0,7,Under Construction,4.0,849300.0
PROP_11423,Sunset Park,Apartment,1788,3,3.0,Furnished,0,22,0.0,1,1,Ready To Move,5.0,759500.0
PROP_12687,Riverside District,Apartment,1091,2,1.0,Furnished,2,19,6.0,1,2,Ready To Move,3.0,559900.0
PROP_15401,Sunset Park,Independent House,1910,3,3.0,Semi-Furnished,0,2,16.0,1,6,Ready To Move,1.0,722000.0
PROP_13341,Greenwood Heights,Apartment,1709,3,2.0,Furnished,1,19,5.0,2,4,Ready To Move,1.0,718900.0
PROP_15466,Greenwood Heights,Apartment,1452,2,3.0,Semi-Furnished,1,23,0.0,1,5,Ready To Move,4.0,686400.0
PROP_14990,Westend Terrace,Apartment,1608,3,3.0,Furnished,1,4,9.0,0,8,Ready To Move,4.0,743500.0
PROP_11465,Downtown Central,Penthouse,5445,5,6.0,Unfurnished,1,24,32.0,1,5,Ready To Move,4.0,3041400.0
PROP_10875,Downtown Central,Studio Apartment,619,1,1.0,Semi-Furnished,1,19,9.0,1,8,Ready To Move,4.0,383700.0
PROP_12298,Downtown Central,Apartment,1143,2,2.0,Semi-Furnished,1,22,8.0,3,10,Ready To Move,4.0,701800.0
PROP_12644,Oakridge Valley,Independent House,3375,5,5.0,Furnished,1,2,2.0,1,5,Ready To Move,4.0,1405300.0
PROP_13324,Downtown Central,Independent House,1930,2,1.0,Semi-Furnished,0,1,3.0,3,6,Under Construction,4.0,1139600.0
PROP_15208,Midtown Corridor,Independent House,1615,2,2.0,Unfurnished,2,3,18.0,0,6,Ready To Move,4.0,886600.0
PROP_11252,Silicon Hills,Studio Apartment,476,1,1.0,Unfurnished,1,18,0.0,2,5,Ready To Move,2.0,310700.0
PROP_15483,Lakeside Estates,Studio Apartment,548,1,1.0,Unfurnished,1,15,8.0,1,2,Ready To Move,2.0,285500.0
PROP_10841,Midtown Corridor,Independent House,2546,3,4.0,Furnished,0,2,3.0,1,6,Ready To Move,2.0,1508700.0
PROP_14830,Harbor Point,Apartment,1196,2,2.0,Semi-Furnished,1,11,1.0,1,7,Ready To Move,3.0,755000.0
PROP_10582,Oakridge Valley,Independent House,3240,5,5.0,Unfurnished,0,3,8.0,1,5,Ready To Move,5.0,1228600.0
PROP_10205,Greenwood Heights,Penthouse,4169,5,6.0,Furnished,3,24,11.0,2,6,Ready To Move,1.0,2479100.0
PROP_11642,Oakridge Valley,Apartment,1181,2,2.0,Semi-Furnished,1,24,28.0,2,6,Ready To Move,5.0,400000.0
PROP_12015,Oakridge Valley,Independent House,2294,3,4.0,Semi-Furnished,2,2,7.0,2,8,Ready To Move,2.0,970100.0
PROP_13254,Lakeside Estates,Independent House,2326,3,3.0,Semi-Furnished,1,3,6.0,2,8,Ready To Move,1.0,1380400.0
PROP_10906,Oakridge Valley,Apartment,1306,2,1.0,Furnished,2,16,1.0,0,4,Ready To Move,4.0,603100.0
PROP_10632,Lakeside Estates,Apartment,1000,2,2.0,Semi-Furnished,1,22,13.0,1,6,Ready To Move,2.0,521000.0
PROP_14259,Riverside District,Apartment,1661,2,2.0,Semi-Furnished,2,13,14.0,2,2,Ready To Move,3.0,756600.0
PROP_11975,Westend Terrace,Apartment,1705,3,3.0,Semi-Furnished,1,15,13.0,1,5,Ready To Move,2.0,722600.0
PROP_10163,Sunset Park,Apartment,1540,3,2.0,Semi-Furnished,2,9,1.0,3,2,Ready To Move,1.0,650100.0
PROP_14319,Sunset Park,Studio Apartment,557,1,1.0,Unfurnished,1,15,0.0,2,5,Ready To Move,2.0,275200.0
PROP_14082,Oakridge Valley,Apartment,1532,3,3.0,Furnished,3,2,4.0,1,7,Ready To Move,3.0,688100.0
PROP_15741,Harbor Point,Apartment,1425,3,3.0,Furnished,3,1,11.0,1,8,Under Construction,4.0,858800.0
PROP_13536,Riverside District,Independent House,2930,4,4.0,Semi-Furnished,1,2,9.0,1,4,Ready To Move,2.0,1653300.0
PROP_10618,Silicon Hills,Apartment,913,1,1.0,Unfurnished,1,15,0.0,1,4,Ready To Move,1.0,547900.0
PROP_10876,Westend Terrace,Apartment,1360,2,2.0,Furnished,2,9,0.0,1,5,Under Construction,3.0,682600.0
PROP_11432,Greenwood Heights,Studio Apartment,525,1,1.0,Furnished,0,1,11.0,0,4,Ready To Move,4.0,247600.0
PROP_12974,Westend Terrace,Apartment,1696,3,2.0,Semi-Furnished,0,8,21.0,1,6,Ready To Move,2.0,691400.0
PROP_14161,Greenwood Heights,Apartment,1922,3,4.0,Unfurnished,2,8,0.0,3,6,Ready To Move,2.0,857400.0
PROP_10548,Silicon Hills,Apartment,1545,2,3.0,Semi-Furnished,0,10,11.0,1,3,Ready To Move,2.0,804800.0
PROP_14437,Lakeside Estates,Apartment,1301,1,1.0,Unfurnished,1,22,3.0,0,4,Ready To Move,2.0,655200.0
PROP_15470,Midtown Corridor,Independent House,2269,3,2.0,Unfurnished,1,1,3.0,2,3,Ready To Move,5.0,1210600.0
PROP_15065,Oakridge Valley,Independent House,3189,5,4.0,Furnished,1,2,0.0,1,6,Ready To Move,2.0,1527500.0
PROP_13404,Greenwood Heights,Apartment,1184,2,2.0,Unfurnished,2,17,22.0,1,8,Ready To Move,1.0,479500.0
PROP_13787,Oakridge Valley,Penthouse,4429,5,6.0,Semi-Furnished,2,28,8.0,3,4,Ready To Move,5.0,2285000.0
PROP_13530,Midtown Corridor,Independent House,2781,4,4.0,Furnished,1,2,3.0,2,4,Ready To Move,3.0,1732200.0
PROP_14907,Downtown Central,Apartment,1770,3,3.0,Furnished,1,7,5.0,1,5,Ready To Move,2.0,1029600.0
PROP_12857,Midtown Corridor,Luxury Villa,5044,5,6.0,Furnished,1,2,18.0,1,5,Under Construction,1.0,2994200.0
PROP_11862,Midtown Corridor,Apartment,1375,2,1.0,Semi-Furnished,0,1,12.0,2,9,Ready To Move,2.0,641300.0
PROP_12660,Oakridge Valley,Apartment,1187,2,2.0,Unfurnished,1,23,3.0,1,5,Ready To Move,4.0,474900.0
PROP_15526,Westend Terrace,Apartment,1499,2,1.0,Semi-Furnished,2,9,4.0,2,7,Under Construction,1.0,663100.0
PROP_10641,Downtown Central,Independent House,2990,4,4.0,Semi-Furnished,1,2,8.0,2,6,Ready To Move,3.0,1872000.0
PROP_13836,Harbor Point,Luxury Villa,4296,3,3.0,Semi-Furnished,0,2,40.0,2,6,Ready To Move,2.0,2105900.0
PROP_11010,Downtown Central,Apartment,2002,3,2.0,Furnished,2,14,8.0,2,5,Ready To Move,4.0,1065600.0
PROP_15887,Riverside District,Independent House,2096,3,3.0,Furnished,0,1,15.0,2,8,Under Construction,5.0,1036400.0
PROP_10638,Lakeside Estates,Penthouse,4123,4,6.0,Unfurnished,2,28,1.0,1,6,Ready To Move,2.0,2903700.0
PROP_14916,Harbor Point,Independent House,2550,4,5.0,Furnished,1,2,5.0,1,3,Ready To Move,2.0,1467500.0
PROP_14519,Midtown Corridor,Independent House,3417,5,5.0,Furnished,2,3,4.0,2,6,Ready To Move,3.0,1915200.0
PROP_12309,Sunset Park,Penthouse,5109,4,5.0,Semi-Furnished,2,22,0.0,1,9,Ready To Move,3.0,2931200.0
PROP_14183,Riverside District,Independent House,2755,4,5.0,Unfurnished,1,3,5.0,2,4,Ready To Move,4.0,1296000.0
PROP_13146,Riverside District,Apartment,1327,2,1.0,Furnished,1,23,3.0,1,5,Ready To Move,1.0,649400.0
PROP_14334,Lakeside Estates,Apartment,1475,3,3.0,Semi-Furnished,1,6,6.0,1,9,Under Construction,2.0,775200.0
PROP_12097,Greenwood Heights,Luxury Villa,3855,4,5.0,Semi-Furnished,2,2,13.0,2,6,Ready To Move,5.0,1863000.0
PROP_13535,Harbor Point,Luxury Villa,4007,4,5.0,Semi-Furnished,2,2,15.0,2,6,Ready To Move,5.0,2731000.0
PROP_11957,Sunset Park,Penthouse,4558,5,6.0,Semi-Furnished,3,26,7.0,1,3,Ready To Move,4.0,2379100.0
PROP_11373,Sunset Park,Apartment,1291,2,2.0,Furnished,2,11,15.0,2,4,Under Construction,4.0,494800.0
PROP_14048,Midtown Corridor,Independent House,2632,4,5.0,Semi-Furnished,1,2,12.0,1,5,Ready To Move,2.0,1482600.0
PROP_10922,Westend Terrace,Apartment,930,1,1.0,Unfurnished,0,7,10.0,2,4,Ready To Move,3.0,400200.0
PROP_10547,Westend Terrace,Apartment,1719,3,2.0,Semi-Furnished,1,20,3.0,0,8,Under Construction,3.0,717200.0
PROP_11450,Downtown Central,Apartment,1488,2,2.0,Semi-Furnished,2,10,24.0,1,10,Ready To Move,5.0,759300.0
PROP_12805,Sunset Park,Apartment,1797,2,2.0,Semi-Furnished,1,13,0.0,1,5,Ready To Move,4.0,760200.0
PROP_12611,Westend Terrace,Apartment,865,1,2.0,Furnished,0,15,0.0,2,5,Ready To Move,3.0,485300.0
PROP_11901,Harbor Point,Independent House,2266,3,2.0,Semi-Furnished,1,2,2.0,2,4,Under Construction,1.0,1346400.0
PROP_12758,Oakridge Valley,Independent House,2409,3,4.0,Furnished,1,1,29.0,0,5,Ready To Move,3.0,850000.0
PROP_12029,Lakeside Estates,Independent House,3500,5,5.0,Furnished,1,1,12.0,2,4,Under Construction,5.0,1927500.0
PROP_12302,Sunset Park,Apartment,1096,1,1.0,Semi-Furnished,2,15,6.0,2,3,Ready To Move,2.0,459900.0
PROP_11886,Sunset Park,Apartment,1973,3,2.0,Furnished,1,6,0.0,0,4,Ready To Move,5.0,844300.0
PROP_11643,Oakridge Valley,Luxury Villa,3954,3,3.0,Semi-Furnished,1,2,0.0,2,5,Ready To Move,3.0,1965400.0
PROP_10973,Harbor Point,Apartment,1439,2,2.0,Semi-Furnished,0,17,0.0,3,9,Ready To Move,3.0,837700.0
PROP_15788,Lakeside Estates,Penthouse,4584,3,5.0,Unfurnished,3,25,8.0,1,7,Under Construction,2.0,2984300.0
PROP_12098,Riverside District,Apartment,2158,3,2.0,Semi-Furnished,2,22,5.0,3,5,Ready To Move,2.0,1034700.0
PROP_15595,Silicon Hills,Apartment,1397,2,2.0,Furnished,2,12,5.0,1,4,Ready To Move,1.0,900400.0
PROP_14592,Lakeside Estates,Studio Apartment,559,1,1.0,Semi-Furnished,0,18,20.0,1,4,Ready To Move,4.0,259400.0
PROP_15408,Riverside District,Apartment,1366,2,2.0,Unfurnished,2,11,10.0,3,9,Ready To Move,2.0,723100.0
PROP_15984,Greenwood Heights,Luxury Villa,4151,4,4.0,Furnished,2,3,6.0,1,4,Ready To Move,1.0,2233400.0
PROP_10837,Harbor Point,Independent House,2693,4,3.0,Semi-Furnished,1,1,13.0,1,7,Ready To Move,3.0,1622600.0
PROP_10602,Harbor Point,Studio Apartment,601,1,1.0,Unfurnished,1,2,9.0,1,2,Under Construction,4.0,307600.0
PROP_12185,Midtown Corridor,Penthouse,5158,5,6.0,Furnished,1,20,27.0,1,5,Under Construction,2.0,2687800.0
PROP_15296,Downtown Central,Apartment,1276,2,1.0,Furnished,1,5,3.0,1,7,Ready To Move,1.0,721000.0
PROP_15166,Midtown Corridor,Independent House,2202,3,2.0,Semi-Furnished,0,2,4.0,1,5,Ready To Move,5.0,1123300.0
PROP_11583,Harbor Point,Apartment,1830,3,2.0,Furnished,1,24,9.0,1,3,Under Construction,1.0,865400.0
PROP_15118,Silicon Hills,Apartment,1527,3,3.0,Unfurnished,1,20,19.0,1,5,Ready To Move,4.0,853500.0
PROP_13606,Riverside District,Apartment,1177,2,1.0,Semi-Furnished,1,17,6.0,1,10,Ready To Move,3.0,562200.0
PROP_13882,Harbor Point,Luxury Villa,5365,6,7.0,Semi-Furnished,3,2,4.0,1,1,Ready To Move,4.0,3733400.0
PROP_11071,Sunset Park,Apartment,1230,2,2.0,Semi-Furnished,2,23,4.0,2,2,Ready To Move,4.0,599700.0
PROP_11776,Sunset Park,Luxury Villa,5142,4,5.0,Furnished,0,2,1.0,3,3,Ready To Move,1.0,2641200.0
PROP_15787,Westend Terrace,Apartment,1190,1,1.0,Semi-Furnished,1,17,6.0,1,3,Ready To Move,5.0,567900.0
PROP_11284,Oakridge Valley,Apartment,1437,2,2.0,Semi-Furnished,0,3,5.0,2,4,Ready To Move,5.0,542900.0
PROP_15004,Lakeside Estates,Independent House,2559,4,5.0,Semi-Furnished,0,1,11.0,1,5,Ready To Move,2.0,1455000.0
PROP_14395,Downtown Central,Penthouse,4137,4,5.0,Semi-Furnished,2,24,36.0,1,6,Under Construction,2.0,2388200.0
PROP_15722,Silicon Hills,Independent House,2367,3,3.0,Furnished,1,1,14.0,2,2,Ready To Move,2.0,1423800.0
PROP_11837,Greenwood Heights,Studio Apartment,547,1,1.0,Semi-Furnished,1,17,5.0,0,5,Ready To Move,2.0,271100.0
PROP_15090,Silicon Hills,Apartment,1941,4,4.0,Semi-Furnished,3,15,2.0,1,6,Ready To Move,2.0,1315400.0
PROP_11020,Lakeside Estates,Independent House,2309,5,6.0,Furnished,1,2,12.0,2,5,Under Construction,3.0,1163600.0
PROP_10971,Westend Terrace,Independent House,3007,4,5.0,Furnished,1,2,5.0,2,7,Under Construction,3.0,1419700.0
PROP_11327,Oakridge Valley,Independent House,2426,4,4.0,Semi-Furnished,1,3,24.0,1,4,Ready To Move,5.0,938500.0
PROP_15906,Silicon Hills,Independent House,2405,3,2.0,Semi-Furnished,0,2,0.0,2,9,Ready To Move,4.0,1636000.0
PROP_10476,Oakridge Valley,Apartment,1705,3,3.0,Semi-Furnished,1,9,6.0,2,3,Ready To Move,2.0,680700.0
PROP_12811,Greenwood Heights,Apartment,1112,1,1.0,Unfurnished,2,1,5.0,1,7,Ready To Move,2.0,504100.0
PROP_14510,Downtown Central,Apartment,1170,2,3.0,Furnished,1,3,5.0,0,3,Ready To Move,5.0,726200.0
PROP_11652,Westend Terrace,Studio Apartment,575,1,1.0,Furnished,1,11,3.0,1,5,Ready To Move,4.0,329600.0
PROP_15590,Greenwood Heights,Penthouse,4406,3,5.0,Furnished,3,30,1.0,1,4,Ready To Move,1.0,2577300.0
PROP_15138,Sunset Park,Independent House,2383,3,3.0,Unfurnished,2,2,8.0,2,4,Ready To Move,4.0,1063600.0
PROP_12529,Westend Terrace,Apartment,1069,2,2.0,Semi-Furnished,1,9,1.0,2,1,Ready To Move,3.0,517300.0
PROP_14296,Greenwood Heights,Penthouse,4374,5,7.0,Semi-Furnished,1,34,4.0,1,5,Ready To Move,3.0,2522300.0
PROP_13529,Midtown Corridor,Penthouse,3398,3,4.0,Semi-Furnished,1,19,12.0,2,8,Ready To Move,4.0,2216100.0
PROP_13681,Midtown Corridor,Apartment,1390,1,1.0,Unfurnished,2,16,1.0,2,6,Ready To Move,1.0,742600.0
PROP_11374,Oakridge Valley,Penthouse,4818,4,5.0,Furnished,2,18,17.0,1,7,Ready To Move,1.0,2085200.0
PROP_10740,Oakridge Valley,Independent House,2836,3,2.0,Furnished,1,1,27.0,1,10,Ready To Move,1.0,958200.0
PROP_14625,Harbor Point,Studio Apartment,687,1,1.0,Unfurnished,1,14,2.0,0,5,Under Construction,2.0,345700.0
PROP_13480,Oakridge Valley,Apartment,1409,3,3.0,Unfurnished,1,9,9.0,1,3,Under Construction,5.0,572900.0
PROP_10868,Harbor Point,Penthouse,4429,4,5.0,Furnished,1,30,5.0,1,8,Ready To Move,1.0,3164000.0
PROP_12975,Silicon Hills,Apartment,790,1,1.0,Furnished,2,10,6.0,2,4,Ready To Move,2.0,519600.0
PROP_11141,Downtown Central,Apartment,1625,3,3.0,Unfurnished,1,3,13.0,2,2,Ready To Move,3.0,822400.0
PROP_10998,Oakridge Valley,Studio Apartment,462,1,1.0,Furnished,2,5,3.0,0,2,Ready To Move,3.0,236400.0
PROP_11338,Downtown Central,Studio Apartment,486,1,1.0,Furnished,1,10,1.0,1,6,Ready To Move,1.0,317600.0
PROP_10542,Midtown Corridor,Studio Apartment,463,1,1.0,Semi-Furnished,1,11,3.0,2,6,Ready To Move,3.0,290900.0
PROP_11100,Midtown Corridor,Independent House,2311,2,1.0,Furnished,1,2,1.0,1,4,Under Construction,5.0,1188900.0
PROP_11133,Lakeside Estates,Apartment,855,1,1.0,Semi-Furnished,1,9,8.0,2,7,Ready To Move,3.0,488600.0
PROP_15841,Sunset Park,Independent House,2671,4,4.0,Unfurnished,0,2,7.0,3,8,Ready To Move,5.0,1130200.0
PROP_13867,Westend Terrace,Luxury Villa,4712,3,4.0,Furnished,2,2,0.0,2,7,Ready To Move,2.0,2543500.0
PROP_12259,Harbor Point,Penthouse,4309,4,5.0,Semi-Furnished,3,19,4.0,1,6,Ready To Move,4.0,3370900.0
PROP_15243,Harbor Point,Apartment,1524,2,1.0,Semi-Furnished,1,18,1.0,1,7,Ready To Move,5.0,888500.0
PROP_12963,Downtown Central,Apartment,1161,2,3.0,Semi-Furnished,1,1,3.0,1,6,Ready To Move,4.0,738500.0
PROP_10060,Westend Terrace,Penthouse,2978,3,5.0,Unfurnished,2,21,17.0,2,5,Ready To Move,4.0,1739300.0
PROP_13260,Sunset Park,Independent House,2126,4,5.0,Semi-Furnished,1,1,12.0,2,4,Ready To Move,5.0,1027100.0
PROP_12207,Westend Terrace,Independent House,2264,3,2.0,Semi-Furnished,0,2,19.0,1,5,Under Construction,5.0,936900.0
PROP_11939,Riverside District,Apartment,1119,2,1.0,Semi-Furnished,1,1,18.0,0,3,Ready To Move,2.0,475000.0
PROP_15332,Downtown Central,Apartment,1366,2,2.0,Furnished,1,5,0.0,2,4,Under Construction,5.0,812800.0
PROP_15949,Midtown Corridor,Independent House,2878,3,3.0,Semi-Furnished,2,2,5.0,0,4,Ready To Move,1.0,1442900.0
PROP_14933,Westend Terrace,Independent House,2717,3,4.0,Semi-Furnished,1,2,18.0,1,4,Ready To Move,3.0,1146400.0
PROP_12814,Harbor Point,Apartment,1134,1,1.0,Semi-Furnished,2,19,11.0,1,2,Ready To Move,4.0,615000.0
PROP_15209,Harbor Point,Luxury Villa,4271,4,5.0,Semi-Furnished,1,3,15.0,2,3,Ready To Move,3.0,2572900.0
PROP_13443,Oakridge Valley,Apartment,1184,2,1.0,Semi-Furnished,1,16,15.0,2,2,Ready To Move,3.0,422300.0
PROP_11079,Downtown Central,Apartment,2197,4,3.0,Semi-Furnished,3,17,6.0,2,3,Ready To Move,2.0,1288200.0
PROP_14839,Greenwood Heights,Apartment,1701,3,3.0,Furnished,0,5,5.0,1,5,Under Construction,3.0,766100.0
PROP_15525,Silicon Hills,Apartment,1417,2,2.0,Furnished,1,8,0.0,2,5,Ready To Move,3.0,798400.0
PROP_14532,Oakridge Valley,Luxury Villa,4095,4,4.0,Semi-Furnished,1,2,3.0,2,6,Ready To Move,1.0,1992300.0
PROP_13738,Midtown Corridor,Penthouse,4756,4,5.0,Semi-Furnished,2,20,0.0,1,5,Ready To Move,2.0,3252300.0
PROP_15833,Harbor Point,Apartment,1487,2,2.0,Unfurnished,1,19,4.0,1,4,Under Construction,4.0,801500.0
PROP_12631,Oakridge Valley,Apartment,1891,4,3.0,Furnished,1,23,10.0,0,6,Ready To Move,1.0,706300.0
PROP_14818,Harbor Point,Studio Apartment,648,1,1.0,Semi-Furnished,1,11,2.0,1,4,Ready To Move,4.0,452800.0
PROP_15522,Harbor Point,Apartment,1861,3,3.0,Furnished,1,20,8.0,1,5,Ready To Move,3.0,1100900.0
PROP_15880,Silicon Hills,Apartment,976,2,2.0,Semi-Furnished,2,11,15.0,2,6,Ready To Move,1.0,586100.0
PROP_10941,Silicon Hills,Penthouse,4026,5,6.0,Semi-Furnished,0,20,0.0,3,5,Ready To Move,1.0,3290900.0
PROP_11081,Greenwood Heights,Apartment,1247,2,1.0,Semi-Furnished,2,15,15.0,1,4,Ready To Move,2.0,511700.0
PROP_10188,Westend Terrace,Independent House,3184,4,4.0,Unfurnished,1,2,0.0,0,7,Ready To Move,1.0,1470300.0
PROP_13746,Silicon Hills,Independent House,2498,3,3.0,Furnished,1,1,10.0,2,3,Ready To Move,4.0,1554700.0
PROP_14146,Sunset Park,Penthouse,5496,4,6.0,Furnished,1,26,7.0,2,5,Ready To Move,3.0,2952900.0
PROP_12086,Riverside District,Studio Apartment,691,1,1.0,Unfurnished,2,16,5.0,1,4,Ready To Move,4.0,346300.0
PROP_12250,Downtown Central,Independent House,2520,3,2.0,Semi-Furnished,1,1,2.0,1,3,Ready To Move,3.0,1424400.0
PROP_13712,Midtown Corridor,Independent House,2459,3,3.0,Semi-Furnished,2,3,6.0,1,4,Under Construction,5.0,1197300.0
PROP_15915,Downtown Central,Studio Apartment,567,1,1.0,Furnished,0,9,7.0,2,3,Ready To Move,4.0,326700.0
PROP_12024,Sunset Park,Studio Apartment,525,1,1.0,Semi-Furnished,2,1,15.0,2,4,Ready To Move,2.0,280900.0
PROP_13818,Harbor Point,Apartment,1222,2,1.0,Unfurnished,0,3,1.0,0,2,Ready To Move,2.0,671600.0
PROP_11493,Greenwood Heights,Studio Apartment,558,1,1.0,Unfurnished,2,13,16.0,1,5,Ready To Move,3.0,274500.0
PROP_14618,Lakeside Estates,Apartment,1472,2,2.0,Furnished,3,10,7.0,2,6,Ready To Move,4.0,875900.0
PROP_14067,Lakeside Estates,Apartment,951,1,1.0,Furnished,1,8,1.0,1,3,Ready To Move,3.0,566100.0
PROP_10227,Greenwood Heights,Apartment,1762,3,3.0,Unfurnished,2,19,14.0,0,6,Ready To Move,2.0,680900.0
PROP_11014,Greenwood Heights,Apartment,1600,2,2.0,Furnished,2,6,34.0,1,5,Ready To Move,1.0,609200.0
PROP_12584,Westend Terrace,Independent House,2089,4,3.0,Furnished,1,1,3.0,1,9,Ready To Move,5.0,1170600.0
PROP_11930,Midtown Corridor,Luxury Villa,4085,5,5.0,Semi-Furnished,0,3,0.0,1,4,Ready To Move,3.0,2463800.0
PROP_14230,Oakridge Valley,Apartment,2013,3,3.0,Semi-Furnished,0,16,7.0,1,7,Under Construction,5.0,742100.0
PROP_15403,Lakeside Estates,Apartment,1353,2,2.0,Semi-Furnished,1,10,18.0,0,3,Ready To Move,2.0,614900.0
PROP_11405,Harbor Point,Apartment,1207,1,2.0,Furnished,2,17,8.0,1,6,Under Construction,2.0,608700.0
PROP_12180,Riverside District,Apartment,1801,3,4.0,Furnished,1,7,3.0,1,7,Under Construction,4.0,848600.0
PROP_10698,Lakeside Estates,Penthouse,4320,5,7.0,Semi-Furnished,1,21,3.0,1,10,Ready To Move,4.0,3137200.0
PROP_11125,Downtown Central,Apartment,1437,2,2.0,Furnished,1,21,3.0,1,5,Ready To Move,2.0,895900.0
PROP_13283,Silicon Hills,Apartment,1705,3,3.0,Furnished,2,22,21.0,1,4,Ready To Move,1.0,814100.0
PROP_13985,Sunset Park,Independent House,2672,3,3.0,Unfurnished,2,2,1.0,1,7,Ready To Move,1.0,1164300.0
PROP_14649,Midtown Corridor,Apartment,1054,1,1.0,Furnished,2,15,10.0,2,7,Ready To Move,2.0,563600.0
PROP_11779,Westend Terrace,Apartment,1407,2,3.0,Furnished,1,10,3.0,1,5,Under Construction,3.0,604600.0
PROP_12635,Sunset Park,Apartment,1081,2,2.0,Semi-Furnished,2,20,1.0,2,3,Under Construction,3.0,506300.0
PROP_13092,Greenwood Heights,Independent House,3368,5,5.0,Semi-Furnished,1,2,1.0,1,3,Ready To Move,3.0,1590600.0
PROP_14074,Harbor Point,Apartment,632,1,1.0,Semi-Furnished,2,2,1.0,2,4,Ready To Move,1.0,422800.0
PROP_11038,Sunset Park,Apartment,1833,4,4.0,Semi-Furnished,0,15,2.0,1,8,Ready To Move,3.0,823700.0
PROP_15011,Riverside District,Apartment,1148,2,2.0,Semi-Furnished,2,14,9.0,3,5,Under Construction,4.0,553800.0
PROP_12257,Silicon Hills,Luxury Villa,5079,5,6.0,Unfurnished,0,2,0.0,1,5,Ready To Move,2.0,3693700.0
PROP_13797,Harbor Point,Independent House,2830,4,5.0,Unfurnished,1,3,9.0,1,6,Ready To Move,5.0,1768300.0
PROP_15955,Riverside District,Apartment,1202,2,1.0,Semi-Furnished,2,7,9.0,1,9,Under Construction,5.0,605900.0
PROP_10314,Westend Terrace,Luxury Villa,4085,3,4.0,Semi-Furnished,1,3,3.0,2,5,Ready To Move,3.0,2086200.0
PROP_12650,Midtown Corridor,Apartment,798,1,1.0,Semi-Furnished,1,17,0.0,2,1,Ready To Move,2.0,443200.0
PROP_12282,Lakeside Estates,Luxury Villa,4490,4,5.0,Semi-Furnished,1,3,14.0,3,6,Ready To Move,2.0,2468700.0
PROP_13717,Downtown Central,Studio Apartment,658,1,1.0,Semi-Furnished,1,12,0.0,1,4,Ready To Move,5.0,437500.0
PROP_14302,Harbor Point,Luxury Villa,3915,5,6.0,Unfurnished,2,3,31.0,0,6,Under Construction,1.0,2157800.0
PROP_12548,Riverside District,Independent House,2400,3,3.0,Furnished,1,1,27.0,2,3,Ready To Move,1.0,1113800.0
PROP_11417,Downtown Central,Apartment,1159,2,2.0,Unfurnished,2,5,2.0,1,7,Ready To Move,1.0,712900.0
PROP_11037,Riverside District,Penthouse,4955,3,5.0,Furnished,3,33,5.0,2,3,Ready To Move,3.0,3119800.0
PROP_12160,Greenwood Heights,Studio Apartment,583,1,1.0,Furnished,1,9,1.0,1,7,Ready To Move,4.0,341600.0
PROP_12985,Silicon Hills,Studio Apartment,524,1,1.0,Semi-Furnished,2,1,11.0,1,1,Ready To Move,1.0,321400.0
PROP_13138,Riverside District,Independent House,2237,3,2.0,Furnished,2,2,6.0,2,4,Under Construction,4.0,1096100.0
PROP_14998,Lakeside Estates,Independent House,2205,3,3.0,Semi-Furnished,0,2,0.0,0,2,Ready To Move,4.0,1291200.0
PROP_11755,Sunset Park,Luxury Villa,5495,6,7.0,Furnished,1,3,0.0,1,9,Ready To Move,4.0,3032300.0
PROP_15950,Oakridge Valley,Apartment,1545,3,3.0,Semi-Furnished,0,3,4.0,2,8,Ready To Move,4.0,645900.0
PROP_14005,Harbor Point,Independent House,2473,4,4.0,Unfurnished,0,2,9.0,2,3,Under Construction,5.0,1419000.0
PROP_15897,Sunset Park,Studio Apartment,507,1,1.0,Semi-Furnished,0,11,3.0,1,10,Ready To Move,5.0,298900.0
PROP_13650,Lakeside Estates,Luxury Villa,4591,5,5.0,Semi-Furnished,3,2,19.0,2,5,Ready To Move,4.0,2997000.0
PROP_12521,Harbor Point,Apartment,1601,3,3.0,Unfurnished,1,4,13.0,1,4,Ready To Move,3.0,868200.0
PROP_10874,Downtown Central,Apartment,1882,4,4.0,Furnished,1,3,4.0,2,6,Ready To Move,2.0,984000.0
PROP_14445,Oakridge Valley,Independent House,2208,2,2.0,Unfurnished,2,2,7.0,1,1,Ready To Move,4.0,891200.0
PROP_14504,Silicon Hills,Independent House,2415,3,4.0,Unfurnished,0,2,5.0,2,6,Ready To Move,2.0,1558500.0
PROP_11507,Downtown Central,Apartment,1917,3,2.0,Semi-Furnished,0,12,21.0,1,5,Ready To Move,1.0,921300.0
PROP_13916,Downtown Central,Penthouse,3711,3,4.0,Unfurnished,1,25,0.0,2,6,Under Construction,4.0,2645500.0
PROP_11924,Downtown Central,Apartment,1371,2,1.0,Furnished,1,17,1.0,1,9,Ready To Move,2.0,799800.0
PROP_10449,Downtown Central,Independent House,2449,3,4.0,Furnished,1,1,9.0,2,8,Ready To Move,1.0,1615600.0
PROP_13483,Downtown Central,Penthouse,4106,3,4.0,Semi-Furnished,2,21,1.0,1,8,Ready To Move,1.0,3127300.0
PROP_15953,Westend Terrace,Independent House,2307,4,4.0,Furnished,3,2,3.0,2,3,Ready To Move,3.0,1272000.0
PROP_15986,Westend Terrace,Apartment,1845,3,3.0,Furnished,1,20,1.0,1,6,Under Construction,2.0,828700.0
PROP_13656,Silicon Hills,Apartment,964,1,1.0,Furnished,2,13,20.0,2,7,Ready To Move,4.0,564700.0
PROP_13258,Greenwood Heights,Apartment,1228,2,1.0,Semi-Furnished,0,8,7.0,1,4,Ready To Move,4.0,561200.0
PROP_10362,Westend Terrace,Apartment,1357,2,2.0,Furnished,1,24,15.0,1,8,Ready To Move,1.0,667700.0
PROP_12184,Lakeside Estates,Penthouse,4720,4,6.0,Unfurnished,2,27,22.0,2,4,Ready To Move,5.0,2684000.0
PROP_11135,Lakeside Estates,Apartment,2087,4,4.0,Unfurnished,3,14,0.0,0,4,Ready To Move,4.0,1228700.0
PROP_15426,Oakridge Valley,Independent House,2780,3,3.0,Furnished,1,1,16.0,2,3,Ready To Move,5.0,1036200.0
PROP_13200,Midtown Corridor,Apartment,949,2,2.0,Semi-Furnished,1,12,3.0,1,7,Ready To Move,3.0,547100.0
PROP_14796,Westend Terrace,Apartment,1509,2,1.0,Semi-Furnished,1,21,0.0,2,4,Under Construction,4.0,633200.0
PROP_13439,Midtown Corridor,Independent House,2827,3,3.0,Unfurnished,1,2,3.0,0,7,Ready To Move,3.0,1569500.0
PROP_12156,Harbor Point,Apartment,945,2,1.0,Semi-Furnished,1,15,0.0,1,7,Ready To Move,3.0,631600.0
PROP_11831,Downtown Central,Apartment,1746,3,3.0,Semi-Furnished,0,19,9.0,1,5,Ready To Move,2.0,953000.0
PROP_11054,Oakridge Valley,Penthouse,4454,3,4.0,Unfurnished,0,31,13.0,1,7,Ready To Move,1.0,2037600.0
PROP_12461,Lakeside Estates,Apartment,1781,3,2.0,Semi-Furnished,2,4,1.0,1,6,Ready To Move,3.0,963600.0
PROP_10023,Westend Terrace,Apartment,917,1,1.0,Semi-Furnished,2,20,7.0,2,4,Under Construction,2.0,439000.0
PROP_12067,Harbor Point,Apartment,814,1,1.0,Semi-Furnished,1,24,27.0,1,7,Ready To Move,3.0,386000.0
PROP_11654,Sunset Park,Apartment,1079,1,1.0,Semi-Furnished,1,22,21.0,2,3,Ready To Move,5.0,425500.0
PROP_13685,Riverside District,Luxury Villa,5862,5,5.0,Semi-Furnished,0,3,9.0,1,8,Under Construction,2.0,2930900.0
PROP_14693,Riverside District,Apartment,1113,2,1.0,Semi-Furnished,1,17,4.0,2,4,Ready To Move,3.0,551000.0
PROP_12744,Lakeside Estates,Studio Apartment,512,1,1.0,Semi-Furnished,1,4,0.0,1,5,Ready To Move,4.0,314100.0
PROP_14155,Greenwood Heights,Apartment,1620,3,2.0,Semi-Furnished,1,18,5.0,1,8,Ready To Move,3.0,763100.0
PROP_14889,Harbor Point,Apartment,1212,2,2.0,Semi-Furnished,1,20,4.0,1,3,Ready To Move,5.0,821000.0
PROP_12469,Silicon Hills,Independent House,2780,3,2.0,Semi-Furnished,2,2,6.0,1,4,Ready To Move,4.0,1776300.0
PROP_12326,Silicon Hills,Independent House,2752,3,3.0,Semi-Furnished,3,1,8.0,0,5,Ready To Move,3.0,1777600.0
PROP_10461,Midtown Corridor,Apartment,1143,1,2.0,Furnished,1,19,3.0,1,10,Under Construction,5.0,572600.0
PROP_11068,Midtown Corridor,Apartment,1707,3,3.0,Furnished,0,5,5.0,1,3,Ready To Move,3.0,840800.0
PROP_10088,Downtown Central,Independent House,2679,3,3.0,Furnished,3,2,5.0,2,3,Ready To Move,4.0,1675300.0
PROP_11431,Sunset Park,Independent House,3481,5,5.0,Furnished,1,1,0.0,1,3,Under Construction,4.0,1615700.0
PROP_14397,Riverside District,Luxury Villa,4788,4,4.0,Furnished,1,3,2.0,2,4,Ready To Move,5.0,2915800.0
PROP_10283,Harbor Point,Penthouse,4243,4,6.0,Semi-Furnished,1,30,0.0,1,7,Ready To Move,4.0,3422500.0
PROP_12484,Sunset Park,Independent House,3188,4,4.0,Semi-Furnished,0,2,0.0,1,9,Under Construction,5.0,1344400.0
PROP_10463,Westend Terrace,Independent House,3388,5,4.0,Furnished,1,2,14.0,1,5,Under Construction,5.0,1488000.0
PROP_10213,Midtown Corridor,Independent House,2469,3,2.0,Semi-Furnished,2,2,2.0,2,6,Ready To Move,1.0,1322700.0
PROP_12589,Downtown Central,Apartment,1513,3,3.0,Furnished,1,13,5.0,1,5,Ready To Move,4.0,814100.0
PROP_13560,Lakeside Estates,Apartment,1547,3,3.0,Furnished,0,16,4.0,1,5,Ready To Move,5.0,894300.0
PROP_12908,Downtown Central,Luxury Villa,6606,6,6.0,Semi-Furnished,0,3,1.0,1,8,Ready To Move,1.0,4368600.0
PROP_12582,Lakeside Estates,Apartment,1498,3,3.0,Semi-Furnished,0,10,3.0,0,9,Ready To Move,2.0,776400.0
PROP_11369,Downtown Central,Apartment,1118,2,1.0,Furnished,1,17,23.0,1,3,Ready To Move,2.0,556100.0
PROP_10235,Lakeside Estates,Apartment,1625,3,3.0,Furnished,1,19,24.0,2,9,Ready To Move,5.0,790100.0
PROP_13947,Westend Terrace,Apartment,1328,2,1.0,Unfurnished,1,17,2.0,2,6,Ready To Move,5.0,632600.0
PROP_10598,Sunset Park,Independent House,2686,4,3.0,Furnished,0,2,1.0,1,7,Ready To Move,1.0,1276100.0
PROP_15314,Riverside District,Independent House,2254,3,3.0,Semi-Furnished,2,1,7.0,2,7,Ready To Move,5.0,1216500.0
PROP_12251,Westend Terrace,Penthouse,4492,4,5.0,Semi-Furnished,0,23,11.0,1,8,Ready To Move,4.0,2571500.0
PROP_14886,Silicon Hills,Independent House,3501,4,4.0,Semi-Furnished,1,1,3.0,1,4,Ready To Move,5.0,2334100.0
PROP_12284,Westend Terrace,Independent House,1938,3,2.0,Furnished,2,3,12.0,1,6,Ready To Move,4.0,919700.0
PROP_10663,Greenwood Heights,Apartment,1564,2,2.0,Unfurnished,1,17,5.0,1,8,Under Construction,3.0,714400.0
PROP_15980,Midtown Corridor,Apartment,1223,2,2.0,Unfurnished,0,3,8.0,1,8,Ready To Move,5.0,675400.0
PROP_12286,Riverside District,Apartment,2438,4,3.0,Semi-Furnished,1,4,10.0,2,4,Under Construction,2.0,1008800.0
PROP_13432,Midtown Corridor,Independent House,3781,5,5.0,Furnished,3,3,0.0,1,3,Ready To Move,5.0,2015100.0
PROP_15677,Westend Terrace,Apartment,1453,2,1.0,Semi-Furnished,1,3,17.0,1,10,Ready To Move,3.0,608600.0
PROP_14335,Silicon Hills,Luxury Villa,4560,5,5.0,Semi-Furnished,3,3,18.0,2,9,Ready To Move,5.0,3023800.0
PROP_15494,Sunset Park,Independent House,2160,2,1.0,Semi-Furnished,1,2,3.0,1,3,Under Construction,1.0,867000.0
PROP_13469,Downtown Central,Independent House,2720,4,4.0,Semi-Furnished,1,1,0.0,1,4,Ready To Move,3.0,1538100.0
PROP_13564,Westend Terrace,Independent House,2561,4,4.0,Semi-Furnished,0,3,16.0,1,3,Ready To Move,4.0,1155800.0
PROP_12991,Sunset Park,Independent House,3386,4,5.0,Unfurnished,1,1,4.0,2,7,Under Construction,5.0,1332600.0
PROP_15353,Silicon Hills,Apartment,1234,2,2.0,Unfurnished,1,1,3.0,1,7,Under Construction,1.0,678400.0
PROP_10780,Westend Terrace,Apartment,937,1,1.0,Semi-Furnished,1,21,0.0,3,5,Ready To Move,3.0,474000.0
PROP_12545,Westend Terrace,Independent House,2711,5,5.0,Semi-Furnished,1,2,5.0,2,4,Ready To Move,3.0,1453000.0
PROP_15303,Silicon Hills,Studio Apartment,491,1,1.0,Unfurnished,1,9,12.0,1,6,Ready To Move,5.0,295500.0
PROP_14499,Harbor Point,Studio Apartment,584,1,1.0,Furnished,2,4,25.0,1,4,Ready To Move,2.0,351900.0
PROP_14404,Sunset Park,Independent House,2999,4,4.0,Unfurnished,1,2,8.0,1,3,Ready To Move,5.0,1246700.0
PROP_14339,Westend Terrace,Independent House,2687,4,4.0,Semi-Furnished,1,2,2.0,2,6,Ready To Move,4.0,1461200.0
PROP_14948,Sunset Park,Apartment,1720,3,3.0,Semi-Furnished,1,22,6.0,0,7,Under Construction,5.0,710400.0
PROP_15821,Greenwood Heights,Apartment,2231,4,2.0,Unfurnished,1,3,2.0,1,3,Ready To Move,4.0,913200.0
PROP_10686,Silicon Hills,Studio Apartment,398,1,1.0,Semi-Furnished,1,7,2.0,1,4,Under Construction,2.0,253000.0
PROP_15959,Lakeside Estates,Apartment,1414,3,3.0,Semi-Furnished,3,5,10.0,1,2,Ready To Move,2.0,713600.0
PROP_13553,Silicon Hills,Penthouse,3445,3,4.0,Furnished,0,26,5.0,2,3,Ready To Move,1.0,2844100.0
PROP_13244,Midtown Corridor,Luxury Villa,4269,3,3.0,Semi-Furnished,1,4,9.0,2,6,Ready To Move,5.0,2694500.0
PROP_11749,Midtown Corridor,Apartment,1600,3,2.0,Unfurnished,2,18,1.0,0,4,Ready To Move,2.0,821500.0
PROP_13913,Silicon Hills,Independent House,1877,2,2.0,Semi-Furnished,1,2,0.0,3,5,Ready To Move,3.0,1178600.0
PROP_15084,Westend Terrace,Studio Apartment,487,1,1.0,Furnished,1,12,0.0,2,3,Under Construction,1.0,281400.0
PROP_12838,Greenwood Heights,Independent House,2896,3,3.0,Furnished,2,2,4.0,2,6,Under Construction,3.0,1205000.0
PROP_13033,Oakridge Valley,Apartment,1257,2,1.0,Unfurnished,1,7,2.0,1,5,Ready To Move,1.0,533900.0
PROP_12172,Sunset Park,Independent House,2668,4,3.0,Furnished,1,2,2.0,1,4,Ready To Move,3.0,1176200.0
PROP_13791,Sunset Park,Penthouse,3264,3,5.0,Semi-Furnished,0,34,16.0,1,9,Under Construction,5.0,1546100.0
PROP_11851,Sunset Park,Apartment,635,1,1.0,Furnished,3,5,1.0,3,3,Ready To Move,1.0,361700.0
PROP_10488,Greenwood Heights,Apartment,1273,2,3.0,Furnished,1,22,5.0,1,7,Ready To Move,5.0,669100.0
PROP_11689,Riverside District,Apartment,1788,4,4.0,Semi-Furnished,1,1,3.0,1,1,Under Construction,1.0,838700.0
PROP_12231,Silicon Hills,Independent House,2995,3,3.0,Furnished,1,2,1.0,2,4,Ready To Move,1.0,1938800.0
PROP_13474,Westend Terrace,Independent House,2220,4,4.0,Furnished,2,2,0.0,1,10,Under Construction,1.0,1228500.0
PROP_14626,Lakeside Estates,Luxury Villa,4767,5,6.0,Unfurnished,1,2,1.0,2,5,Ready To Move,4.0,3208300.0
PROP_12321,Lakeside Estates,Studio Apartment,409,1,1.0,Furnished,1,17,11.0,2,4,Ready To Move,5.0,256300.0
PROP_10783,Silicon Hills,Penthouse,5563,3,5.0,Furnished,1,22,2.0,1,2,Under Construction,5.0,4209000.0
PROP_10522,Lakeside Estates,Apartment,1267,2,2.0,Furnished,1,5,0.0,1,5,Ready To Move,4.0,758700.0
PROP_10523,Riverside District,Apartment,1781,4,4.0,Furnished,1,23,14.0,2,7,Ready To Move,3.0,903400.0
PROP_15215,Greenwood Heights,Independent House,2310,2,2.0,Semi-Furnished,1,2,11.0,3,1,Ready To Move,5.0,965100.0
PROP_12940,Lakeside Estates,Apartment,1143,2,1.0,Furnished,2,12,5.0,1,4,Ready To Move,4.0,607700.0
PROP_14697,Greenwood Heights,Independent House,1999,3,2.0,Semi-Furnished,2,2,1.0,1,6,Ready To Move,3.0,1063700.0
PROP_14843,Greenwood Heights,Apartment,1141,2,1.0,Semi-Furnished,1,10,8.0,3,9,Ready To Move,3.0,564100.0
PROP_12399,Riverside District,Studio Apartment,665,1,1.0,Semi-Furnished,2,10,8.0,2,4,Ready To Move,5.0,382300.0
PROP_12208,Midtown Corridor,Apartment,1161,2,2.0,Semi-Furnished,3,11,2.0,3,10,Ready To Move,2.0,651000.0
PROP_15279,Riverside District,Apartment,893,1,2.0,Unfurnished,0,16,6.0,2,7,Ready To Move,2.0,472600.0
PROP_10781,Midtown Corridor,Apartment,840,1,1.0,Semi-Furnished,3,23,5.0,1,4,Under Construction,3.0,417700.0
PROP_14704,Sunset Park,Studio Apartment,378,1,1.0,Semi-Furnished,1,8,5.0,2,8,Under Construction,4.0,237800.0
PROP_14926,Midtown Corridor,Studio Apartment,562,1,1.0,Furnished,1,3,6.0,3,10,Ready To Move,5.0,380600.0
PROP_11512,Downtown Central,Independent House,2419,3,2.0,Semi-Furnished,0,2,3.0,2,3,Ready To Move,5.0,1395200.0
PROP_11883,Oakridge Valley,Penthouse,4758,4,5.0,Furnished,0,21,0.0,2,4,Ready To Move,3.0,2601100.0
PROP_10652,Silicon Hills,Apartment,1681,2,2.0,Furnished,2,3,8.0,1,3,Under Construction,5.0,1010300.0
PROP_13972,Oakridge Valley,Apartment,1317,2,1.0,Furnished,2,7,1.0,2,3,Ready To Move,2.0,539700.0
PROP_11802,Midtown Corridor,Independent House,2176,3,2.0,Semi-Furnished,2,1,1.0,1,2,Ready To Move,2.0,1160700.0
PROP_10370,Midtown Corridor,Luxury Villa,4096,3,4.0,Semi-Furnished,1,2,9.0,2,5,Ready To Move,3.0,2599800.0
PROP_15252,Midtown Corridor,Independent House,1977,2,2.0,Furnished,2,2,16.0,1,5,Under Construction,2.0,942500.0
PROP_13755,Downtown Central,Apartment,1258,2,1.0,Semi-Furnished,1,2,5.0,2,6,Under Construction,5.0,725100.0
PROP_10119,Midtown Corridor,Luxury Villa,4980,4,5.0,Furnished,1,4,7.0,2,5,Ready To Move,2.0,3002000.0
PROP_10378,Silicon Hills,Apartment,1698,3,2.0,Semi-Furnished,1,11,15.0,1,3,Ready To Move,5.0,908700.0
PROP_10217,Oakridge Valley,Apartment,933,1,1.0,Furnished,2,16,11.0,3,4,Ready To Move,1.0,392800.0
PROP_12217,Lakeside Estates,Apartment,1503,2,1.0,Semi-Furnished,1,3,22.0,0,7,Ready To Move,5.0,675400.0
PROP_14575,Silicon Hills,Apartment,885,2,2.0,Furnished,1,12,11.0,2,4,Ready To Move,4.0,573400.0
PROP_11614,Silicon Hills,Apartment,1433,2,2.0,Semi-Furnished,1,13,8.0,1,5,Ready To Move,4.0,792900.0
PROP_12884,Downtown Central,Independent House,3214,4,4.0,Semi-Furnished,0,2,5.0,0,7,Ready To Move,5.0,2037800.0
PROP_14310,Riverside District,Luxury Villa,3996,4,5.0,Furnished,2,3,7.0,2,4,Under Construction,3.0,2192700.0
PROP_15402,Harbor Point,Apartment,1426,2,3.0,Semi-Furnished,1,12,1.0,2,7,Ready To Move,1.0,819100.0
PROP_10963,Lakeside Estates,Studio Apartment,594,1,1.0,Semi-Furnished,2,2,1.0,2,7,Ready To Move,4.0,390100.0
PROP_15418,Westend Terrace,Apartment,1764,4,4.0,Furnished,2,14,0.0,1,6,Ready To Move,5.0,935400.0
PROP_12511,Midtown Corridor,Studio Apartment,547,1,1.0,Furnished,1,13,5.0,2,8,Ready To Move,3.0,376100.0
PROP_15651,Greenwood Heights,Luxury Villa,4531,4,5.0,Semi-Furnished,2,2,5.0,2,8,Under Construction,3.0,2377000.0
PROP_14580,Silicon Hills,Apartment,824,1,1.0,Furnished,2,1,5.0,2,3,Under Construction,4.0,510800.0
PROP_14023,Lakeside Estates,Apartment,2071,4,4.0,Semi-Furnished,2,14,0.0,2,6,Ready To Move,2.0,1160500.0
PROP_10360,Downtown Central,Apartment,739,1,1.0,Semi-Furnished,1,8,3.0,1,4,Under Construction,4.0,421700.0
PROP_11247,Riverside District,Apartment,1464,2,2.0,Unfurnished,1,17,0.0,3,8,Ready To Move,3.0,721300.0
PROP_13409,Oakridge Valley,Apartment,1284,2,2.0,Furnished,0,22,11.0,2,8,Ready To Move,5.0,526300.0
PROP_14185,Greenwood Heights,Apartment,1508,2,2.0,Unfurnished,0,6,3.0,2,5,Under Construction,2.0,565600.0
PROP_12416,Lakeside Estates,Independent House,2627,4,4.0,Furnished,0,2,36.0,2,6,Ready To Move,3.0,1252700.0
PROP_15600,Sunset Park,Independent House,2227,3,2.0,Furnished,1,2,12.0,1,4,Ready To Move,3.0,918400.0
PROP_15080,Lakeside Estates,Independent House,2390,2,2.0,Semi-Furnished,1,2,2.0,2,6,Ready To Move,2.0,1331700.0
PROP_12186,Riverside District,Apartment,1155,1,1.0,Semi-Furnished,3,17,2.0,1,4,Ready To Move,5.0,646300.0
PROP_14021,Harbor Point,Apartment,1658,3,3.0,Semi-Furnished,0,5,14.0,1,5,Ready To Move,1.0,863100.0
PROP_12568,Greenwood Heights,Independent House,3013,4,3.0,Furnished,1,2,8.0,0,6,Ready To Move,4.0,1457200.0
PROP_13424,Sunset Park,Penthouse,4912,5,6.0,Furnished,0,24,40.0,3,3,Under Construction,5.0,2045700.0
PROP_12038,Greenwood Heights,Independent House,2574,3,4.0,Semi-Furnished,2,2,8.0,1,5,Ready To Move,1.0,1116800.0
PROP_10773,Downtown Central,Penthouse,4172,4,5.0,Furnished,2,30,4.0,0,6,Ready To Move,3.0,3360800.0
PROP_11285,Lakeside Estates,Apartment,1964,4,4.0,Semi-Furnished,2,3,8.0,1,10,Ready To Move,2.0,1119600.0
PROP_15533,Greenwood Heights,Apartment,1604,2,2.0,Furnished,1,15,12.0,2,5,Ready To Move,4.0,686600.0
PROP_13563,Oakridge Valley,Apartment,1575,3,2.0,Semi-Furnished,1,14,6.0,2,9,Under Construction,1.0,635300.0
PROP_15701,Oakridge Valley,Apartment,921,1,1.0,Furnished,2,23,9.0,1,4,Ready To Move,2.0,389600.0
PROP_12588,Midtown Corridor,Studio Apartment,605,1,1.0,Furnished,1,2,4.0,1,9,Ready To Move,1.0,373400.0
PROP_15502,Silicon Hills,Penthouse,4477,4,5.0,Furnished,1,19,8.0,2,7,Ready To Move,4.0,3690600.0
PROP_11415,Silicon Hills,Luxury Villa,6470,6,7.0,Furnished,1,3,3.0,3,9,Ready To Move,3.0,4700600.0
PROP_11235,Greenwood Heights,Independent House,2696,4,3.0,Semi-Furnished,2,3,9.0,1,3,Ready To Move,3.0,1170300.0
PROP_13842,Oakridge Valley,Apartment,836,1,1.0,Furnished,1,12,3.0,1,3,Ready To Move,5.0,377800.0
PROP_10436,Downtown Central,Apartment,1423,2,1.0,Semi-Furnished,0,19,9.0,2,8,Ready To Move,1.0,758100.0
PROP_11675,Lakeside Estates,Luxury Villa,4514,4,5.0,Semi-Furnished,1,3,8.0,1,5,Ready To Move,5.0,2699100.0
PROP_13300,Oakridge Valley,Independent House,2706,3,2.0,Furnished,0,2,1.0,0,3,Under Construction,2.0,939700.0
PROP_10366,Downtown Central,Studio Apartment,493,1,1.0,Semi-Furnished,0,8,12.0,1,5,Ready To Move,5.0,312400.0
PROP_13765,Downtown Central,Independent House,3064,4,4.0,Unfurnished,1,2,3.0,0,4,Under Construction,2.0,1748300.0
PROP_10232,Downtown Central,Independent House,2724,3,2.0,Furnished,2,1,5.0,1,1,Under Construction,4.0,1677600.0
PROP_15119,Westend Terrace,Apartment,1301,2,2.0,Furnished,1,20,1.0,1,8,Ready To Move,4.0,602100.0
PROP_10148,Sunset Park,Luxury Villa,5689,6,7.0,Unfurnished,0,3,12.0,1,7,Ready To Move,3.0,2684700.0
PROP_15285,Lakeside Estates,Apartment,997,1,1.0,Furnished,1,23,19.0,2,7,Ready To Move,3.0,567100.0
PROP_13089,Lakeside Estates,Apartment,1275,2,2.0,Semi-Furnished,1,17,4.0,1,5,Ready To Move,4.0,705300.0
PROP_15768,Westend Terrace,Apartment,1130,2,2.0,Semi-Furnished,2,13,1.0,1,5,Ready To Move,5.0,545500.0
PROP_13555,Harbor Point,Apartment,1150,2,2.0,Semi-Furnished,1,16,7.0,2,4,Ready To Move,4.0,703400.0
PROP_10408,Westend Terrace,Apartment,1757,3,2.0,Semi-Furnished,1,6,0.0,1,8,Under Construction,1.0,793000.0
PROP_15559,Oakridge Valley,Apartment,1625,3,2.0,Unfurnished,0,23,2.0,3,6,Ready To Move,5.0,675800.0
PROP_13457,Westend Terrace,Apartment,1331,3,3.0,Furnished,1,18,9.0,0,5,Ready To Move,1.0,661700.0
PROP_12091,Sunset Park,Independent House,2805,4,5.0,Furnished,1,1,17.0,2,6,Ready To Move,1.0,1195500.0
PROP_10087,Greenwood Heights,Apartment,1303,2,2.0,Unfurnished,0,2,3.0,2,8,Ready To Move,4.0,575600.0
PROP_13577,Oakridge Valley,Apartment,1509,2,2.0,Furnished,1,24,2.0,2,9,Ready To Move,1.0,622700.0
PROP_13272,Silicon Hills,Apartment,1914,3,3.0,Furnished,1,5,2.0,0,6,Under Construction,4.0,1097100.0
PROP_10845,Greenwood Heights,Independent House,2508,3,3.0,Unfurnished,1,2,3.0,3,5,Under Construction,1.0,1163200.0
PROP_11032,Lakeside Estates,Independent House,2534,3,3.0,Furnished,2,2,19.0,1,2,Ready To Move,1.0,1220500.0
PROP_14523,Harbor Point,Independent House,1245,2,2.0,Semi-Furnished,0,2,5.0,2,4,Ready To Move,5.0,863800.0
PROP_14344,Midtown Corridor,Independent House,2289,3,2.0,Furnished,1,2,18.0,3,4,Ready To Move,1.0,1146500.0
PROP_13879,Harbor Point,Independent House,2334,3,4.0,Furnished,2,1,8.0,2,6,Under Construction,3.0,1253600.0
PROP_12988,Oakridge Valley,Studio Apartment,567,1,1.0,Semi-Furnished,2,5,4.0,1,7,Ready To Move,1.0,289200.0
PROP_15598,Sunset Park,Independent House,2840,5,4.0,Semi-Furnished,2,2,9.0,2,3,Ready To Move,1.0,1111100.0
PROP_12629,Harbor Point,Independent House,2411,3,3.0,Furnished,1,2,0.0,1,5,Ready To Move,2.0,1507900.0
PROP_14906,Westend Terrace,Apartment,1603,3,3.0,Unfurnished,3,15,10.0,2,7,Ready To Move,3.0,732900.0
PROP_14787,Midtown Corridor,Apartment,1638,3,2.0,Furnished,2,19,3.0,1,6,Ready To Move,4.0,929300.0
PROP_10856,Downtown Central,Apartment,1288,2,2.0,Furnished,1,4,2.0,1,4,Ready To Move,2.0,737700.0
PROP_13004,Lakeside Estates,Apartment,1454,3,2.0,Semi-Furnished,1,20,5.0,0,3,Under Construction,4.0,680700.0
PROP_10079,Downtown Central,Apartment,1972,4,4.0,Semi-Furnished,3,4,1.0,2,9,Under Construction,1.0,1173900.0
PROP_12993,Downtown Central,Apartment,1521,3,3.0,Furnished,2,9,2.0,1,3,Under Construction,3.0,841100.0
PROP_12248,Downtown Central,Apartment,1241,2,1.0,Semi-Furnished,1,4,1.0,2,6,Under Construction,5.0,771400.0
PROP_14083,Lakeside Estates,Apartment,1407,2,3.0,Unfurnished,0,13,1.0,2,3,Ready To Move,1.0,671700.0
PROP_15496,Sunset Park,Studio Apartment,584,1,1.0,Unfurnished,1,9,0.0,2,4,Ready To Move,4.0,271900.0
PROP_15808,Downtown Central,Penthouse,4044,4,5.0,Furnished,3,18,10.0,0,6,Ready To Move,4.0,2981500.0
PROP_10759,Sunset Park,Apartment,1493,3,3.0,Semi-Furnished,0,5,14.0,2,7,Ready To Move,2.0,603900.0
PROP_14122,Silicon Hills,Apartment,1504,2,2.0,Semi-Furnished,2,15,8.0,1,4,Ready To Move,2.0,894700.0
PROP_13356,Silicon Hills,Apartment,1439,2,3.0,Semi-Furnished,2,3,2.0,0,7,Ready To Move,3.0,890300.0
PROP_10789,Midtown Corridor,Studio Apartment,548,1,1.0,Semi-Furnished,0,12,1.0,2,7,Ready To Move,3.0,330300.0
PROP_12280,Lakeside Estates,Luxury Villa,5275,6,6.0,Semi-Furnished,1,4,10.0,2,10,Ready To Move,3.0,3204900.0
PROP_13698,Lakeside Estates,Independent House,2619,4,4.0,Semi-Furnished,1,3,5.0,0,6,Ready To Move,5.0,1582300.0
PROP_15235,Greenwood Heights,Independent House,2873,5,5.0,Semi-Furnished,2,1,9.0,2,2,Ready To Move,5.0,1380100.0
PROP_14994,Midtown Corridor,Apartment,543,1,1.0,Furnished,1,18,6.0,1,10,Ready To Move,5.0,399800.0
PROP_14790,Lakeside Estates,Luxury Villa,5203,5,6.0,Unfurnished,1,3,8.0,2,10,Ready To Move,3.0,3590400.0
PROP_13632,Westend Terrace,Independent House,2363,3,4.0,Furnished,0,2,0.0,1,6,Ready To Move,5.0,1272100.0
PROP_14501,Midtown Corridor,Apartment,1046,2,2.0,Furnished,1,3,6.0,1,6,Ready To Move,3.0,549500.0
PROP_13780,Downtown Central,Apartment,925,1,1.0,Furnished,3,17,8.0,2,5,Ready To Move,5.0,596900.0
PROP_12177,Midtown Corridor,Luxury Villa,5410,5,6.0,Unfurnished,2,3,2.0,2,7,Ready To Move,3.0,3183500.0
PROP_10425,Westend Terrace,Apartment,1569,3,3.0,Semi-Furnished,1,1,22.0,2,5,Ready To Move,2.0,691300.0
PROP_10393,Downtown Central,Luxury Villa,5616,6,6.0,Furnished,2,3,3.0,2,2,Ready To Move,5.0,3856300.0
PROP_15892,Sunset Park,Apartment,1420,3,3.0,Unfurnished,1,8,40.0,1,8,Ready To Move,4.0,494700.0
PROP_15687,Silicon Hills,Apartment,1686,3,2.0,Furnished,1,12,3.0,0,6,Ready To Move,3.0,994700.0
PROP_12240,Lakeside Estates,Independent House,2294,3,2.0,Semi-Furnished,1,1,2.0,2,6,Ready To Move,2.0,1299500.0
PROP_10105,Oakridge Valley,Studio Apartment,678,1,1.0,Semi-Furnished,1,5,20.0,2,2,Ready To Move,5.0,248200.0
PROP_12673,Harbor Point,Penthouse,4229,4,6.0,Furnished,2,31,2.0,1,4,Ready To Move,4.0,2993000.0
PROP_15506,Sunset Park,Luxury Villa,4261,5,5.0,Furnished,2,3,5.0,1,5,Under Construction,5.0,1935100.0
PROP_13667,Oakridge Valley,Apartment,966,1,1.0,Semi-Furnished,1,8,5.0,3,6,Under Construction,2.0,380900.0
PROP_12069,Riverside District,Independent House,2394,2,2.0,Semi-Furnished,2,3,0.0,0,8,Ready To Move,5.0,1306500.0
PROP_14478,Lakeside Estates,Independent House,2429,4,4.0,Semi-Furnished,1,2,16.0,3,3,Ready To Move,1.0,1312700.0
PROP_13494,Lakeside Estates,Apartment,1376,2,1.0,Furnished,0,7,3.0,1,2,Ready To Move,1.0,683400.0
PROP_11949,Lakeside Estates,Studio Apartment,561,1,1.0,Semi-Furnished,1,18,11.0,2,6,Ready To Move,3.0,350800.0
PROP_11460,Downtown Central,Apartment,1144,2,1.0,Furnished,0,14,2.0,3,5,Ready To Move,1.0,748800.0
PROP_11769,Downtown Central,Apartment,1636,3,4.0,Semi-Furnished,1,1,4.0,1,10,Ready To Move,5.0,1020300.0
PROP_13299,Silicon Hills,Apartment,1274,2,3.0,Semi-Furnished,2,12,7.0,1,3,Ready To Move,4.0,817500.0
PROP_15196,Sunset Park,Penthouse,4859,5,6.0,Semi-Furnished,0,27,15.0,2,3,Ready To Move,3.0,2416400.0
PROP_15431,Sunset Park,Independent House,2318,2,2.0,Furnished,3,2,10.0,1,10,Ready To Move,3.0,1071300.0
PROP_15764,Greenwood Heights,Apartment,1401,2,2.0,Semi-Furnished,2,12,0.0,0,4,Under Construction,1.0,623400.0
PROP_11588,Oakridge Valley,Luxury Villa,4816,5,5.0,Semi-Furnished,3,2,5.0,1,3,Ready To Move,2.0,2204600.0
PROP_14656,Downtown Central,Apartment,1316,2,1.0,Semi-Furnished,3,23,16.0,1,7,Ready To Move,3.0,726400.0
PROP_11732,Midtown Corridor,Studio Apartment,544,1,1.0,Semi-Furnished,2,15,1.0,1,6,Under Construction,2.0,323600.0
PROP_15281,Westend Terrace,Independent House,2520,4,3.0,Unfurnished,0,3,10.0,0,4,Under Construction,5.0,1141300.0
PROP_10183,Downtown Central,Independent House,2080,3,2.0,Furnished,0,2,10.0,0,3,Under Construction,5.0,1211400.0
PROP_11792,Lakeside Estates,Apartment,641,1,1.0,Semi-Furnished,3,14,16.0,1,5,Ready To Move,1.0,366700.0
PROP_12356,Harbor Point,Penthouse,4361,4,5.0,Semi-Furnished,1,26,9.0,1,3,Under Construction,5.0,3097200.0
PROP_11941,Midtown Corridor,Apartment,1568,2,2.0,Unfurnished,0,17,2.0,1,6,Under Construction,2.0,699100.0
PROP_10703,Silicon Hills,Apartment,1339,2,1.0,Semi-Furnished,2,20,11.0,2,5,Ready To Move,1.0,709600.0
PROP_12443,Oakridge Valley,Apartment,1168,2,3.0,Semi-Furnished,1,23,5.0,2,10,Ready To Move,4.0,593700.0
PROP_15791,Midtown Corridor,Luxury Villa,5632,5,5.0,Semi-Furnished,3,3,0.0,3,7,Ready To Move,3.0,3521200.0
PROP_10497,Midtown Corridor,Independent House,2056,3,3.0,Semi-Furnished,0,1,1.0,1,5,Ready To Move,3.0,1150100.0
PROP_14680,Sunset Park,Apartment,1229,2,2.0,Semi-Furnished,1,5,5.0,1,4,Under Construction,2.0,532000.0
PROP_10465,Westend Terrace,Studio Apartment,504,1,1.0,Semi-Furnished,1,1,0.0,1,5,Ready To Move,2.0,285100.0
PROP_15575,Downtown Central,Studio Apartment,544,1,1.0,Furnished,2,18,0.0,3,5,Ready To Move,3.0,399800.0
PROP_15201,Lakeside Estates,Apartment,1484,2,2.0,Semi-Furnished,1,1,0.0,1,8,Ready To Move,3.0,831800.0
PROP_10173,Lakeside Estates,Independent House,2236,3,3.0,Semi-Furnished,2,2,7.0,2,9,Ready To Move,3.0,1206600.0
PROP_12021,Oakridge Valley,Independent House,2293,3,2.0,Semi-Furnished,1,3,15.0,1,8,Ready To Move,2.0,1012700.0
PROP_15773,Oakridge Valley,Apartment,1688,2,2.0,Semi-Furnished,2,7,4.0,1,2,Ready To Move,2.0,677600.0
PROP_15359,Riverside District,Studio Apartment,582,1,1.0,Semi-Furnished,1,12,40.0,1,2,Under Construction,3.0,222100.0
PROP_12541,Riverside District,Studio Apartment,624,1,1.0,Furnished,1,13,0.0,1,4,Ready To Move,5.0,361800.0
PROP_15973,Downtown Central,Apartment,1329,2,2.0,Semi-Furnished,1,15,4.0,1,8,Ready To Move,3.0,774400.0
PROP_12010,Westend Terrace,Apartment,1526,2,2.0,Unfurnished,1,7,0.0,0,5,Ready To Move,1.0,756900.0
PROP_12261,Downtown Central,Studio Apartment,658,1,1.0,Furnished,0,17,20.0,1,6,Ready To Move,2.0,384900.0
PROP_13085,Sunset Park,Apartment,1253,2,1.0,Furnished,2,9,0.0,2,8,Ready To Move,2.0,610800.0
PROP_12113,Harbor Point,Apartment,1636,3,2.0,Semi-Furnished,0,8,4.0,0,5,Ready To Move,5.0,937300.0
PROP_10901,Greenwood Heights,Apartment,2188,4,3.0,Semi-Furnished,1,17,1.0,2,5,Under Construction,3.0,944100.0
PROP_11447,Harbor Point,Apartment,1245,2,1.0,Semi-Furnished,1,18,17.0,0,3,Ready To Move,2.0,639500.0
PROP_11912,Harbor Point,Apartment,1728,3,4.0,Semi-Furnished,2,20,3.0,2,5,Ready To Move,4.0,1042100.0
PROP_13543,Midtown Corridor,Apartment,1276,2,2.0,Semi-Furnished,1,20,10.0,1,5,Under Construction,2.0,623100.0
PROP_12698,Riverside District,Penthouse,4884,5,7.0,Unfurnished,1,19,5.0,1,2,Ready To Move,2.0,3044700.0
PROP_14040,Midtown Corridor,Apartment,1624,2,2.0,Furnished,1,18,21.0,0,10,Ready To Move,1.0,705100.0
PROP_13663,Sunset Park,Apartment,1233,2,2.0,Unfurnished,2,22,1.0,1,8,Ready To Move,2.0,572100.0
PROP_10742,Oakridge Valley,Independent House,1777,2,3.0,Furnished,2,2,1.0,1,6,Ready To Move,5.0,849800.0
PROP_12294,Harbor Point,Apartment,1974,3,2.0,Semi-Furnished,3,19,9.0,1,6,Under Construction,5.0,1054700.0
PROP_12453,Greenwood Heights,Apartment,1247,2,2.0,Furnished,2,22,1.0,1,3,Ready To Move,1.0,548700.0
PROP_13729,Downtown Central,Independent House,2537,4,4.0,Semi-Furnished,1,2,4.0,1,6,Ready To Move,4.0,1567600.0
PROP_14914,Harbor Point,Apartment,1685,2,2.0,Semi-Furnished,1,13,3.0,3,4,Ready To Move,3.0,897300.0
PROP_11207,Harbor Point,Independent House,2395,3,3.0,Furnished,1,2,1.0,3,4,Ready To Move,4.0,1493000.0
PROP_10510,Sunset Park,Penthouse,4353,4,5.0,Semi-Furnished,1,23,22.0,1,10,Ready To Move,2.0,2074500.0
PROP_14989,Lakeside Estates,Independent House,2789,3,3.0,Semi-Furnished,1,2,19.0,1,4,Ready To Move,1.0,1384800.0
PROP_14036,Downtown Central,Apartment,1239,2,3.0,Furnished,1,1,9.0,2,7,Ready To Move,2.0,650200.0
PROP_13993,Oakridge Valley,Apartment,1414,2,2.0,Furnished,2,22,1.0,2,10,Ready To Move,1.0,623700.0
PROP_15452,Greenwood Heights,Apartment,1853,3,2.0,Semi-Furnished,1,16,14.0,1,5,Under Construction,4.0,705200.0
PROP_11550,Greenwood Heights,Luxury Villa,5035,5,6.0,Semi-Furnished,3,3,12.0,1,7,Ready To Move,3.0,2488600.0
PROP_13030,Midtown Corridor,Apartment,1249,2,1.0,Unfurnished,1,23,3.0,1,5,Ready To Move,4.0,613400.0
PROP_14538,Westend Terrace,Studio Apartment,421,1,1.0,Unfurnished,0,19,2.0,2,3,Ready To Move,3.0,248300.0
PROP_12203,Lakeside Estates,Penthouse,4687,4,5.0,Semi-Furnished,0,27,9.0,2,4,Under Construction,2.0,2810500.0
PROP_12567,Lakeside Estates,Independent House,2672,3,4.0,Semi-Furnished,1,2,4.0,2,4,Ready To Move,3.0,1480500.0
PROP_15124,Westend Terrace,Independent House,2359,4,3.0,Semi-Furnished,2,3,14.0,2,9,Ready To Move,4.0,1147100.0
PROP_12045,Downtown Central,Studio Apartment,708,1,1.0,Semi-Furnished,1,17,3.0,2,3,Under Construction,2.0,375000.0
PROP_10768,Harbor Point,Luxury Villa,4573,5,6.0,Furnished,1,3,0.0,1,6,Ready To Move,1.0,3231100.0
PROP_15872,Downtown Central,Apartment,1104,2,2.0,Semi-Furnished,0,5,4.0,1,7,Under Construction,4.0,625800.0
PROP_13700,Greenwood Heights,Apartment,1149,2,2.0,Furnished,2,8,15.0,3,6,Ready To Move,3.0,539900.0
PROP_11509,Downtown Central,Independent House,2994,5,6.0,Semi-Furnished,1,2,17.0,1,5,Ready To Move,3.0,1558700.0
PROP_13135,Lakeside Estates,Apartment,1078,2,2.0,Furnished,1,3,5.0,3,3,Ready To Move,2.0,659700.0
PROP_15858,Harbor Point,Independent House,3062,4,5.0,Semi-Furnished,1,2,11.0,1,9,Ready To Move,4.0,1781500.0
PROP_10422,Downtown Central,Independent House,2495,4,4.0,Semi-Furnished,2,1,2.0,1,2,Ready To Move,4.0,1478400.0
PROP_10124,Midtown Corridor,Penthouse,3921,3,5.0,Furnished,2,24,16.0,1,8,Ready To Move,4.0,2433000.0
PROP_14997,Riverside District,Studio Apartment,564,1,1.0,Furnished,1,1,4.0,1,1,Under Construction,3.0,289100.0
PROP_15245,Oakridge Valley,Luxury Villa,3859,4,4.0,Semi-Furnished,1,3,1.0,1,9,Under Construction,1.0,1895400.0
PROP_13293,Silicon Hills,Independent House,2088,3,4.0,Semi-Furnished,2,1,1.0,0,10,Ready To Move,2.0,1503500.0
PROP_10820,Greenwood Heights,Apartment,1348,3,4.0,Semi-Furnished,0,1,8.0,1,4,Under Construction,5.0,588700.0
PROP_11404,Lakeside Estates,Independent House,1807,2,3.0,Semi-Furnished,1,2,0.0,2,5,Under Construction,1.0,1005300.0
PROP_11383,Silicon Hills,Apartment,1392,3,3.0,Furnished,1,9,1.0,3,2,Under Construction,3.0,824900.0
PROP_12149,Lakeside Estates,Penthouse,4432,4,5.0,Unfurnished,2,30,6.0,1,3,Ready To Move,1.0,2869900.0
PROP_15061,Riverside District,Penthouse,4730,5,6.0,Semi-Furnished,1,25,2.0,3,2,Ready To Move,4.0,3216400.0
PROP_11576,Downtown Central,Apartment,1143,2,2.0,Unfurnished,2,11,21.0,2,9,Ready To Move,5.0,615100.0
PROP_11639,Midtown Corridor,Apartment,1736,3,2.0,Semi-Furnished,0,6,5.0,1,7,Under Construction,3.0,808700.0
PROP_11796,Sunset Park,Apartment,1160,2,2.0,Unfurnished,0,21,21.0,2,8,Ready To Move,1.0,458000.0
PROP_13332,Lakeside Estates,Independent House,3375,5,4.0,Semi-Furnished,1,2,26.0,1,7,Ready To Move,4.0,1685000.0
PROP_15794,Riverside District,Apartment,1092,2,2.0,Unfurnished,1,6,0.0,1,5,Ready To Move,3.0,604800.0
PROP_15357,Oakridge Valley,Apartment,1530,3,3.0,Semi-Furnished,2,23,0.0,0,1,Ready To Move,2.0,617400.0
PROP_10400,Oakridge Valley,Apartment,1560,3,4.0,Semi-Furnished,2,19,0.0,0,7,Ready To Move,4.0,757000.0
PROP_13152,Downtown Central,Apartment,1247,2,2.0,Semi-Furnished,1,13,8.0,2,7,Ready To Move,3.0,707500.0
PROP_12311,Sunset Park,Luxury Villa,4290,5,6.0,Furnished,2,2,4.0,1,6,Ready To Move,1.0,2432900.0
PROP_10883,Silicon Hills,Studio Apartment,567,1,1.0,Semi-Furnished,1,2,0.0,3,5,Ready To Move,1.0,367700.0
PROP_13566,Silicon Hills,Luxury Villa,4525,4,5.0,Unfurnished,1,3,26.0,1,2,Ready To Move,1.0,2859800.0
PROP_15990,Midtown Corridor,Apartment,1300,2,2.0,Unfurnished,1,13,4.0,2,3,Ready To Move,1.0,654400.0
PROP_11180,Sunset Park,Independent House,2305,4,4.0,Semi-Furnished,3,3,5.0,1,7,Under Construction,3.0,934400.0
PROP_11353,Oakridge Valley,Apartment,1542,2,1.0,Semi-Furnished,2,19,15.0,1,7,Ready To Move,1.0,621500.0
PROP_14016,Greenwood Heights,Luxury Villa,4740,5,6.0,Unfurnished,2,3,0.0,1,4,Ready To Move,5.0,2619800.0
PROP_15476,Midtown Corridor,Independent House,2311,3,2.0,Semi-Furnished,1,2,0.0,3,7,Ready To Move,2.0,1348300.0
PROP_12131,Westend Terrace,Apartment,1301,2,2.0,Semi-Furnished,2,14,6.0,1,3,Ready To Move,3.0,581100.0
PROP_10983,Greenwood Heights,Independent House,2987,4,3.0,Unfurnished,1,2,1.0,1,6,Ready To Move,3.0,1478900.0
PROP_10457,Silicon Hills,Apartment,1775,3,3.0,Furnished,2,17,5.0,3,4,Ready To Move,2.0,1060700.0
PROP_11487,Downtown Central,Penthouse,4375,3,4.0,Furnished,3,18,7.0,1,5,Ready To Move,5.0,3411800.0
PROP_11080,Midtown Corridor,Independent House,2771,4,4.0,Unfurnished,1,2,11.0,1,5,Under Construction,1.0,1264800.0
PROP_11951,Sunset Park,Apartment,1230,2,2.0,Unfurnished,1,2,5.0,1,8,Ready To Move,5.0,545900.0
PROP_15175,Midtown Corridor,Apartment,800,1,1.0,Furnished,1,5,1.0,2,6,Ready To Move,3.0,465400.0
PROP_10690,Silicon Hills,Studio Apartment,568,1,1.0,Semi-Furnished,1,14,0.0,2,10,Ready To Move,2.0,417900.0
PROP_12430,Oakridge Valley,Apartment,1850,3,3.0,Unfurnished,2,14,2.0,2,5,Ready To Move,1.0,810000.0
PROP_10642,Harbor Point,Apartment,1807,3,3.0,Semi-Furnished,1,19,7.0,0,3,Under Construction,4.0,1001000.0
PROP_12393,Lakeside Estates,Independent House,2354,3,4.0,Unfurnished,1,2,5.0,0,7,Ready To Move,5.0,1199600.0
PROP_12826,Sunset Park,Independent House,2101,4,3.0,Furnished,1,2,4.0,2,3,Ready To Move,2.0,961000.0
PROP_11954,Westend Terrace,Apartment,904,1,1.0,Unfurnished,0,23,6.0,0,4,Ready To Move,2.0,392100.0
PROP_13539,Downtown Central,Independent House,2588,4,3.0,Semi-Furnished,2,2,26.0,1,5,Ready To Move,5.0,1353800.0
PROP_15509,Downtown Central,Studio Apartment,505,1,1.0,Semi-Furnished,0,13,12.0,1,6,Ready To Move,4.0,259100.0
PROP_13059,Westend Terrace,Apartment,1758,3,2.0,Semi-Furnished,2,10,1.0,1,7,Ready To Move,4.0,827400.0
PROP_13940,Sunset Park,Independent House,2350,3,2.0,Semi-Furnished,0,2,0.0,1,7,Ready To Move,5.0,1066800.0
PROP_14506,Midtown Corridor,Apartment,1416,2,2.0,Semi-Furnished,2,6,13.0,2,4,Ready To Move,1.0,700100.0
PROP_12711,Lakeside Estates,Penthouse,3700,3,5.0,Furnished,2,19,4.0,2,5,Ready To Move,5.0,2538600.0
PROP_11084,Downtown Central,Studio Apartment,478,1,1.0,Unfurnished,0,7,14.0,1,7,Under Construction,3.0,242100.0
PROP_14463,Midtown Corridor,Independent House,2862,3,3.0,Semi-Furnished,1,3,5.0,1,5,Ready To Move,1.0,1476200.0
PROP_15737,Harbor Point,Apartment,866,1,2.0,Semi-Furnished,1,4,0.0,2,4,Ready To Move,2.0,508400.0
PROP_15469,Oakridge Valley,Apartment,1750,4,4.0,Semi-Furnished,1,4,24.0,1,5,Ready To Move,3.0,682100.0
PROP_11885,Silicon Hills,Independent House,2592,3,3.0,Semi-Furnished,2,3,22.0,1,10,Ready To Move,5.0,1488000.0
PROP_14874,Greenwood Heights,Apartment,1436,2,2.0,Furnished,2,3,0.0,2,4,Ready To Move,4.0,690100.0
PROP_10390,Midtown Corridor,Apartment,1501,3,2.0,Unfurnished,0,14,4.0,3,7,Under Construction,3.0,706100.0
PROP_12495,Greenwood Heights,Apartment,1662,3,3.0,Unfurnished,2,14,12.0,1,6,Ready To Move,2.0,692300.0
PROP_11852,Riverside District,Penthouse,4508,4,6.0,Unfurnished,1,24,22.0,2,6,Under Construction,2.0,2558500.0
PROP_13037,Greenwood Heights,Independent House,2335,3,3.0,Semi-Furnished,1,3,1.0,0,6,Ready To Move,4.0,1194100.0
PROP_15383,Midtown Corridor,Apartment,1304,2,2.0,Unfurnished,2,8,33.0,2,6,Ready To Move,3.0,523100.0
PROP_13604,Westend Terrace,Independent House,2264,3,3.0,Furnished,0,2,8.0,2,4,Ready To Move,4.0,1138300.0
PROP_10846,Oakridge Valley,Apartment,1509,2,2.0,Semi-Furnished,1,22,1.0,1,6,Ready To Move,5.0,665700.0
PROP_10543,Oakridge Valley,Apartment,1591,2,2.0,Furnished,1,18,14.0,1,8,Under Construction,5.0,549400.0
PROP_13725,Lakeside Estates,Independent House,2176,2,3.0,Semi-Furnished,2,3,3.0,1,2,Under Construction,5.0,1196700.0
PROP_10092,Downtown Central,Apartment,1712,3,2.0,Semi-Furnished,1,21,4.0,1,10,Under Construction,5.0,947300.0
PROP_13680,Oakridge Valley,Studio Apartment,561,1,1.0,Furnished,3,13,10.0,1,7,Ready To Move,4.0,317400.0
PROP_15663,Sunset Park,Studio Apartment,598,1,1.0,Semi-Furnished,2,11,1.0,2,5,Ready To Move,1.0,312100.0
PROP_14271,Lakeside Estates,Penthouse,5052,5,7.0,Semi-Furnished,1,19,0.0,1,3,Under Construction,3.0,3397300.0
PROP_11980,Downtown Central,Apartment,1749,3,3.0,Furnished,2,21,2.0,1,6,Ready To Move,5.0,985900.0
PROP_13245,Oakridge Valley,Independent House,3715,5,6.0,Furnished,2,3,1.0,2,7,Under Construction,5.0,1426800.0
PROP_14003,Silicon Hills,Independent House,2448,3,3.0,Semi-Furnished,1,1,14.0,1,7,Ready To Move,5.0,1393600.0
PROP_13151,Harbor Point,Studio Apartment,519,1,1.0,Unfurnished,2,3,9.0,1,4,Ready To Move,1.0,279000.0
PROP_15010,Harbor Point,Independent House,3091,4,4.0,Semi-Furnished,0,2,3.0,2,5,Ready To Move,3.0,1909000.0
PROP_14119,Greenwood Heights,Apartment,904,1,1.0,Semi-Furnished,1,2,4.0,2,2,Ready To Move,4.0,372400.0
PROP_14376,Harbor Point,Apartment,1008,1,1.0,Semi-Furnished,2,2,6.0,2,2,Ready To Move,4.0,561500.0
PROP_12965,Westend Terrace,Independent House,2059,3,3.0,Semi-Furnished,1,3,0.0,0,5,Ready To Move,3.0,1038400.0
PROP_13464,Oakridge Valley,Apartment,1548,3,3.0,Semi-Furnished,1,2,0.0,2,7,Under Construction,4.0,685100.0
PROP_12530,Harbor Point,Independent House,2843,3,3.0,Semi-Furnished,0,1,17.0,1,6,Ready To Move,3.0,1498300.0
PROP_14123,Downtown Central,Independent House,2562,3,4.0,Unfurnished,1,1,1.0,1,6,Ready To Move,4.0,1388100.0
PROP_11677,Sunset Park,Independent House,2735,4,4.0,Furnished,1,1,1.0,0,9,Ready To Move,5.0,1357400.0
PROP_11049,Silicon Hills,Apartment,1390,2,2.0,Semi-Furnished,1,12,2.0,1,4,Ready To Move,1.0,856800.0
PROP_12950,Downtown Central,Independent House,1273,2,1.0,Semi-Furnished,0,3,2.0,0,4,Ready To Move,2.0,731200.0
PROP_11961,Downtown Central,Apartment,1008,2,1.0,Furnished,1,17,13.0,2,4,Ready To Move,5.0,601200.0
PROP_12531,Midtown Corridor,Apartment,1606,3,3.0,Semi-Furnished,3,3,6.0,1,7,Ready To Move,1.0,934800.0
PROP_14920,Riverside District,Luxury Villa,4623,4,4.0,Furnished,1,3,8.0,1,1,Ready To Move,1.0,2619200.0
PROP_14450,Riverside District,Apartment,1692,3,3.0,Furnished,2,17,17.0,1,8,Under Construction,3.0,722800.0
PROP_10238,Sunset Park,Studio Apartment,549,1,1.0,Furnished,1,2,3.0,1,4,Ready To Move,4.0,293300.0
PROP_14164,Greenwood Heights,Apartment,1706,3,3.0,Semi-Furnished,2,8,7.0,1,6,Ready To Move,4.0,802400.0
PROP_14540,Downtown Central,Independent House,2578,3,2.0,Semi-Furnished,3,2,5.0,3,4,Ready To Move,2.0,1339600.0
PROP_11134,Harbor Point,Studio Apartment,433,1,1.0,Semi-Furnished,1,15,0.0,1,8,Ready To Move,2.0,318200.0
PROP_12881,Silicon Hills,Studio Apartment,571,1,1.0,Semi-Furnished,1,3,1.0,1,4,Ready To Move,3.0,375000.0
PROP_11806,Riverside District,Apartment,1070,1,1.0,Semi-Furnished,3,22,6.0,3,7,Ready To Move,1.0,524100.0
PROP_14975,Midtown Corridor,Luxury Villa,3992,3,3.0,Semi-Furnished,1,2,2.0,0,9,Ready To Move,4.0,2677300.0
PROP_10164,Riverside District,Luxury Villa,4616,4,5.0,Semi-Furnished,3,3,5.0,2,6,Ready To Move,4.0,2662100.0
PROP_15239,Sunset Park,Independent House,3345,5,4.0,Furnished,0,1,13.0,2,1,Ready To Move,5.0,1348800.0
PROP_15727,Sunset Park,Independent House,2959,4,4.0,Unfurnished,2,2,6.0,0,4,Ready To Move,5.0,1351300.0
PROP_15669,Silicon Hills,Luxury Villa,4873,4,5.0,Semi-Furnished,2,4,15.0,2,8,Ready To Move,5.0,3316200.0
PROP_14443,Midtown Corridor,Independent House,2263,4,4.0,Furnished,0,2,26.0,1,5,Ready To Move,4.0,1122600.0
PROP_14513,Harbor Point,Luxury Villa,4800,4,5.0,Semi-Furnished,0,3,0.0,3,6,Ready To Move,2.0,3315700.0
PROP_14341,Harbor Point,Apartment,1329,2,1.0,Semi-Furnished,1,12,1.0,1,3,Ready To Move,5.0,769000.0
PROP_10266,Riverside District,Apartment,1145,2,1.0,Furnished,0,15,0.0,0,8,Ready To Move,2.0,611200.0
PROP_12002,Harbor Point,Apartment,1102,2,2.0,Semi-Furnished,1,17,13.0,2,5,Under Construction,4.0,558000.0
PROP_11812,Lakeside Estates,Luxury Villa,5618,5,6.0,Semi-Furnished,1,3,1.0,1,3,Ready To Move,4.0,3814500.0
PROP_13278,Riverside District,Independent House,2899,4,4.0,Furnished,2,2,0.0,2,1,Under Construction,5.0,1348400.0
PROP_13871,Silicon Hills,Studio Apartment,596,1,1.0,Unfurnished,0,13,4.0,3,7,Ready To Move,3.0,406400.0
PROP_12979,Sunset Park,Penthouse,3663,3,4.0,Semi-Furnished,1,28,8.0,1,5,Ready To Move,3.0,1825600.0
PROP_14275,Greenwood Heights,Apartment,1117,2,2.0,Semi-Furnished,2,21,3.0,1,4,Under Construction,5.0,501900.0
PROP_12907,Harbor Point,Independent House,2788,4,3.0,Semi-Furnished,2,2,10.0,0,2,Ready To Move,5.0,1464900.0
PROP_14305,Harbor Point,Apartment,2174,4,4.0,Unfurnished,1,3,2.0,1,7,Ready To Move,2.0,1171300.0
PROP_15518,Midtown Corridor,Apartment,2195,4,3.0,Furnished,2,9,7.0,3,6,Ready To Move,5.0,1234300.0
PROP_11429,Oakridge Valley,Luxury Villa,4941,4,4.0,Semi-Furnished,2,2,16.0,2,6,Under Construction,5.0,2006300.0
PROP_10399,Sunset Park,Apartment,1725,3,3.0,Semi-Furnished,1,9,5.0,1,5,Ready To Move,3.0,768600.0
PROP_13989,Harbor Point,Apartment,1192,1,1.0,Furnished,2,22,2.0,3,2,Ready To Move,4.0,725300.0
PROP_15022,Riverside District,Luxury Villa,3475,3,4.0,Furnished,3,3,2.0,2,6,Ready To Move,4.0,2151000.0
PROP_10948,Harbor Point,Studio Apartment,552,1,1.0,Furnished,1,7,5.0,3,1,Ready To Move,5.0,351100.0
PROP_13079,Riverside District,Independent House,3141,4,5.0,Furnished,2,2,4.0,2,5,Ready To Move,3.0,1722200.0
PROP_13139,Sunset Park,Apartment,1934,4,3.0,Semi-Furnished,1,11,2.0,1,6,Ready To Move,2.0,755300.0
PROP_15368,Midtown Corridor,Apartment,1269,1,1.0,Semi-Furnished,2,14,4.0,3,10,Ready To Move,5.0,624700.0
PROP_14940,Oakridge Valley,Independent House,1232,2,2.0,Semi-Furnished,1,2,0.0,2,7,Under Construction,5.0,591400.0
PROP_15594,Midtown Corridor,Independent House,2536,3,2.0,Furnished,1,3,3.0,1,3,Ready To Move,1.0,1404800.0
PROP_15165,Greenwood Heights,Independent House,2578,3,3.0,Semi-Furnished,0,2,13.0,2,10,Under Construction,2.0,1029100.0
PROP_13230,Oakridge Valley,Luxury Villa,4835,5,5.0,Unfurnished,1,3,4.0,1,3,Ready To Move,2.0,2283800.0
PROP_14020,Downtown Central,Apartment,1206,2,2.0,Furnished,1,5,6.0,0,10,Ready To Move,1.0,723600.0
PROP_11453,Greenwood Heights,Apartment,1503,3,2.0,Semi-Furnished,1,5,6.0,2,3,Under Construction,1.0,670900.0
PROP_10594,Greenwood Heights,Independent House,2998,4,5.0,Unfurnished,1,1,2.0,1,1,Under Construction,2.0,1264300.0
PROP_12726,Greenwood Heights,Independent House,2535,4,4.0,Semi-Furnished,2,1,2.0,2,5,Ready To Move,2.0,1370900.0
PROP_10042,Silicon Hills,Studio Apartment,634,1,1.0,Furnished,1,10,1.0,1,3,Ready To Move,2.0,441300.0
PROP_10561,Riverside District,Independent House,3156,4,4.0,Unfurnished,1,3,6.0,1,1,Ready To Move,3.0,1475100.0
PROP_14848,Oakridge Valley,Independent House,1869,2,3.0,Furnished,1,2,4.0,2,4,Ready To Move,5.0,853200.0
PROP_14138,Lakeside Estates,Penthouse,4265,3,4.0,Unfurnished,1,22,13.0,1,4,Ready To Move,2.0,2668100.0
PROP_10490,Silicon Hills,Luxury Villa,4086,4,5.0,Unfurnished,0,3,0.0,2,2,Ready To Move,5.0,3120500.0
PROP_10244,Oakridge Valley,Independent House,2324,3,2.0,Semi-Furnished,1,1,10.0,1,5,Under Construction,3.0,812300.0
PROP_13173,Oakridge Valley,Apartment,1802,3,3.0,Unfurnished,1,10,0.0,1,6,Ready To Move,5.0,801300.0
PROP_11340,Silicon Hills,Luxury Villa,4252,3,3.0,Unfurnished,2,3,13.0,1,4,Ready To Move,1.0,3028100.0
PROP_13961,Silicon Hills,Apartment,1524,2,2.0,Unfurnished,1,6,3.0,2,6,Ready To Move,3.0,894600.0
PROP_15199,Harbor Point,Apartment,1000,2,1.0,Semi-Furnished,1,7,22.0,3,5,Under Construction,5.0,481300.0
PROP_10406,Midtown Corridor,Apartment,1246,2,1.0,Furnished,2,21,10.0,1,9,Ready To Move,5.0,657200.0
PROP_11443,Oakridge Valley,Independent House,1920,3,2.0,Semi-Furnished,2,2,40.0,1,6,Ready To Move,5.0,607500.0
PROP_10262,Silicon Hills,Studio Apartment,626,1,1.0,Semi-Furnished,2,14,0.0,3,5,Ready To Move,1.0,420300.0
PROP_13937,Lakeside Estates,Apartment,1441,2,2.0,Semi-Furnished,1,5,7.0,2,2,Ready To Move,1.0,713400.0
PROP_13538,Silicon Hills,Independent House,3003,5,6.0,Semi-Furnished,3,2,9.0,1,8,Ready To Move,5.0,1833600.0
PROP_15489,Sunset Park,Independent House,1925,3,2.0,Unfurnished,1,1,13.0,1,10,Ready To Move,5.0,879700.0
PROP_11690,Lakeside Estates,Luxury Villa,5283,5,5.0,Semi-Furnished,1,3,4.0,1,6,Under Construction,2.0,3129500.0
PROP_13479,Oakridge Valley,Apartment,1534,2,2.0,Semi-Furnished,1,22,15.0,2,7,Ready To Move,2.0,539300.0
PROP_11726,Lakeside Estates,Studio Apartment,610,1,1.0,Unfurnished,1,18,0.0,1,6,Ready To Move,5.0,386900.0
PROP_11204,Midtown Corridor,Independent House,2293,3,2.0,Furnished,2,1,23.0,1,5,Ready To Move,5.0,1143800.0
PROP_10835,Lakeside Estates,Apartment,1064,2,2.0,Semi-Furnished,0,21,25.0,1,3,Ready To Move,2.0,507200.0
PROP_11867,Midtown Corridor,Apartment,1292,2,2.0,Semi-Furnished,1,24,17.0,2,6,Under Construction,5.0,626100.0
PROP_12497,Greenwood Heights,Apartment,1260,2,1.0,Semi-Furnished,1,23,6.0,2,3,Ready To Move,4.0,512100.0
PROP_13017,Sunset Park,Apartment,1180,2,1.0,Semi-Furnished,3,2,17.0,2,3,Ready To Move,3.0,456700.0
PROP_14527,Greenwood Heights,Luxury Villa,5455,4,5.0,Furnished,0,2,28.0,2,5,Ready To Move,3.0,2415000.0
PROP_12011,Harbor Point,Luxury Villa,4439,4,5.0,Unfurnished,1,2,0.0,1,3,Under Construction,4.0,2726300.0
PROP_13956,Downtown Central,Penthouse,4244,5,7.0,Semi-Furnished,1,24,2.0,2,10,Under Construction,1.0,2910200.0
PROP_10341,Midtown Corridor,Independent House,3070,5,4.0,Furnished,0,1,3.0,2,2,Ready To Move,5.0,1582400.0
PROP_15395,Westend Terrace,Apartment,934,1,1.0,Semi-Furnished,0,5,5.0,2,3,Ready To Move,3.0,435800.0
PROP_11602,Oakridge Valley,Penthouse,4876,4,6.0,Semi-Furnished,2,26,3.0,1,3,Ready To Move,5.0,2621800.0
PROP_12797,Midtown Corridor,Apartment,1141,2,2.0,Unfurnished,1,4,10.0,1,5,Ready To Move,2.0,544500.0
PROP_14866,Oakridge Valley,Luxury Villa,3853,4,4.0,Unfurnished,1,2,3.0,2,3,Ready To Move,5.0,1932400.0
PROP_15652,Downtown Central,Studio Apartment,602,1,1.0,Semi-Furnished,1,9,3.0,2,5,Ready To Move,4.0,389000.0
PROP_10481,Riverside District,Studio Apartment,664,1,1.0,Unfurnished,3,19,11.0,1,3,Ready To Move,2.0,330200.0
PROP_13876,Westend Terrace,Apartment,1440,2,2.0,Unfurnished,1,14,1.0,2,3,Ready To Move,2.0,650400.0
PROP_13726,Lakeside Estates,Apartment,1477,3,3.0,Unfurnished,1,17,6.0,1,3,Ready To Move,5.0,679000.0
PROP_14026,Westend Terrace,Apartment,1725,3,3.0,Semi-Furnished,1,4,24.0,1,8,Ready To Move,2.0,718900.0
PROP_12786,Lakeside Estates,Independent House,2298,3,3.0,Furnished,2,2,3.0,1,4,Ready To Move,2.0,1275500.0
PROP_11524,Greenwood Heights,Apartment,1550,3,3.0,Furnished,0,23,4.0,2,4,Under Construction,2.0,648000.0
PROP_13622,Oakridge Valley,Apartment,1577,3,3.0,Semi-Furnished,1,17,6.0,2,5,Under Construction,5.0,624700.0
PROP_14482,Harbor Point,Studio Apartment,561,1,1.0,Unfurnished,0,7,10.0,0,3,Under Construction,5.0,288600.0
PROP_15340,Riverside District,Independent House,2250,3,4.0,Furnished,0,1,33.0,1,6,Ready To Move,1.0,1015300.0
PROP_15581,Silicon Hills,Luxury Villa,4892,5,6.0,Furnished,2,2,12.0,2,8,Under Construction,1.0,3020800.0
PROP_15666,Westend Terrace,Apartment,1416,3,3.0,Furnished,2,9,5.0,1,7,Ready To Move,3.0,749900.0
PROP_10800,Sunset Park,Luxury Villa,4422,4,5.0,Unfurnished,1,3,11.0,3,5,Ready To Move,4.0,2150900.0
PROP_11767,Lakeside Estates,Independent House,2938,4,5.0,Semi-Furnished,1,2,8.0,2,9,Ready To Move,3.0,1552800.0
PROP_15384,Westend Terrace,Apartment,1388,2,2.0,Furnished,2,23,0.0,3,5,Ready To Move,1.0,699900.0
PROP_13026,Midtown Corridor,Penthouse,4262,4,6.0,Semi-Furnished,1,23,8.0,2,8,Ready To Move,3.0,2844600.0
PROP_12454,Greenwood Heights,Studio Apartment,648,1,1.0,Unfurnished,1,8,5.0,1,2,Ready To Move,4.0,283000.0
PROP_14359,Downtown Central,Independent House,3652,5,5.0,Unfurnished,1,1,16.0,1,2,Ready To Move,3.0,1980700.0
PROP_14756,Downtown Central,Penthouse,4675,5,6.0,Unfurnished,2,30,2.0,1,5,Under Construction,3.0,3350800.0
PROP_14872,Midtown Corridor,Independent House,2648,5,5.0,Semi-Furnished,3,2,5.0,0,5,Under Construction,3.0,1357600.0
PROP_13705,Oakridge Valley,Apartment,1180,2,1.0,Semi-Furnished,2,4,4.0,1,2,Ready To Move,5.0,469200.0
PROP_15783,Silicon Hills,Independent House,2405,1,3.0,Furnished,1,2,15.0,2,7,Ready To Move,1.0,1521800.0
PROP_10364,Harbor Point,Independent House,1529,3,3.0,Semi-Furnished,1,1,7.0,1,5,Ready To Move,4.0,998600.0
PROP_11272,Harbor Point,Apartment,1042,2,1.0,Unfurnished,2,15,17.0,3,8,Ready To Move,2.0,572800.0
PROP_12004,Sunset Park,Independent House,2467,3,3.0,Furnished,1,2,0.0,1,5,Ready To Move,5.0,1100600.0
PROP_15415,Silicon Hills,Studio Apartment,602,1,1.0,Semi-Furnished,1,16,5.0,1,3,Ready To Move,3.0,389300.0
PROP_14260,Midtown Corridor,Apartment,1250,2,2.0,Semi-Furnished,3,2,17.0,1,10,Ready To Move,2.0,645200.0
PROP_15645,Sunset Park,Apartment,1102,1,1.0,Furnished,0,23,1.0,3,5,Ready To Move,3.0,491900.0
PROP_15730,Westend Terrace,Apartment,1317,2,2.0,Semi-Furnished,1,5,0.0,1,3,Ready To Move,4.0,638900.0
PROP_10348,Midtown Corridor,Penthouse,4130,3,4.0,Semi-Furnished,1,24,5.0,2,2,Ready To Move,5.0,2639800.0
PROP_13351,Silicon Hills,Independent House,2505,4,4.0,Unfurnished,2,2,2.0,1,6,Ready To Move,2.0,1739800.0
PROP_14797,Lakeside Estates,Independent House,3147,4,5.0,Semi-Furnished,2,2,7.0,0,10,Ready To Move,1.0,1903400.0
PROP_13614,Downtown Central,Independent House,2161,3,3.0,Semi-Furnished,1,3,2.0,1,4,Under Construction,5.0,1269000.0
PROP_15560,Harbor Point,Independent House,2379,3,2.0,Furnished,1,2,6.0,2,4,Ready To Move,3.0,1476400.0
PROP_12563,Lakeside Estates,Independent House,2979,5,4.0,Furnished,2,3,17.0,2,8,Ready To Move,1.0,1639800.0
PROP_13028,Oakridge Valley,Apartment,1493,2,1.0,Furnished,1,6,1.0,1,5,Ready To Move,1.0,602400.0
PROP_14195,Downtown Central,Apartment,1074,2,2.0,Semi-Furnished,1,11,38.0,2,4,Ready To Move,1.0,467100.0
PROP_15519,Lakeside Estates,Luxury Villa,3537,3,3.0,Furnished,1,2,16.0,0,5,Ready To Move,5.0,2291800.0
PROP_11424,Sunset Park,Apartment,1318,2,1.0,Semi-Furnished,2,16,0.0,1,5,Ready To Move,3.0,568500.0
PROP_10657,Midtown Corridor,Apartment,1049,2,2.0,Unfurnished,1,18,1.0,3,5,Under Construction,3.0,543200.0
PROP_13084,Lakeside Estates,Penthouse,3665,3,4.0,Semi-Furnished,1,25,19.0,2,8,Under Construction,2.0,2042300.0
PROP_15545,Oakridge Valley,Studio Apartment,539,1,1.0,Furnished,1,7,2.0,0,3,Ready To Move,5.0,255200.0
PROP_12103,Midtown Corridor,Apartment,961,1,1.0,Semi-Furnished,1,23,2.0,1,10,Ready To Move,2.0,540300.0
PROP_10633,Sunset Park,Independent House,2271,3,3.0,Furnished,1,1,3.0,1,8,Ready To Move,5.0,1027100.0
PROP_14877,Sunset Park,Studio Apartment,530,1,1.0,Furnished,1,13,2.0,1,4,Ready To Move,5.0,288500.0
PROP_12494,Lakeside Estates,Independent House,3377,4,5.0,Furnished,2,1,5.0,1,8,Ready To Move,1.0,1739200.0
PROP_12666,Oakridge Valley,Apartment,1215,2,3.0,Semi-Furnished,2,11,7.0,2,5,Ready To Move,3.0,525400.0
PROP_14353,Sunset Park,Apartment,1220,2,3.0,Semi-Furnished,0,4,7.0,0,5,Ready To Move,3.0,546200.0
PROP_15987,Silicon Hills,Apartment,1624,3,4.0,Semi-Furnished,2,13,7.0,2,2,Under Construction,1.0,893800.0
PROP_14418,Midtown Corridor,Studio Apartment,569,1,1.0,Semi-Furnished,1,9,1.0,2,2,Ready To Move,3.0,289200.0
PROP_14773,Westend Terrace,Apartment,931,1,1.0,Semi-Furnished,1,13,4.0,1,5,Ready To Move,1.0,411700.0
PROP_12335,Riverside District,Independent House,2769,4,4.0,Semi-Furnished,2,1,3.0,2,8,Ready To Move,5.0,1535800.0
PROP_13549,Midtown Corridor,Independent House,2838,4,3.0,Semi-Furnished,1,2,7.0,1,5,Ready To Move,3.0,1532400.0
PROP_14610,Oakridge Valley,Independent House,2500,3,3.0,Unfurnished,1,2,0.0,2,9,Under Construction,2.0,1150800.0
PROP_12501,Lakeside Estates,Apartment,1412,2,2.0,Semi-Furnished,1,19,0.0,2,2,Ready To Move,4.0,804300.0
PROP_13620,Riverside District,Apartment,924,1,1.0,Semi-Furnished,2,22,13.0,0,10,Ready To Move,4.0,442300.0
PROP_11466,Sunset Park,Independent House,2825,4,3.0,Furnished,1,1,13.0,1,7,Under Construction,4.0,1134100.0
PROP_13965,Silicon Hills,Apartment,867,1,1.0,Semi-Furnished,1,8,8.0,1,3,Under Construction,4.0,518100.0
PROP_14039,Westend Terrace,Studio Apartment,581,1,1.0,Furnished,0,15,11.0,0,2,Ready To Move,4.0,305400.0
PROP_14863,Silicon Hills,Apartment,1051,2,1.0,Semi-Furnished,0,23,0.0,3,5,Ready To Move,5.0,660000.0
PROP_10116,Lakeside Estates,Studio Apartment,647,1,1.0,Furnished,1,11,21.0,1,6,Ready To Move,5.0,389900.0
PROP_11822,Midtown Corridor,Apartment,1521,2,3.0,Unfurnished,2,15,3.0,0,3,Under Construction,5.0,722800.0
PROP_11495,Greenwood Heights,Penthouse,4447,4,6.0,Furnished,0,21,7.0,3,3,Under Construction,1.0,2506600.0
PROP_12402,Westend Terrace,Apartment,1369,2,2.0,Furnished,2,13,3.0,2,6,Ready To Move,2.0,679900.0
PROP_13875,Harbor Point,Apartment,2098,4,4.0,Furnished,2,22,1.0,2,2,Ready To Move,4.0,1369300.0
PROP_11233,Midtown Corridor,Luxury Villa,4292,4,4.0,Furnished,2,2,8.0,3,7,Ready To Move,2.0,2572600.0
PROP_12662,Sunset Park,Apartment,1441,3,3.0,Semi-Furnished,0,2,0.0,2,1,Ready To Move,1.0,609400.0
PROP_12818,Downtown Central,Luxury Villa,4610,4,5.0,Semi-Furnished,1,4,6.0,2,7,Ready To Move,5.0,3008200.0
PROP_14094,Westend Terrace,Independent House,2732,4,3.0,Unfurnished,1,2,5.0,1,4,Under Construction,5.0,1270900.0
PROP_15499,Lakeside Estates,Apartment,835,1,1.0,Semi-Furnished,2,13,11.0,1,5,Ready To Move,4.0,447000.0
PROP_11154,Greenwood Heights,Independent House,2886,3,2.0,Unfurnished,1,1,6.0,1,9,Ready To Move,3.0,1195000.0
PROP_13910,Oakridge Valley,Luxury Villa,5063,5,5.0,Semi-Furnished,1,3,3.0,1,7,Ready To Move,4.0,2344200.0
PROP_14777,Sunset Park,Luxury Villa,4449,4,4.0,Furnished,2,3,1.0,2,5,Ready To Move,5.0,2436900.0
PROP_15346,Downtown Central,Luxury Villa,4260,3,3.0,Unfurnished,2,2,4.0,1,10,Ready To Move,1.0,3046500.0
PROP_10058,Harbor Point,Studio Apartment,660,1,1.0,Furnished,2,18,4.0,1,4,Ready To Move,3.0,414300.0
PROP_14483,Sunset Park,Luxury Villa,5628,5,6.0,Furnished,1,3,2.0,1,2,Ready To Move,1.0,2764800.0
PROP_13884,Greenwood Heights,Independent House,2642,3,2.0,Furnished,2,1,14.0,2,1,Ready To Move,4.0,1076600.0
PROP_13062,Greenwood Heights,Apartment,1553,3,2.0,Furnished,0,6,1.0,1,6,Under Construction,4.0,645200.0
PROP_15141,Riverside District,Studio Apartment,566,1,1.0,Unfurnished,1,1,3.0,1,6,Ready To Move,1.0,273900.0
PROP_15960,Westend Terrace,Luxury Villa,4174,4,5.0,Semi-Furnished,3,2,36.0,0,5,Ready To Move,3.0,1846500.0
PROP_11736,Midtown Corridor,Apartment,1332,2,1.0,Unfurnished,1,6,3.0,2,3,Ready To Move,2.0,704300.0
PROP_15422,Silicon Hills,Luxury Villa,4080,4,4.0,Unfurnished,2,3,16.0,2,3,Ready To Move,5.0,3053400.0
PROP_12824,Lakeside Estates,Independent House,2801,3,4.0,Furnished,0,1,4.0,1,6,Ready To Move,4.0,1437000.0
PROP_12197,Midtown Corridor,Independent House,2181,3,3.0,Furnished,0,2,16.0,1,3,Ready To Move,4.0,1093100.0
PROP_10160,Oakridge Valley,Luxury Villa,4939,5,6.0,Furnished,2,3,4.0,1,2,Under Construction,4.0,2336000.0
PROP_15100,Riverside District,Apartment,1791,3,3.0,Furnished,1,20,5.0,2,3,Ready To Move,5.0,848300.0
PROP_12476,Harbor Point,Penthouse,3835,3,4.0,Semi-Furnished,0,31,0.0,2,3,Under Construction,1.0,2706700.0
PROP_12565,Lakeside Estates,Independent House,2865,3,3.0,Semi-Furnished,2,3,23.0,2,4,Ready To Move,3.0,1436900.0
PROP_14309,Downtown Central,Apartment,1209,2,2.0,Furnished,1,18,12.0,1,4,Ready To Move,4.0,681800.0
PROP_15066,Downtown Central,Apartment,1789,3,2.0,Semi-Furnished,0,12,1.0,1,2,Ready To Move,4.0,880300.0
PROP_14154,Sunset Park,Independent House,2804,4,4.0,Unfurnished,0,2,2.0,2,3,Ready To Move,2.0,1260500.0
PROP_12609,Sunset Park,Apartment,2095,4,4.0,Semi-Furnished,1,12,6.0,1,7,Ready To Move,5.0,922200.0
PROP_14653,Riverside District,Apartment,986,1,1.0,Furnished,1,13,19.0,1,3,Ready To Move,4.0,414200.0
PROP_10708,Greenwood Heights,Apartment,1334,2,1.0,Furnished,3,12,3.0,1,6,Ready To Move,1.0,633000.0
PROP_13047,Riverside District,Penthouse,4697,4,5.0,Semi-Furnished,2,32,5.0,2,6,Under Construction,2.0,3069800.0
PROP_15343,Lakeside Estates,Studio Apartment,485,1,1.0,Semi-Furnished,2,11,0.0,2,5,Ready To Move,3.0,328100.0
PROP_11094,Silicon Hills,Apartment,1359,2,1.0,Semi-Furnished,0,16,21.0,2,3,Under Construction,3.0,649500.0
PROP_14591,Westend Terrace,Studio Apartment,740,1,1.0,Semi-Furnished,1,8,3.0,2,4,Ready To Move,4.0,386500.0
PROP_11377,Lakeside Estates,Independent House,3044,4,5.0,Semi-Furnished,3,2,9.0,2,9,Ready To Move,1.0,1769000.0
PROP_15923,Silicon Hills,Independent House,3358,5,4.0,Semi-Furnished,1,2,1.0,2,4,Ready To Move,2.0,2139700.0
PROP_10073,Silicon Hills,Apartment,1568,3,3.0,Furnished,1,20,13.0,2,7,Ready To Move,4.0,1012400.0
PROP_11923,Silicon Hills,Penthouse,4462,4,5.0,Unfurnished,1,29,0.0,1,4,Ready To Move,2.0,3628000.0
PROP_14776,Westend Terrace,Apartment,1817,3,3.0,Semi-Furnished,2,10,6.0,1,5,Under Construction,4.0,804900.0
PROP_14320,Riverside District,Penthouse,5454,4,5.0,Semi-Furnished,2,24,4.0,0,7,Ready To Move,2.0,3464200.0
PROP_11765,Lakeside Estates,Apartment,1252,2,1.0,Semi-Furnished,0,21,26.0,1,2,Ready To Move,2.0,501700.0
PROP_10744,Greenwood Heights,Penthouse,5045,4,6.0,Semi-Furnished,1,31,6.0,0,3,Ready To Move,1.0,3006900.0
PROP_14100,Westend Terrace,Studio Apartment,506,1,1.0,Furnished,1,10,6.0,0,5,Under Construction,3.0,277100.0
PROP_11006,Oakridge Valley,Apartment,1106,2,2.0,Semi-Furnished,1,5,36.0,2,8,Ready To Move,4.0,409000.0
PROP_12669,Oakridge Valley,Independent House,2458,3,3.0,Semi-Furnished,2,2,9.0,2,6,Ready To Move,3.0,1006300.0
PROP_11191,Harbor Point,Apartment,1794,3,4.0,Semi-Furnished,0,23,21.0,2,7,Ready To Move,2.0,956700.0
PROP_15427,Harbor Point,Luxury Villa,4524,4,4.0,Unfurnished,1,2,8.0,1,6,Ready To Move,1.0,3234500.0
PROP_12602,Silicon Hills,Independent House,1513,2,2.0,Semi-Furnished,3,2,1.0,1,10,Ready To Move,5.0,1069500.0
PROP_11126,Oakridge Valley,Luxury Villa,4422,3,3.0,Unfurnished,0,2,2.0,1,10,Ready To Move,3.0,2323300.0
PROP_11242,Lakeside Estates,Apartment,850,2,1.0,Unfurnished,2,16,1.0,2,10,Ready To Move,5.0,483700.0
PROP_14064,Harbor Point,Independent House,2275,3,3.0,Semi-Furnished,0,1,10.0,0,4,Ready To Move,3.0,1390200.0
PROP_15462,Midtown Corridor,Independent House,2728,3,3.0,Semi-Furnished,1,1,5.0,1,4,Ready To Move,2.0,1541400.0
PROP_14961,Sunset Park,Studio Apartment,441,1,1.0,Semi-Furnished,2,17,6.0,2,5,Ready To Move,3.0,239800.0
PROP_15673,Riverside District,Luxury Villa,5584,5,6.0,Unfurnished,1,2,4.0,1,5,Under Construction,3.0,3225500.0
PROP_13352,Greenwood Heights,Penthouse,4446,4,5.0,Furnished,1,28,25.0,2,2,Under Construction,1.0,2056400.0
PROP_10999,Silicon Hills,Studio Apartment,490,1,1.0,Unfurnished,3,7,2.0,2,1,Ready To Move,5.0,307200.0
PROP_14476,Midtown Corridor,Apartment,1154,2,2.0,Semi-Furnished,1,6,6.0,1,7,Ready To Move,4.0,642100.0
PROP_13825,Downtown Central,Apartment,1403,2,2.0,Furnished,2,5,4.0,1,4,Ready To Move,4.0,797800.0
PROP_14009,Harbor Point,Apartment,1983,4,4.0,Semi-Furnished,0,2,2.0,1,9,Ready To Move,4.0,1118100.0
PROP_15647,Greenwood Heights,Apartment,1393,3,3.0,Unfurnished,2,9,3.0,1,4,Under Construction,5.0,613200.0
PROP_12685,Lakeside Estates,Apartment,2095,4,3.0,Semi-Furnished,1,14,5.0,2,9,Ready To Move,4.0,997100.0
PROP_15625,Lakeside Estates,Luxury Villa,5426,5,6.0,Furnished,0,2,3.0,0,4,Ready To Move,1.0,3613600.0
PROP_11578,Riverside District,Penthouse,5219,5,6.0,Semi-Furnished,1,18,24.0,0,8,Ready To Move,5.0,2926400.0
PROP_13907,Harbor Point,Luxury Villa,4787,4,5.0,Semi-Furnished,1,2,0.0,0,7,Ready To Move,4.0,3745300.0
PROP_13730,Sunset Park,Independent House,2107,3,3.0,Semi-Furnished,1,1,0.0,1,4,Ready To Move,3.0,1007700.0
PROP_13669,Midtown Corridor,Apartment,994,2,2.0,Semi-Furnished,1,19,9.0,1,5,Under Construction,2.0,516500.0
PROP_15765,Westend Terrace,Apartment,2036,4,3.0,Semi-Furnished,0,5,2.0,3,3,Ready To Move,2.0,946200.0
PROP_11827,Downtown Central,Luxury Villa,4198,4,5.0,Semi-Furnished,0,4,5.0,2,7,Ready To Move,1.0,3003200.0
PROP_11344,Silicon Hills,Penthouse,3883,4,5.0,Semi-Furnished,2,23,1.0,1,8,Ready To Move,3.0,3424400.0
PROP_15232,Sunset Park,Studio Apartment,410,1,1.0,Semi-Furnished,2,12,2.0,0,8,Ready To Move,5.0,263100.0
PROP_14968,Greenwood Heights,Luxury Villa,3932,3,4.0,Semi-Furnished,1,3,18.0,2,8,Ready To Move,3.0,1893700.0
PROP_10441,Midtown Corridor,Studio Apartment,535,1,1.0,Semi-Furnished,1,6,1.0,3,8,Ready To Move,1.0,334400.0
PROP_15966,Harbor Point,Independent House,2915,4,4.0,Semi-Furnished,0,2,5.0,2,5,Ready To Move,1.0,1693600.0
PROP_11101,Midtown Corridor,Independent House,2440,3,3.0,Furnished,1,3,1.0,1,8,Ready To Move,5.0,1280200.0
PROP_12638,Westend Terrace,Apartment,1367,3,3.0,Furnished,1,4,3.0,2,4,Ready To Move,3.0,715200.0
PROP_14232,Sunset Park,Luxury Villa,3951,5,5.0,Unfurnished,2,3,6.0,0,8,Ready To Move,5.0,1896300.0
PROP_10650,Downtown Central,Apartment,1650,3,3.0,Semi-Furnished,1,10,0.0,3,6,Ready To Move,3.0,960500.0
PROP_11547,Greenwood Heights,Apartment,1163,1,1.0,Semi-Furnished,1,9,5.0,2,8,Under Construction,3.0,483700.0
PROP_13232,Midtown Corridor,Independent House,2517,4,4.0,Semi-Furnished,1,3,2.0,0,7,Ready To Move,1.0,1437800.0
PROP_14505,Midtown Corridor,Luxury Villa,4047,4,4.0,Semi-Furnished,1,2,8.0,2,4,Under Construction,5.0,2544000.0
PROP_15542,Midtown Corridor,Independent House,2583,3,4.0,Furnished,1,1,6.0,2,5,Ready To Move,4.0,1402200.0
PROP_14590,Riverside District,Independent House,2115,3,2.0,Semi-Furnished,1,2,8.0,0,2,Ready To Move,2.0,1100000.0
PROP_14160,Greenwood Heights,Penthouse,4362,4,5.0,Unfurnished,1,33,10.0,2,6,Under Construction,2.0,2275800.0
PROP_12853,Silicon Hills,Apartment,1015,2,2.0,Semi-Furnished,1,11,5.0,1,5,Ready To Move,5.0,632300.0
PROP_13504,Westend Terrace,Apartment,979,1,1.0,Unfurnished,2,17,9.0,2,5,Ready To Move,3.0,505000.0
PROP_14327,Midtown Corridor,Apartment,1268,2,2.0,Semi-Furnished,3,4,5.0,2,3,Ready To Move,1.0,636000.0
PROP_14707,Silicon Hills,Apartment,935,1,1.0,Furnished,3,7,27.0,0,6,Ready To Move,5.0,513100.0
PROP_10631,Greenwood Heights,Independent House,1686,2,2.0,Unfurnished,2,2,11.0,1,4,Ready To Move,5.0,685400.0
PROP_10673,Lakeside Estates,Apartment,1154,2,3.0,Unfurnished,2,9,1.0,0,7,Ready To Move,4.0,631300.0
PROP_11250,Riverside District,Studio Apartment,491,1,1.0,Semi-Furnished,2,9,0.0,1,3,Ready To Move,5.0,339400.0
PROP_14104,Greenwood Heights,Luxury Villa,4993,5,5.0,Semi-Furnished,0,3,0.0,2,6,Ready To Move,4.0,3075800.0
PROP_10483,Lakeside Estates,Apartment,1281,2,2.0,Furnished,2,21,6.0,1,5,Ready To Move,2.0,704000.0
PROP_11585,Lakeside Estates,Independent House,4195,5,5.0,Furnished,1,3,8.0,1,8,Ready To Move,1.0,2142000.0
PROP_14248,Harbor Point,Independent House,2102,2,1.0,Furnished,0,2,1.0,2,7,Under Construction,2.0,1203600.0
PROP_15564,Greenwood Heights,Penthouse,4119,3,4.0,Furnished,1,26,0.0,1,5,Ready To Move,5.0,2543900.0
PROP_15803,Greenwood Heights,Independent House,2279,3,2.0,Furnished,2,3,2.0,1,4,Ready To Move,1.0,1112700.0
PROP_11463,Greenwood Heights,Apartment,1554,2,2.0,Furnished,2,21,19.0,2,1,Ready To Move,5.0,613600.0
PROP_13041,Downtown Central,Independent House,2932,4,4.0,Semi-Furnished,1,2,3.0,1,8,Ready To Move,1.0,1929900.0
PROP_14042,Lakeside Estates,Penthouse,4468,3,4.0,Semi-Furnished,1,26,40.0,3,5,Ready To Move,2.0,2329900.0
PROP_14635,Downtown Central,Apartment,979,1,1.0,Furnished,0,12,0.0,1,6,Ready To Move,4.0,603100.0
PROP_14827,Lakeside Estates,Independent House,2956,4,5.0,Semi-Furnished,1,2,5.0,0,7,Ready To Move,4.0,1701200.0
PROP_14627,Greenwood Heights,Apartment,1958,3,3.0,Unfurnished,2,12,9.0,1,4,Under Construction,3.0,792600.0
PROP_15998,Greenwood Heights,Apartment,1597,3,3.0,Furnished,1,6,14.0,0,5,Ready To Move,5.0,694800.0
PROP_13274,Riverside District,Independent House,3278,5,6.0,Semi-Furnished,1,1,12.0,1,5,Under Construction,5.0,1630000.0
PROP_13239,Oakridge Valley,Apartment,1676,3,2.0,Semi-Furnished,2,8,3.0,1,9,Under Construction,2.0,681000.0
PROP_13132,Lakeside Estates,Luxury Villa,5350,5,5.0,Unfurnished,0,3,28.0,2,5,Ready To Move,3.0,2924800.0
PROP_13684,Lakeside Estates,Studio Apartment,524,1,1.0,Furnished,1,7,3.0,1,3,Ready To Move,1.0,315800.0
PROP_12579,Sunset Park,Independent House,2474,3,2.0,Semi-Furnished,2,3,11.0,1,6,Ready To Move,3.0,1076900.0
PROP_14746,Greenwood Heights,Apartment,1712,3,4.0,Furnished,1,4,0.0,2,5,Ready To Move,3.0,857600.0
PROP_10050,Oakridge Valley,Apartment,1599,2,2.0,Semi-Furnished,1,4,6.0,2,6,Ready To Move,1.0,568100.0
PROP_15142,Midtown Corridor,Apartment,1355,2,1.0,Semi-Furnished,1,4,6.0,2,2,Ready To Move,4.0,724100.0
PROP_14231,Oakridge Valley,Apartment,1550,3,3.0,Unfurnished,1,18,12.0,2,4,Under Construction,3.0,575200.0
PROP_10859,Greenwood Heights,Studio Apartment,603,1,1.0,Semi-Furnished,1,2,0.0,2,8,Ready To Move,3.0,332800.0
PROP_13226,Silicon Hills,Apartment,1433,2,2.0,Furnished,0,6,3.0,2,6,Ready To Move,2.0,845900.0
PROP_11073,Riverside District,Independent House,2305,3,3.0,Semi-Furnished,3,3,8.0,0,9,Ready To Move,1.0,1154000.0
PROP_10720,Riverside District,Independent House,2564,4,4.0,Unfurnished,0,2,4.0,2,6,Ready To Move,4.0,1340100.0
PROP_12200,Lakeside Estates,Independent House,2306,4,4.0,Furnished,3,2,9.0,1,6,Under Construction,4.0,1311500.0
PROP_12632,Lakeside Estates,Independent House,2413,2,2.0,Furnished,1,3,3.0,1,1,Ready To Move,2.0,1304300.0
PROP_15873,Downtown Central,Apartment,1600,3,3.0,Unfurnished,2,11,6.0,1,9,Ready To Move,5.0,953900.0
PROP_11661,Westend Terrace,Apartment,1543,3,2.0,Unfurnished,1,11,10.0,1,7,Ready To Move,2.0,628900.0
PROP_11657,Harbor Point,Independent House,3145,3,3.0,Semi-Furnished,2,2,18.0,2,5,Ready To Move,4.0,1669200.0
PROP_12426,Lakeside Estates,Studio Apartment,562,1,1.0,Furnished,2,4,10.0,1,5,Ready To Move,4.0,353700.0
PROP_14565,Silicon Hills,Apartment,967,1,1.0,Furnished,2,13,1.0,2,4,Ready To Move,2.0,585800.0
PROP_15071,Midtown Corridor,Apartment,1168,1,2.0,Furnished,3,1,4.0,2,9,Ready To Move,5.0,663100.0
PROP_15991,Westend Terrace,Luxury Villa,4346,3,4.0,Unfurnished,3,2,2.0,1,8,Ready To Move,3.0,2515500.0
PROP_14419,Downtown Central,Penthouse,5249,4,5.0,Unfurnished,2,24,5.0,0,2,Ready To Move,1.0,3989300.0
PROP_13098,Lakeside Estates,Independent House,2923,4,4.0,Unfurnished,0,1,0.0,1,1,Ready To Move,4.0,1629200.0
PROP_13977,Midtown Corridor,Studio Apartment,611,1,1.0,Semi-Furnished,2,9,25.0,2,3,Under Construction,3.0,275000.0
PROP_15387,Oakridge Valley,Penthouse,4802,3,4.0,Furnished,1,18,5.0,2,6,Ready To Move,3.0,2532400.0
PROP_15902,Silicon Hills,Apartment,1846,3,3.0,Semi-Furnished,1,23,0.0,1,7,Under Construction,4.0,1104100.0
PROP_15719,Lakeside Estates,Luxury Villa,5773,5,6.0,Furnished,2,3,1.0,2,3,Under Construction,4.0,3423900.0
PROP_13190,Greenwood Heights,Penthouse,3368,3,4.0,Furnished,1,32,7.0,1,3,Under Construction,1.0,1804100.0
PROP_13990,Lakeside Estates,Independent House,2426,3,3.0,Unfurnished,2,2,15.0,1,3,Ready To Move,4.0,1261500.0
PROP_12935,Downtown Central,Apartment,1621,3,3.0,Unfurnished,1,22,14.0,0,4,Ready To Move,2.0,905800.0
PROP_14957,Midtown Corridor,Apartment,1063,2,1.0,Unfurnished,1,15,8.0,1,6,Ready To Move,1.0,501200.0
PROP_14272,Harbor Point,Luxury Villa,5007,5,6.0,Furnished,1,2,2.0,1,5,Ready To Move,1.0,3313900.0
PROP_12607,Silicon Hills,Independent House,2865,4,4.0,Unfurnished,1,3,5.0,0,4,Ready To Move,1.0,1700300.0
PROP_11386,Riverside District,Luxury Villa,5391,5,5.0,Unfurnished,1,2,7.0,3,2,Ready To Move,1.0,3491600.0
PROP_14769,Downtown Central,Independent House,2630,4,5.0,Furnished,3,1,0.0,0,6,Ready To Move,4.0,1757700.0
PROP_11400,Greenwood Heights,Apartment,888,1,1.0,Semi-Furnished,2,5,25.0,2,7,Ready To Move,3.0,381800.0
PROP_11196,Sunset Park,Independent House,2356,3,3.0,Unfurnished,1,2,25.0,2,6,Ready To Move,3.0,869700.0
PROP_11409,Greenwood Heights,Apartment,1201,2,2.0,Semi-Furnished,1,11,9.0,2,6,Ready To Move,3.0,524800.0
PROP_11846,Downtown Central,Apartment,1465,2,2.0,Unfurnished,3,19,3.0,3,7,Ready To Move,2.0,923500.0
PROP_11799,Midtown Corridor,Studio Apartment,538,1,1.0,Furnished,2,3,14.0,3,2,Ready To Move,5.0,318200.0
PROP_13958,Lakeside Estates,Apartment,1729,3,3.0,Furnished,2,7,2.0,2,9,Ready To Move,4.0,1039700.0
PROP_11476,Greenwood Heights,Independent House,2266,3,2.0,Semi-Furnished,1,3,5.0,2,4,Ready To Move,3.0,926000.0
PROP_10036,Lakeside Estates,Apartment,1149,2,2.0,Semi-Furnished,0,7,7.0,1,2,Ready To Move,5.0,571000.0
PROP_10445,Oakridge Valley,Luxury Villa,6353,6,6.0,Semi-Furnished,0,3,4.0,1,6,Ready To Move,4.0,2773000.0
PROP_12360,Silicon Hills,Independent House,2923,4,4.0,Furnished,1,2,5.0,3,7,Ready To Move,3.0,1803000.0
PROP_13655,Riverside District,Studio Apartment,634,1,1.0,Furnished,2,14,3.0,2,8,Under Construction,5.0,393500.0
PROP_13180,Harbor Point,Luxury Villa,5709,5,5.0,Unfurnished,1,4,2.0,2,6,Ready To Move,5.0,4149800.0
PROP_11287,Midtown Corridor,Luxury Villa,5052,4,5.0,Unfurnished,1,2,20.0,1,7,Under Construction,5.0,2445200.0
PROP_14669,Oakridge Valley,Independent House,3022,3,3.0,Semi-Furnished,2,2,7.0,1,4,Ready To Move,2.0,1226500.0
PROP_13417,Midtown Corridor,Independent House,2190,3,2.0,Unfurnished,1,2,19.0,1,3,Ready To Move,3.0,1080100.0
PROP_12138,Downtown Central,Luxury Villa,3969,5,5.0,Semi-Furnished,1,3,21.0,2,3,Ready To Move,5.0,2265200.0
PROP_12637,Westend Terrace,Apartment,1471,2,2.0,Furnished,2,16,2.0,2,9,Ready To Move,5.0,768200.0
PROP_14017,Harbor Point,Independent House,2567,3,3.0,Furnished,2,3,4.0,0,9,Under Construction,1.0,1683400.0
PROP_15820,Downtown Central,Apartment,1378,2,2.0,Semi-Furnished,2,9,8.0,2,7,Ready To Move,5.0,766700.0
PROP_11682,Harbor Point,Independent House,2607,4,3.0,Unfurnished,2,1,18.0,0,10,Ready To Move,3.0,1421600.0
PROP_14375,Riverside District,Apartment,540,1,2.0,Unfurnished,2,7,0.0,0,2,Ready To Move,3.0,313600.0
PROP_11693,Oakridge Valley,Apartment,904,2,1.0,Semi-Furnished,2,20,0.0,2,9,Ready To Move,1.0,408300.0
PROP_14439,Oakridge Valley,Independent House,2937,3,4.0,Semi-Furnished,2,1,5.0,1,7,Ready To Move,4.0,1242800.0
PROP_14793,Sunset Park,Luxury Villa,4458,5,5.0,Semi-Furnished,1,3,0.0,0,2,Under Construction,1.0,2378000.0
PROP_13636,Riverside District,Apartment,1445,2,2.0,Unfurnished,2,4,2.0,1,6,Ready To Move,2.0,769300.0
PROP_10373,Riverside District,Apartment,1905,3,3.0,Semi-Furnished,1,22,3.0,2,6,Ready To Move,5.0,916600.0
PROP_14621,Oakridge Valley,Studio Apartment,568,1,1.0,Unfurnished,1,9,1.0,1,7,Ready To Move,3.0,251900.0
PROP_10141,Westend Terrace,Apartment,914,1,2.0,Furnished,1,1,17.0,1,9,Ready To Move,1.0,418400.0
PROP_15611,Sunset Park,Luxury Villa,4383,4,5.0,Furnished,2,3,9.0,1,6,Ready To Move,2.0,2274900.0
PROP_10715,Midtown Corridor,Apartment,1449,2,2.0,Furnished,1,23,3.0,2,8,Ready To Move,5.0,819000.0
PROP_13189,Oakridge Valley,Luxury Villa,5579,6,6.0,Furnished,1,2,3.0,2,5,Under Construction,5.0,2696700.0
PROP_15689,Riverside District,Independent House,2311,3,3.0,Unfurnished,1,3,19.0,1,5,Under Construction,3.0,1040500.0
PROP_14726,Harbor Point,Independent House,2371,3,2.0,Unfurnished,1,3,10.0,2,5,Ready To Move,1.0,1416500.0
PROP_10407,Greenwood Heights,Luxury Villa,5040,5,5.0,Furnished,3,4,5.0,0,5,Ready To Move,5.0,2744500.0
PROP_10021,Lakeside Estates,Apartment,1008,2,3.0,Furnished,1,21,3.0,1,7,Ready To Move,2.0,596400.0
PROP_11005,Lakeside Estates,Apartment,1552,3,2.0,Semi-Furnished,3,16,4.0,1,7,Ready To Move,4.0,855100.0
PROP_12412,Midtown Corridor,Apartment,2249,4,4.0,Semi-Furnished,1,16,2.0,1,5,Ready To Move,2.0,1160000.0
PROP_12546,Sunset Park,Apartment,1011,1,1.0,Semi-Furnished,3,7,7.0,0,3,Under Construction,3.0,409700.0
PROP_12391,Sunset Park,Independent House,3542,5,4.0,Semi-Furnished,1,2,21.0,2,3,Under Construction,3.0,1268100.0
PROP_14835,Downtown Central,Apartment,906,1,2.0,Furnished,1,22,0.0,1,4,Ready To Move,4.0,530400.0
PROP_10043,Westend Terrace,Apartment,1220,2,2.0,Semi-Furnished,2,20,30.0,1,5,Ready To Move,3.0,464300.0
PROP_12831,Silicon Hills,Independent House,2534,4,3.0,Semi-Furnished,1,3,3.0,2,7,Ready To Move,4.0,1701900.0
PROP_13372,Oakridge Valley,Luxury Villa,4587,4,4.0,Semi-Furnished,0,3,5.0,2,5,Ready To Move,4.0,1892400.0
PROP_13023,Riverside District,Apartment,1999,4,3.0,Semi-Furnished,1,16,8.0,1,2,Ready To Move,4.0,957500.0
PROP_13365,Harbor Point,Apartment,1309,3,2.0,Furnished,1,10,11.0,1,4,Ready To Move,3.0,731700.0
PROP_10012,Oakridge Valley,Penthouse,4994,4,6.0,Furnished,0,34,3.0,1,6,Ready To Move,3.0,2601100.0
PROP_11178,Oakridge Valley,Apartment,1484,2,3.0,Semi-Furnished,1,17,6.0,1,2,Under Construction,4.0,546700.0
PROP_11948,Harbor Point,Apartment,656,1,2.0,Semi-Furnished,2,2,6.0,1,9,Ready To Move,4.0,489800.0
PROP_12502,Riverside District,Apartment,2059,4,4.0,Furnished,1,23,0.0,2,6,Ready To Move,1.0,1055200.0
PROP_12864,Harbor Point,Independent House,2208,3,3.0,Furnished,0,1,10.0,1,8,Ready To Move,5.0,1355400.0
PROP_13866,Greenwood Heights,Independent House,3270,4,3.0,Furnished,1,3,24.0,0,4,Ready To Move,5.0,1208800.0
PROP_11027,Downtown Central,Independent House,2511,4,4.0,Semi-Furnished,1,2,10.0,0,8,Ready To Move,2.0,1388200.0
PROP_13849,Oakridge Valley,Luxury Villa,4877,4,5.0,Semi-Furnished,3,2,14.0,1,6,Ready To Move,2.0,2165700.0
PROP_12990,Downtown Central,Independent House,2830,4,3.0,Unfurnished,2,3,6.0,2,5,Ready To Move,3.0,1773300.0
PROP_10962,Downtown Central,Studio Apartment,712,1,1.0,Furnished,1,10,3.0,2,6,Ready To Move,1.0,428500.0
PROP_12890,Sunset Park,Penthouse,5352,5,6.0,Furnished,1,29,7.0,1,4,Ready To Move,3.0,2949300.0
PROP_13016,Greenwood Heights,Independent House,2714,4,4.0,Semi-Furnished,1,3,7.0,2,4,Under Construction,2.0,1248100.0
PROP_13339,Lakeside Estates,Independent House,2100,3,3.0,Furnished,1,2,0.0,2,7,Ready To Move,1.0,1262900.0
PROP_14245,Harbor Point,Independent House,2714,4,4.0,Semi-Furnished,3,1,0.0,3,3,Ready To Move,1.0,1772800.0
PROP_10736,Midtown Corridor,Apartment,1174,1,1.0,Unfurnished,2,2,1.0,1,3,Ready To Move,4.0,619300.0
PROP_11441,Oakridge Valley,Studio Apartment,492,1,1.0,Semi-Furnished,1,17,1.0,2,5,Under Construction,3.0,232600.0
PROP_12876,Harbor Point,Independent House,2777,4,3.0,Furnished,2,1,0.0,1,3,Ready To Move,2.0,1782800.0
PROP_13987,Downtown Central,Independent House,2718,3,3.0,Furnished,1,1,4.0,1,7,Ready To Move,3.0,1592100.0
PROP_10917,Greenwood Heights,Apartment,1430,2,3.0,Unfurnished,2,9,26.0,2,1,Ready To Move,2.0,497200.0
PROP_15019,Midtown Corridor,Apartment,1431,2,1.0,Unfurnished,1,10,8.0,1,1,Ready To Move,4.0,657000.0
PROP_14090,Downtown Central,Apartment,1321,2,2.0,Unfurnished,1,24,11.0,2,7,Ready To Move,3.0,662900.0
PROP_15562,Harbor Point,Penthouse,4737,4,5.0,Furnished,1,34,20.0,1,7,Ready To Move,2.0,2924000.0
PROP_14702,Downtown Central,Luxury Villa,4744,3,4.0,Furnished,1,2,0.0,0,3,Under Construction,3.0,2940200.0
PROP_12773,Downtown Central,Apartment,1488,2,2.0,Semi-Furnished,3,5,11.0,2,7,Ready To Move,5.0,832200.0
PROP_11625,Midtown Corridor,Apartment,2084,4,3.0,Unfurnished,1,7,5.0,1,2,Ready To Move,4.0,918300.0
PROP_14771,Greenwood Heights,Apartment,1249,2,2.0,Furnished,1,11,21.0,2,7,Ready To Move,5.0,532600.0
PROP_10822,Sunset Park,Studio Apartment,526,1,1.0,Unfurnished,1,7,5.0,1,7,Ready To Move,4.0,287600.0
PROP_11368,Sunset Park,Studio Apartment,456,1,1.0,Furnished,0,13,25.0,0,7,Ready To Move,4.0,207500.0
PROP_13713,Westend Terrace,Luxury Villa,5929,6,7.0,Furnished,2,4,2.0,2,10,Ready To Move,5.0,3742600.0
PROP_15411,Harbor Point,Studio Apartment,707,1,1.0,Semi-Furnished,2,1,8.0,2,5,Under Construction,3.0,423100.0
PROP_10851,Silicon Hills,Luxury Villa,4288,4,4.0,Semi-Furnished,2,2,1.0,1,6,Ready To Move,5.0,3079400.0
PROP_11001,Downtown Central,Apartment,2004,4,4.0,Furnished,2,5,2.0,1,8,Ready To Move,1.0,1326800.0
PROP_14474,Westend Terrace,Apartment,1334,2,2.0,Furnished,1,15,0.0,2,4,Under Construction,2.0,677600.0
PROP_14115,Westend Terrace,Apartment,1575,2,1.0,Furnished,1,6,0.0,3,4,Ready To Move,4.0,736600.0
PROP_11638,Sunset Park,Apartment,1087,1,1.0,Semi-Furnished,1,13,2.0,1,10,Ready To Move,5.0,515600.0
PROP_11668,Midtown Corridor,Apartment,1009,2,1.0,Furnished,0,7,10.0,3,2,Ready To Move,3.0,534500.0
PROP_13174,Greenwood Heights,Studio Apartment,532,1,1.0,Semi-Furnished,2,14,7.0,1,5,Ready To Move,1.0,281600.0
PROP_14577,Silicon Hills,Independent House,2654,3,3.0,Semi-Furnished,1,2,7.0,1,5,Ready To Move,3.0,1586700.0
PROP_11348,Midtown Corridor,Independent House,2152,3,4.0,Semi-Furnished,1,2,1.0,0,4,Ready To Move,4.0,1222800.0
PROP_14699,Lakeside Estates,Studio Apartment,549,1,1.0,Furnished,1,8,2.0,2,5,Ready To Move,2.0,362600.0
PROP_13231,Downtown Central,Apartment,1135,2,2.0,Semi-Furnished,1,2,1.0,3,3,Under Construction,5.0,641000.0
PROP_14225,Lakeside Estates,Independent House,1896,2,2.0,Unfurnished,1,2,40.0,2,9,Ready To Move,1.0,797600.0
PROP_14623,Harbor Point,Independent House,2852,3,3.0,Unfurnished,1,3,13.0,2,6,Under Construction,5.0,1474700.0
PROP_13233,Silicon Hills,Apartment,1158,2,2.0,Unfurnished,3,17,8.0,1,9,Ready To Move,3.0,694300.0
PROP_14918,Harbor Point,Apartment,1169,2,2.0,Semi-Furnished,3,3,24.0,2,2,Ready To Move,5.0,598700.0
PROP_10704,Harbor Point,Independent House,2973,4,3.0,Semi-Furnished,0,3,2.0,2,4,Ready To Move,3.0,1703200.0
PROP_14798,Downtown Central,Apartment,1296,2,1.0,Unfurnished,1,7,2.0,1,3,Ready To Move,2.0,680100.0
PROP_13292,Westend Terrace,Apartment,1324,2,2.0,Furnished,2,4,12.0,2,1,Ready To Move,5.0,606800.0
PROP_13674,Sunset Park,Apartment,1092,2,1.0,Semi-Furnished,1,1,14.0,2,5,Under Construction,2.0,464500.0
PROP_12409,Sunset Park,Apartment,1346,2,1.0,Semi-Furnished,0,7,4.0,0,5,Ready To Move,5.0,549800.0
PROP_11328,Westend Terrace,Apartment,1444,3,3.0,Furnished,2,18,1.0,1,4,Ready To Move,1.0,675000.0
PROP_15607,Lakeside Estates,Apartment,1442,3,3.0,Semi-Furnished,2,7,3.0,0,8,Ready To Move,4.0,863800.0
PROP_14928,Silicon Hills,Apartment,1300,2,2.0,Semi-Furnished,2,5,5.0,0,7,Ready To Move,2.0,885500.0
PROP_15322,Riverside District,Apartment,1127,2,1.0,Unfurnished,1,14,3.0,1,3,Ready To Move,3.0,600800.0
PROP_10987,Westend Terrace,Apartment,1388,2,1.0,Semi-Furnished,1,12,1.0,2,3,Ready To Move,5.0,690800.0
PROP_15461,Oakridge Valley,Independent House,2947,4,3.0,Unfurnished,1,1,6.0,2,6,Ready To Move,5.0,1135900.0
PROP_15813,Westend Terrace,Apartment,1898,3,3.0,Semi-Furnished,3,19,10.0,1,8,Under Construction,5.0,800900.0
PROP_15445,Lakeside Estates,Apartment,1190,1,1.0,Semi-Furnished,1,12,6.0,1,8,Ready To Move,3.0,658300.0
PROP_14050,Riverside District,Apartment,1359,3,3.0,Unfurnished,2,5,7.0,1,10,Ready To Move,1.0,710300.0
PROP_13486,Oakridge Valley,Penthouse,5787,5,6.0,Unfurnished,1,25,21.0,1,4,Under Construction,4.0,2398600.0
PROP_12475,Downtown Central,Apartment,1111,2,1.0,Semi-Furnished,1,18,9.0,3,6,Ready To Move,5.0,664700.0
PROP_13874,Harbor Point,Apartment,1207,2,2.0,Semi-Furnished,1,11,17.0,0,7,Ready To Move,1.0,670100.0
PROP_11199,Downtown Central,Independent House,2522,3,3.0,Semi-Furnished,1,1,6.0,2,7,Ready To Move,1.0,1459000.0
PROP_14182,Harbor Point,Independent House,3229,5,6.0,Furnished,0,3,0.0,0,3,Under Construction,1.0,1855000.0
PROP_11519,Greenwood Heights,Independent House,2940,5,5.0,Furnished,2,2,2.0,2,4,Ready To Move,4.0,1378200.0
PROP_11800,Oakridge Valley,Independent House,2351,3,2.0,Furnished,0,2,10.0,1,5,Ready To Move,3.0,907900.0
PROP_11015,Oakridge Valley,Apartment,1044,1,1.0,Furnished,2,13,3.0,1,5,Ready To Move,3.0,476200.0
PROP_10129,Midtown Corridor,Luxury Villa,4563,4,4.0,Furnished,1,3,0.0,1,7,Ready To Move,4.0,3085200.0
PROP_11365,Riverside District,Apartment,1387,2,2.0,Semi-Furnished,1,14,6.0,1,8,Ready To Move,4.0,739300.0
PROP_15086,Riverside District,Independent House,2110,3,3.0,Unfurnished,3,2,2.0,1,7,Under Construction,2.0,1127700.0
PROP_10892,Riverside District,Apartment,1453,3,2.0,Semi-Furnished,0,12,19.0,0,3,Ready To Move,2.0,584500.0
PROP_12794,Oakridge Valley,Penthouse,4956,5,6.0,Unfurnished,1,18,0.0,0,6,Under Construction,3.0,2234000.0
PROP_15050,Westend Terrace,Independent House,2227,3,4.0,Furnished,1,3,3.0,1,5,Ready To Move,1.0,1111200.0
PROP_15738,Riverside District,Apartment,1100,2,3.0,Furnished,1,24,2.0,1,4,Ready To Move,4.0,634000.0
PROP_15158,Oakridge Valley,Luxury Villa,4557,4,5.0,Semi-Furnished,2,3,9.0,2,4,Ready To Move,3.0,2230400.0
PROP_13250,Midtown Corridor,Apartment,1524,2,2.0,Semi-Furnished,1,13,9.0,1,6,Ready To Move,3.0,782600.0
PROP_11209,Sunset Park,Independent House,2676,3,3.0,Semi-Furnished,1,3,16.0,1,6,Under Construction,3.0,1022200.0
PROP_13869,Sunset Park,Apartment,1579,2,2.0,Furnished,1,10,5.0,1,7,Ready To Move,3.0,719000.0
PROP_14066,Harbor Point,Independent House,2952,4,3.0,Semi-Furnished,2,2,10.0,1,3,Ready To Move,4.0,1687000.0
PROP_15588,Silicon Hills,Studio Apartment,666,1,1.0,Semi-Furnished,1,8,13.0,1,6,Ready To Move,4.0,393500.0
PROP_11240,Harbor Point,Penthouse,5688,5,6.0,Semi-Furnished,3,22,6.0,1,7,Ready To Move,5.0,4307400.0
PROP_12290,Greenwood Heights,Apartment,1678,2,2.0,Semi-Furnished,1,3,2.0,2,3,Ready To Move,5.0,814300.0
PROP_12741,Midtown Corridor,Apartment,1663,3,2.0,Semi-Furnished,1,10,8.0,1,2,Ready To Move,1.0,839200.0
PROP_10276,Downtown Central,Independent House,2092,2,3.0,Furnished,2,3,2.0,0,2,Ready To Move,2.0,1310200.0
PROP_11036,Westend Terrace,Independent House,2806,4,3.0,Furnished,2,2,20.0,1,2,Ready To Move,3.0,1177300.0
PROP_11230,Oakridge Valley,Apartment,1333,2,2.0,Furnished,1,9,0.0,2,3,Ready To Move,5.0,649200.0
PROP_11009,Westend Terrace,Independent House,3337,5,5.0,Furnished,1,1,0.0,0,4,Ready To Move,4.0,1707000.0
PROP_13829,Harbor Point,Apartment,1312,2,3.0,Semi-Furnished,1,23,23.0,2,9,Ready To Move,2.0,673100.0
PROP_12533,Midtown Corridor,Studio Apartment,712,1,1.0,Semi-Furnished,1,16,33.0,3,6,Ready To Move,2.0,334000.0
PROP_11059,Lakeside Estates,Apartment,1165,2,2.0,Semi-Furnished,3,14,9.0,2,4,Ready To Move,1.0,644900.0
PROP_14467,Oakridge Valley,Apartment,839,1,1.0,Furnished,1,3,1.0,2,6,Ready To Move,2.0,387700.0
PROP_10282,Harbor Point,Apartment,1359,2,1.0,Semi-Furnished,3,21,9.0,2,3,Ready To Move,5.0,809200.0
PROP_11044,Sunset Park,Apartment,1350,2,2.0,Furnished,1,21,1.0,2,7,Ready To Move,3.0,595700.0
PROP_11317,Greenwood Heights,Independent House,2516,4,3.0,Furnished,0,2,8.0,2,6,Under Construction,5.0,1109900.0
PROP_10969,Westend Terrace,Apartment,1282,2,1.0,Furnished,3,6,4.0,2,7,Ready To Move,3.0,675100.0
PROP_12382,Downtown Central,Apartment,930,2,2.0,Furnished,3,23,0.0,0,5,Under Construction,4.0,590500.0
PROP_14804,Downtown Central,Apartment,1853,4,4.0,Furnished,3,20,6.0,1,7,Ready To Move,4.0,1088600.0
PROP_11940,Harbor Point,Studio Apartment,541,1,1.0,Semi-Furnished,1,10,6.0,0,5,Ready To Move,5.0,330800.0
PROP_14315,Lakeside Estates,Apartment,1067,1,1.0,Semi-Furnished,0,18,10.0,1,10,Ready To Move,2.0,594500.0
PROP_11275,Lakeside Estates,Apartment,1439,2,1.0,Semi-Furnished,1,4,2.0,2,4,Ready To Move,5.0,829600.0
PROP_10620,Sunset Park,Apartment,1205,2,1.0,Semi-Furnished,1,15,9.0,2,6,Ready To Move,1.0,499600.0
PROP_14369,Riverside District,Apartment,1033,1,1.0,Semi-Furnished,0,14,7.0,1,7,Under Construction,1.0,467000.0
PROP_11743,Lakeside Estates,Studio Apartment,560,1,1.0,Semi-Furnished,0,8,2.0,1,6,Ready To Move,3.0,335800.0
PROP_11391,Lakeside Estates,Independent House,2017,3,2.0,Furnished,1,1,4.0,1,7,Ready To Move,1.0,1134700.0
PROP_14897,Oakridge Valley,Apartment,1505,1,2.0,Semi-Furnished,1,11,11.0,2,10,Under Construction,3.0,531900.0
PROP_11580,Harbor Point,Penthouse,4990,5,7.0,Semi-Furnished,2,29,11.0,1,6,Ready To Move,5.0,3515500.0
PROP_11656,Silicon Hills,Apartment,1213,2,2.0,Semi-Furnished,1,14,3.0,1,5,Ready To Move,2.0,786900.0
PROP_13569,Harbor Point,Independent House,2961,4,3.0,Unfurnished,1,3,0.0,0,10,Ready To Move,5.0,1767600.0
PROP_12353,Midtown Corridor,Studio Apartment,574,1,1.0,Semi-Furnished,3,17,1.0,2,2,Ready To Move,4.0,344300.0
PROP_12213,Downtown Central,Apartment,814,1,1.0,Furnished,3,5,2.0,2,4,Ready To Move,1.0,496300.0
PROP_15989,Silicon Hills,Luxury Villa,4367,5,6.0,Furnished,2,2,4.0,3,3,Ready To Move,5.0,3105300.0
PROP_13179,Silicon Hills,Luxury Villa,3955,3,4.0,Furnished,1,2,1.0,1,5,Ready To Move,2.0,3079900.0
PROP_13193,Greenwood Heights,Apartment,877,2,1.0,Semi-Furnished,2,21,2.0,2,10,Ready To Move,3.0,466200.0
PROP_11308,Midtown Corridor,Apartment,1305,2,1.0,Semi-Furnished,1,14,40.0,0,6,Ready To Move,3.0,439400.0
PROP_10576,Midtown Corridor,Luxury Villa,4627,5,6.0,Furnished,1,3,8.0,1,5,Ready To Move,2.0,3099500.0
PROP_12361,Lakeside Estates,Luxury Villa,5770,5,6.0,Semi-Furnished,0,2,7.0,1,4,Ready To Move,3.0,3542700.0
PROP_11281,Downtown Central,Apartment,1341,2,2.0,Semi-Furnished,2,16,19.0,2,3,Under Construction,2.0,576900.0
PROP_15697,Greenwood Heights,Independent House,2366,3,2.0,Unfurnished,0,1,27.0,1,7,Ready To Move,2.0,895700.0
PROP_14978,Westend Terrace,Studio Apartment,532,1,1.0,Furnished,3,10,8.0,1,7,Ready To Move,1.0,323500.0
PROP_11994,Sunset Park,Apartment,1251,1,1.0,Furnished,1,3,2.0,2,8,Ready To Move,3.0,628200.0
PROP_12640,Silicon Hills,Apartment,1345,2,3.0,Semi-Furnished,1,5,5.0,1,5,Ready To Move,1.0,805900.0
PROP_10270,Lakeside Estates,Apartment,1380,2,2.0,Semi-Furnished,1,10,0.0,0,7,Ready To Move,1.0,725600.0
PROP_10630,Silicon Hills,Luxury Villa,4602,5,6.0,Unfurnished,0,3,3.0,1,4,Ready To Move,1.0,4013900.0
PROP_14459,Oakridge Valley,Luxury Villa,3693,3,4.0,Furnished,2,2,10.0,1,4,Ready To Move,3.0,1781400.0
PROP_13082,Riverside District,Independent House,2184,3,3.0,Unfurnished,0,2,6.0,2,4,Under Construction,3.0,1049000.0
PROP_13467,Harbor Point,Independent House,2636,3,3.0,Unfurnished,2,3,2.0,2,4,Ready To Move,1.0,1617300.0
PROP_15251,Westend Terrace,Luxury Villa,4853,5,6.0,Semi-Furnished,2,2,1.0,1,4,Under Construction,5.0,2759400.0
PROP_14024,Lakeside Estates,Apartment,1198,2,1.0,Unfurnished,1,12,8.0,1,4,Ready To Move,3.0,636000.0
PROP_12047,Silicon Hills,Apartment,1420,2,1.0,Furnished,0,10,5.0,1,7,Ready To Move,1.0,814600.0
PROP_14727,Lakeside Estates,Penthouse,3833,3,4.0,Semi-Furnished,2,28,0.0,1,5,Ready To Move,2.0,2936100.0
PROP_12114,Silicon Hills,Apartment,1418,2,2.0,Semi-Furnished,2,5,1.0,2,7,Ready To Move,2.0,820300.0
PROP_10028,Greenwood Heights,Apartment,1012,1,1.0,Semi-Furnished,1,24,29.0,1,3,Ready To Move,1.0,363500.0
PROP_12041,Silicon Hills,Studio Apartment,585,1,1.0,Semi-Furnished,1,14,3.0,1,8,Ready To Move,1.0,421500.0
PROP_13929,Harbor Point,Apartment,1130,1,1.0,Semi-Furnished,2,23,0.0,2,6,Under Construction,4.0,647700.0
PROP_15442,Harbor Point,Apartment,1322,2,2.0,Semi-Furnished,2,23,7.0,2,7,Ready To Move,1.0,748100.0
PROP_13217,Oakridge Valley,Independent House,1838,2,2.0,Semi-Furnished,0,1,23.0,1,3,Ready To Move,5.0,687400.0
PROP_13815,Lakeside Estates,Apartment,1273,2,2.0,Unfurnished,1,19,4.0,1,5,Under Construction,5.0,664900.0
PROP_10130,Midtown Corridor,Studio Apartment,505,1,1.0,Furnished,1,19,10.0,2,2,Under Construction,3.0,290000.0
PROP_14462,Silicon Hills,Independent House,2896,4,4.0,Semi-Furnished,2,1,4.0,1,7,Ready To Move,2.0,1974200.0
PROP_15913,Riverside District,Studio Apartment,558,1,1.0,Unfurnished,1,10,2.0,1,3,Ready To Move,5.0,315400.0
PROP_10014,Greenwood Heights,Independent House,2862,4,4.0,Semi-Furnished,2,3,1.0,1,7,Ready To Move,5.0,1483000.0
PROP_15159,Sunset Park,Independent House,2784,5,4.0,Semi-Furnished,1,1,2.0,1,5,Ready To Move,1.0,1315300.0
PROP_11526,Midtown Corridor,Apartment,1379,3,2.0,Semi-Furnished,0,13,14.0,2,9,Under Construction,2.0,609100.0
PROP_12366,Oakridge Valley,Apartment,1360,2,2.0,Unfurnished,1,22,13.0,1,6,Under Construction,4.0,468200.0
PROP_13053,Silicon Hills,Luxury Villa,4747,4,4.0,Semi-Furnished,2,4,2.0,1,3,Under Construction,3.0,3612100.0
PROP_14006,Westend Terrace,Penthouse,4925,4,5.0,Semi-Furnished,1,31,1.0,2,4,Ready To Move,2.0,2802600.0
PROP_12341,Lakeside Estates,Studio Apartment,531,1,1.0,Unfurnished,2,5,3.0,1,6,Ready To Move,5.0,327300.0
PROP_10375,Midtown Corridor,Apartment,1763,4,4.0,Unfurnished,1,20,0.0,1,5,Ready To Move,2.0,915900.0
PROP_14387,Westend Terrace,Luxury Villa,4610,3,4.0,Furnished,3,3,3.0,1,2,Ready To Move,5.0,2629000.0
PROP_15169,Lakeside Estates,Luxury Villa,5202,5,6.0,Semi-Furnished,2,3,3.0,2,3,Ready To Move,2.0,3542200.0
PROP_10940,Midtown Corridor,Independent House,3103,4,4.0,Semi-Furnished,2,2,2.0,0,7,Under Construction,3.0,1600600.0
PROP_15767,Midtown Corridor,Penthouse,4220,3,4.0,Unfurnished,2,34,0.0,1,6,Ready To Move,3.0,2981900.0
PROP_12148,Oakridge Valley,Apartment,1676,3,3.0,Furnished,2,12,4.0,1,9,Ready To Move,4.0,753300.0
PROP_13592,Midtown Corridor,Apartment,1434,3,2.0,Furnished,1,12,5.0,1,5,Ready To Move,1.0,719900.0
PROP_15926,Oakridge Valley,Apartment,1421,2,2.0,Furnished,2,22,5.0,0,3,Ready To Move,3.0,606100.0
PROP_15058,Greenwood Heights,Independent House,1928,2,1.0,Semi-Furnished,1,1,13.0,0,7,Ready To Move,4.0,863300.0
PROP_13624,Lakeside Estates,Apartment,1375,2,2.0,Unfurnished,1,19,5.0,1,9,Ready To Move,1.0,749100.0
PROP_10530,Westend Terrace,Independent House,2552,4,5.0,Semi-Furnished,0,2,2.0,1,10,Ready To Move,4.0,1288200.0
PROP_13715,Silicon Hills,Apartment,1181,2,2.0,Semi-Furnished,2,13,5.0,0,5,Ready To Move,5.0,741700.0
PROP_11270,Lakeside Estates,Apartment,878,2,1.0,Semi-Furnished,1,2,10.0,2,6,Ready To Move,5.0,479300.0
PROP_14282,Oakridge Valley,Independent House,2052,3,3.0,Furnished,1,2,4.0,1,7,Ready To Move,1.0,863900.0
PROP_11395,Sunset Park,Independent House,2591,3,2.0,Furnished,2,2,8.0,2,6,Ready To Move,5.0,1036100.0
PROP_14010,Midtown Corridor,Apartment,1225,2,2.0,Furnished,1,16,6.0,2,4,Ready To Move,2.0,677200.0
PROP_11798,Sunset Park,Apartment,1381,2,1.0,Semi-Furnished,2,7,1.0,1,8,Ready To Move,3.0,664200.0
PROP_12980,Midtown Corridor,Independent House,2567,4,4.0,Unfurnished,1,1,0.0,2,4,Ready To Move,1.0,1352200.0
PROP_11442,Harbor Point,Apartment,1537,3,3.0,Semi-Furnished,2,13,8.0,1,4,Ready To Move,3.0,859800.0
PROP_15748,Greenwood Heights,Penthouse,4693,3,4.0,Semi-Furnished,3,25,7.0,0,4,Ready To Move,1.0,2452100.0
PROP_15874,Westend Terrace,Apartment,1319,2,2.0,Semi-Furnished,2,5,3.0,2,10,Ready To Move,2.0,623700.0
PROP_13812,Oakridge Valley,Studio Apartment,599,1,1.0,Furnished,1,12,11.0,1,5,Ready To Move,1.0,304900.0
PROP_11274,Greenwood Heights,Independent House,2366,2,3.0,Unfurnished,1,3,4.0,0,3,Under Construction,1.0,1059600.0
PROP_11713,Greenwood Heights,Penthouse,3831,3,4.0,Furnished,2,25,9.0,0,8,Under Construction,5.0,2076200.0
PROP_10956,Downtown Central,Apartment,1303,2,1.0,Semi-Furnished,1,11,5.0,2,3,Under Construction,5.0,742300.0
PROP_14457,Harbor Point,Apartment,1723,2,2.0,Semi-Furnished,2,20,8.0,3,3,Ready To Move,1.0,870900.0
PROP_14811,Greenwood Heights,Independent House,3331,4,3.0,Furnished,1,2,9.0,2,2,Ready To Move,5.0,1654800.0
PROP_15320,Lakeside Estates,Luxury Villa,4438,5,5.0,Semi-Furnished,0,2,0.0,2,6,Ready To Move,1.0,2838900.0
PROP_10404,Lakeside Estates,Luxury Villa,4479,5,5.0,Furnished,2,3,3.0,2,6,Under Construction,5.0,2915500.0
PROP_12072,Downtown Central,Apartment,1491,2,3.0,Furnished,1,18,2.0,0,7,Ready To Move,2.0,842800.0
PROP_15724,Midtown Corridor,Apartment,1403,2,3.0,Furnished,1,16,7.0,1,3,Ready To Move,4.0,770800.0
PROP_11978,Silicon Hills,Independent House,2953,3,2.0,Unfurnished,1,2,1.0,3,5,Ready To Move,4.0,1919800.0
PROP_10159,Westend Terrace,Apartment,1480,2,2.0,Furnished,3,8,1.0,2,6,Ready To Move,4.0,829400.0
PROP_13889,Silicon Hills,Apartment,1897,4,4.0,Unfurnished,1,21,9.0,1,3,Ready To Move,3.0,1029300.0
PROP_10903,Lakeside Estates,Independent House,3410,4,3.0,Unfurnished,1,2,3.0,1,7,Ready To Move,3.0,2101800.0
PROP_10353,Greenwood Heights,Studio Apartment,537,1,1.0,Unfurnished,1,1,1.0,2,1,Ready To Move,4.0,249600.0
PROP_14131,Westend Terrace,Apartment,834,1,1.0,Semi-Furnished,2,13,11.0,2,5,Ready To Move,4.0,436200.0
PROP_10755,Lakeside Estates,Penthouse,4047,3,4.0,Unfurnished,1,18,10.0,0,6,Ready To Move,1.0,2676200.0
PROP_12972,Silicon Hills,Luxury Villa,2973,3,3.0,Semi-Furnished,3,3,7.0,1,4,Under Construction,5.0,2089100.0
PROP_15996,Oakridge Valley,Apartment,1444,2,1.0,Unfurnished,1,17,0.0,1,4,Ready To Move,3.0,572200.0
PROP_12921,Sunset Park,Independent House,2308,3,4.0,Furnished,2,2,5.0,1,10,Ready To Move,1.0,1049800.0
PROP_10312,Silicon Hills,Penthouse,4713,4,6.0,Furnished,1,33,0.0,2,5,Under Construction,1.0,3664200.0
PROP_10662,Harbor Point,Apartment,1463,3,2.0,Furnished,1,13,3.0,1,7,Ready To Move,1.0,959500.0
PROP_11990,Midtown Corridor,Independent House,3367,4,5.0,Furnished,1,1,24.0,1,7,Under Construction,5.0,1508400.0
PROP_13666,Lakeside Estates,Apartment,1470,2,3.0,Furnished,1,15,2.0,0,5,Ready To Move,5.0,795200.0
PROP_10307,Riverside District,Apartment,1231,2,3.0,Furnished,1,22,9.0,1,4,Ready To Move,1.0,593600.0
PROP_12336,Riverside District,Luxury Villa,4700,4,4.0,Unfurnished,2,4,0.0,1,1,Ready To Move,2.0,2722500.0
PROP_12357,Sunset Park,Independent House,2769,4,4.0,Unfurnished,3,2,5.0,0,3,Ready To Move,3.0,1191000.0
PROP_13703,Riverside District,Apartment,1662,2,1.0,Furnished,2,20,4.0,2,3,Under Construction,3.0,725100.0
PROP_13805,Greenwood Heights,Independent House,2360,4,3.0,Unfurnished,1,2,9.0,1,10,Ready To Move,2.0,1100000.0
PROP_11928,Midtown Corridor,Apartment,1184,2,1.0,Semi-Furnished,2,13,0.0,1,8,Ready To Move,1.0,677500.0
PROP_13428,Midtown Corridor,Apartment,1430,2,2.0,Furnished,0,19,13.0,2,4,Under Construction,3.0,729000.0
PROP_10750,Lakeside Estates,Apartment,1789,3,3.0,Furnished,1,4,0.0,2,7,Under Construction,3.0,959900.0
PROP_13639,Riverside District,Independent House,2270,3,3.0,Semi-Furnished,1,2,0.0,1,3,Ready To Move,3.0,1164100.0
PROP_14378,Oakridge Valley,Luxury Villa,5637,6,6.0,Furnished,1,2,7.0,2,4,Ready To Move,5.0,2577900.0
PROP_11267,Greenwood Heights,Independent House,2790,4,3.0,Furnished,1,2,2.0,1,1,Ready To Move,1.0,1310400.0
PROP_14568,Oakridge Valley,Luxury Villa,4231,4,5.0,Semi-Furnished,1,2,14.0,1,5,Under Construction,2.0,1643400.0
PROP_15318,Harbor Point,Independent House,2969,4,4.0,Furnished,1,1,9.0,3,10,Ready To Move,3.0,1927200.0
PROP_13596,Riverside District,Luxury Villa,5162,5,5.0,Semi-Furnished,1,4,4.0,0,5,Under Construction,1.0,3063500.0
PROP_12135,Harbor Point,Studio Apartment,595,1,1.0,Furnished,2,17,13.0,1,5,Ready To Move,5.0,389500.0
PROP_14110,Downtown Central,Studio Apartment,586,1,1.0,Semi-Furnished,2,11,28.0,1,6,Ready To Move,1.0,303600.0
PROP_10515,Greenwood Heights,Independent House,3334,4,3.0,Semi-Furnished,2,3,2.0,1,5,Ready To Move,5.0,1596900.0
PROP_15382,Westend Terrace,Independent House,2601,3,4.0,Furnished,1,1,5.0,2,5,Ready To Move,4.0,1295100.0
PROP_10410,Lakeside Estates,Apartment,1414,2,2.0,Furnished,0,17,9.0,1,4,Ready To Move,2.0,689700.0
PROP_14490,Midtown Corridor,Apartment,1676,3,3.0,Semi-Furnished,2,12,13.0,1,2,Ready To Move,4.0,770700.0
PROP_15956,Downtown Central,Independent House,3167,4,3.0,Furnished,2,1,6.0,3,10,Ready To Move,5.0,1892600.0
PROP_15211,Harbor Point,Penthouse,5330,5,6.0,Furnished,1,19,16.0,2,9,Ready To Move,3.0,3715900.0
PROP_10208,Greenwood Heights,Penthouse,4548,4,6.0,Furnished,2,25,0.0,1,9,Ready To Move,5.0,2934100.0
PROP_10459,Silicon Hills,Apartment,1340,3,3.0,Semi-Furnished,3,24,3.0,2,2,Ready To Move,5.0,953800.0
PROP_12055,Sunset Park,Apartment,1354,2,1.0,Semi-Furnished,2,9,3.0,0,6,Ready To Move,4.0,571300.0
PROP_12431,Midtown Corridor,Apartment,939,2,2.0,Semi-Furnished,1,24,7.0,0,7,Ready To Move,3.0,486700.0
PROP_10251,Oakridge Valley,Apartment,1581,3,3.0,Unfurnished,1,2,3.0,1,6,Ready To Move,2.0,661000.0
PROP_15136,Harbor Point,Apartment,1926,3,3.0,Furnished,1,4,9.0,2,6,Ready To Move,2.0,1171100.0
PROP_11108,Midtown Corridor,Luxury Villa,4533,4,5.0,Furnished,2,3,2.0,1,6,Ready To Move,3.0,3064300.0
PROP_14879,Westend Terrace,Independent House,2508,4,4.0,Furnished,1,3,9.0,1,8,Ready To Move,1.0,1225200.0
PROP_11714,Silicon Hills,Luxury Villa,4578,4,5.0,Semi-Furnished,2,2,7.0,1,6,Ready To Move,2.0,3099500.0
PROP_13912,Riverside District,Apartment,1575,3,3.0,Unfurnished,3,23,2.0,0,10,Ready To Move,5.0,874400.0
PROP_10716,Westend Terrace,Luxury Villa,5412,6,7.0,Semi-Furnished,0,4,12.0,1,4,Under Construction,4.0,2785800.0
PROP_10553,Oakridge Valley,Apartment,1709,2,1.0,Semi-Furnished,0,14,15.0,1,5,Ready To Move,2.0,584600.0
PROP_11440,Silicon Hills,Penthouse,5012,4,5.0,Semi-Furnished,1,25,5.0,1,10,Ready To Move,5.0,3782000.0
PROP_12271,Oakridge Valley,Apartment,1192,2,2.0,Unfurnished,3,7,7.0,1,4,Ready To Move,3.0,499200.0
PROP_13145,Westend Terrace,Apartment,1499,3,2.0,Semi-Furnished,1,21,22.0,2,3,Ready To Move,4.0,583000.0
PROP_15753,Riverside District,Independent House,3089,4,4.0,Semi-Furnished,1,1,2.0,1,6,Ready To Move,5.0,1668500.0
PROP_11926,Westend Terrace,Apartment,1071,2,1.0,Semi-Furnished,1,11,4.0,0,5,Ready To Move,2.0,499900.0
PROP_10635,Westend Terrace,Independent House,2154,3,2.0,Furnished,2,2,0.0,0,8,Ready To Move,5.0,1154800.0
PROP_10317,Greenwood Heights,Independent House,2759,3,2.0,Semi-Furnished,2,3,23.0,0,7,Under Construction,4.0,1074600.0
PROP_15658,Sunset Park,Apartment,1448,3,3.0,Semi-Furnished,1,10,2.0,0,2,Under Construction,5.0,594000.0
PROP_10428,Lakeside Estates,Penthouse,4797,4,5.0,Furnished,1,18,1.0,2,5,Ready To Move,3.0,3412900.0
PROP_14468,Oakridge Valley,Apartment,1179,1,1.0,Semi-Furnished,1,10,3.0,2,3,Ready To Move,4.0,479700.0
PROP_10106,Lakeside Estates,Apartment,1383,2,3.0,Furnished,0,20,11.0,1,7,Ready To Move,3.0,762500.0
PROP_13042,Downtown Central,Apartment,1484,3,3.0,Unfurnished,1,16,9.0,1,5,Ready To Move,5.0,794400.0
PROP_14239,Silicon Hills,Luxury Villa,3571,3,3.0,Semi-Furnished,0,3,16.0,1,10,Ready To Move,4.0,2227100.0
PROP_12170,Midtown Corridor,Independent House,2776,4,3.0,Semi-Furnished,2,2,2.0,1,1,Under Construction,1.0,1449400.0
PROP_11710,Greenwood Heights,Independent House,1657,2,3.0,Semi-Furnished,1,2,7.0,1,7,Under Construction,2.0,794900.0
PROP_10090,Greenwood Heights,Independent House,2136,3,2.0,Semi-Furnished,2,1,12.0,1,4,Ready To Move,2.0,1064600.0
PROP_12242,Downtown Central,Apartment,2135,4,4.0,Furnished,2,23,4.0,2,9,Ready To Move,2.0,1128900.0
PROP_13175,Harbor Point,Independent House,2863,4,4.0,Semi-Furnished,3,2,5.0,1,4,Ready To Move,1.0,1544000.0
PROP_15457,Harbor Point,Independent House,1938,2,1.0,Semi-Furnished,1,2,4.0,1,7,Ready To Move,2.0,1237300.0
PROP_11950,Harbor Point,Apartment,726,1,1.0,Semi-Furnished,2,1,2.0,0,5,Under Construction,5.0,427900.0
PROP_14045,Oakridge Valley,Apartment,1469,2,2.0,Unfurnished,2,24,8.0,1,9,Ready To Move,4.0,571300.0
PROP_12849,Sunset Park,Apartment,1556,1,1.0,Semi-Furnished,1,12,1.0,1,10,Ready To Move,4.0,622700.0
PROP_10002,Riverside District,Apartment,1208,2,1.0,Furnished,1,11,7.0,0,5,Ready To Move,1.0,641400.0
PROP_14338,Downtown Central,Apartment,1116,2,1.0,Semi-Furnished,2,17,8.0,2,3,Ready To Move,3.0,664600.0
PROP_10936,Downtown Central,Independent House,2037,2,3.0,Unfurnished,2,3,10.0,1,3,Ready To Move,2.0,1258100.0
PROP_15150,Westend Terrace,Apartment,1277,2,1.0,Unfurnished,1,15,1.0,1,7,Ready To Move,4.0,634400.0
PROP_12721,Sunset Park,Apartment,1657,3,3.0,Semi-Furnished,1,23,2.0,3,8,Under Construction,4.0,661400.0
PROP_10592,Riverside District,Independent House,2414,4,4.0,Semi-Furnished,2,1,8.0,1,3,Ready To Move,1.0,1205900.0
PROP_14512,Lakeside Estates,Apartment,1233,2,2.0,Unfurnished,1,9,9.0,2,8,Under Construction,4.0,630000.0
PROP_12937,Greenwood Heights,Studio Apartment,494,1,1.0,Furnished,1,6,2.0,2,6,Ready To Move,2.0,311200.0
PROP_12449,Oakridge Valley,Apartment,1873,4,3.0,Semi-Furnished,1,23,18.0,2,4,Ready To Move,5.0,679700.0
PROP_11577,Riverside District,Luxury Villa,4058,4,5.0,Semi-Furnished,1,3,10.0,2,9,Ready To Move,2.0,2389000.0
PROP_15021,Harbor Point,Independent House,2191,3,2.0,Unfurnished,2,1,5.0,0,5,Ready To Move,2.0,1322700.0
PROP_10214,Riverside District,Independent House,2474,3,4.0,Semi-Furnished,0,2,0.0,1,5,Ready To Move,2.0,1352200.0
PROP_10779,Harbor Point,Studio Apartment,527,1,1.0,Furnished,2,7,0.0,1,7,Ready To Move,3.0,372200.0
PROP_13497,Sunset Park,Independent House,2710,4,4.0,Semi-Furnished,1,1,3.0,2,4,Ready To Move,4.0,1273200.0
PROP_15655,Midtown Corridor,Luxury Villa,3520,3,4.0,Semi-Furnished,2,4,13.0,1,7,Ready To Move,5.0,2135500.0
PROP_12044,Harbor Point,Apartment,1129,2,1.0,Furnished,2,8,33.0,1,3,Under Construction,3.0,541200.0
PROP_15459,Greenwood Heights,Penthouse,2673,3,4.0,Unfurnished,1,33,18.0,2,1,Ready To Move,5.0,1365600.0
PROP_11568,Greenwood Heights,Apartment,934,1,2.0,Furnished,1,24,3.0,3,5,Ready To Move,3.0,500800.0
PROP_10166,Downtown Central,Apartment,1670,3,3.0,Furnished,1,5,3.0,2,5,Ready To Move,2.0,935500.0
PROP_13567,Midtown Corridor,Apartment,1821,3,3.0,Semi-Furnished,1,8,20.0,1,10,Ready To Move,1.0,809000.0
PROP_14607,Oakridge Valley,Apartment,1101,2,2.0,Semi-Furnished,2,17,0.0,3,5,Ready To Move,3.0,483400.0
PROP_12014,Riverside District,Luxury Villa,5168,5,5.0,Semi-Furnished,2,3,5.0,1,7,Under Construction,4.0,2882100.0
PROP_10274,Midtown Corridor,Apartment,1240,2,2.0,Semi-Furnished,1,8,40.0,1,4,Under Construction,2.0,445700.0
PROP_13861,Riverside District,Apartment,1620,3,2.0,Furnished,1,14,5.0,0,5,Under Construction,5.0,819200.0
PROP_14168,Silicon Hills,Luxury Villa,4263,3,3.0,Furnished,0,2,5.0,1,7,Ready To Move,1.0,3243500.0
PROP_15313,Greenwood Heights,Luxury Villa,5028,5,6.0,Semi-Furnished,2,2,14.0,2,6,Under Construction,1.0,2438100.0
PROP_13789,Greenwood Heights,Independent House,2698,4,3.0,Furnished,0,2,16.0,1,10,Ready To Move,2.0,1042200.0
PROP_10395,Westend Terrace,Apartment,968,1,1.0,Furnished,1,12,13.0,2,5,Under Construction,4.0,438900.0
PROP_10584,Harbor Point,Apartment,2076,4,4.0,Semi-Furnished,1,19,17.0,2,4,Ready To Move,2.0,1022500.0
PROP_15585,Sunset Park,Penthouse,4595,5,6.0,Unfurnished,0,28,10.0,1,7,Ready To Move,2.0,2196100.0
PROP_15763,Riverside District,Apartment,2047,3,2.0,Furnished,1,16,2.0,2,9,Under Construction,2.0,1043700.0
PROP_10521,Riverside District,Apartment,1246,1,1.0,Furnished,1,23,1.0,1,7,Ready To Move,5.0,634100.0
PROP_11764,Sunset Park,Independent House,2073,2,2.0,Unfurnished,1,1,8.0,1,5,Ready To Move,3.0,871600.0
PROP_11876,Downtown Central,Penthouse,4471,4,5.0,Unfurnished,0,25,0.0,1,2,Ready To Move,1.0,3221600.0
PROP_13966,Midtown Corridor,Luxury Villa,5330,5,5.0,Semi-Furnished,3,3,7.0,1,7,Ready To Move,2.0,3692200.0
PROP_13345,Downtown Central,Studio Apartment,538,1,1.0,Unfurnished,1,4,5.0,1,4,Ready To Move,3.0,320800.0
PROP_12254,Oakridge Valley,Independent House,2537,4,3.0,Furnished,0,2,3.0,1,4,Ready To Move,1.0,1060800.0
PROP_13225,Greenwood Heights,Apartment,1461,2,1.0,Unfurnished,1,1,28.0,1,4,Ready To Move,4.0,497200.0
PROP_10527,Midtown Corridor,Apartment,1222,2,2.0,Furnished,1,12,7.0,1,8,Ready To Move,2.0,643100.0
PROP_12947,Sunset Park,Apartment,1671,3,2.0,Furnished,1,24,3.0,3,8,Under Construction,2.0,681200.0
PROP_13900,Riverside District,Independent House,2434,3,3.0,Furnished,0,1,3.0,0,9,Ready To Move,3.0,1370900.0
PROP_10693,Lakeside Estates,Independent House,2830,3,3.0,Unfurnished,2,2,2.0,0,6,Ready To Move,4.0,1654100.0
PROP_15696,Lakeside Estates,Apartment,1399,2,2.0,Unfurnished,0,4,1.0,1,4,Ready To Move,2.0,740000.0
PROP_13634,Lakeside Estates,Penthouse,4393,3,5.0,Semi-Furnished,0,31,2.0,1,5,Ready To Move,1.0,3236000.0
PROP_11051,Downtown Central,Apartment,1107,2,2.0,Unfurnished,2,4,0.0,3,4,Ready To Move,1.0,675900.0
PROP_10591,Lakeside Estates,Apartment,1288,2,1.0,Furnished,1,16,3.0,2,10,Ready To Move,4.0,751400.0
PROP_10520,Sunset Park,Independent House,1626,3,2.0,Furnished,2,3,1.0,2,7,Under Construction,4.0,804900.0
PROP_13381,Harbor Point,Apartment,1206,2,2.0,Semi-Furnished,2,7,2.0,1,3,Under Construction,2.0,690700.0
PROP_13677,Lakeside Estates,Apartment,1935,3,3.0,Furnished,0,16,3.0,2,7,Under Construction,4.0,998700.0
PROP_14954,Lakeside Estates,Luxury Villa,4434,4,4.0,Furnished,1,3,2.0,1,3,Under Construction,2.0,2794800.0
PROP_11608,Riverside District,Apartment,961,1,1.0,Semi-Furnished,0,12,1.0,2,9,Ready To Move,4.0,523400.0
PROP_13611,Sunset Park,Apartment,1420,3,3.0,Semi-Furnished,1,18,3.0,1,8,Ready To Move,4.0,714700.0
PROP_15750,Downtown Central,Apartment,1872,3,3.0,Semi-Furnished,2,19,5.0,1,5,Ready To Move,1.0,1001100.0
PROP_11810,Oakridge Valley,Apartment,1228,2,2.0,Semi-Furnished,1,18,6.0,1,5,Ready To Move,4.0,509300.0
PROP_10792,Harbor Point,Independent House,2451,4,3.0,Furnished,2,3,4.0,1,7,Ready To Move,4.0,1680100.0
PROP_10793,Greenwood Heights,Apartment,1316,2,1.0,Furnished,1,23,2.0,3,7,Ready To Move,4.0,648000.0
PROP_14944,Sunset Park,Independent House,2087,3,3.0,Unfurnished,2,2,6.0,2,2,Ready To Move,4.0,879300.0
PROP_11856,Harbor Point,Apartment,1764,3,3.0,Semi-Furnished,2,12,19.0,2,5,Ready To Move,4.0,1006200.0
PROP_11981,Greenwood Heights,Apartment,1502,2,2.0,Semi-Furnished,1,7,2.0,0,8,Ready To Move,2.0,701500.0
PROP_13234,Westend Terrace,Apartment,2086,4,4.0,Semi-Furnished,1,3,5.0,3,8,Ready To Move,2.0,912200.0
PROP_13599,Silicon Hills,Penthouse,3906,3,5.0,Unfurnished,1,29,10.0,2,10,Ready To Move,3.0,3246100.0
PROP_10934,Downtown Central,Independent House,2450,4,3.0,Semi-Furnished,2,2,3.0,0,5,Ready To Move,2.0,1515100.0
PROP_13964,Downtown Central,Penthouse,5798,5,6.0,Semi-Furnished,1,32,2.0,1,5,Ready To Move,2.0,4451400.0
PROP_15734,Westend Terrace,Apartment,1401,2,2.0,Unfurnished,1,5,10.0,1,9,Ready To Move,1.0,610000.0
PROP_14180,Silicon Hills,Apartment,2089,4,4.0,Furnished,1,18,17.0,1,5,Ready To Move,3.0,1154500.0
PROP_14027,Lakeside Estates,Independent House,3007,5,5.0,Unfurnished,1,2,1.0,2,7,Ready To Move,4.0,1710900.0
PROP_14117,Silicon Hills,Independent House,2610,4,5.0,Furnished,2,1,6.0,1,9,Under Construction,1.0,1444500.0
PROP_10989,Riverside District,Studio Apartment,350,1,1.0,Furnished,0,16,5.0,1,2,Ready To Move,5.0,254800.0
PROP_15690,Westend Terrace,Apartment,1560,2,1.0,Furnished,0,12,5.0,2,8,Ready To Move,2.0,769300.0
PROP_13454,Silicon Hills,Independent House,3108,5,5.0,Unfurnished,1,1,6.0,0,7,Ready To Move,1.0,2033600.0
PROP_15498,Harbor Point,Apartment,1379,2,1.0,Furnished,1,7,19.0,0,10,Ready To Move,3.0,800500.0
PROP_13779,Downtown Central,Apartment,1458,3,2.0,Semi-Furnished,1,13,6.0,1,7,Ready To Move,2.0,741200.0
PROP_15046,Riverside District,Apartment,1437,2,2.0,Semi-Furnished,2,17,0.0,0,10,Ready To Move,1.0,751100.0
PROP_13094,Silicon Hills,Apartment,1190,2,1.0,Furnished,2,23,3.0,1,7,Ready To Move,4.0,816900.0
PROP_13156,Greenwood Heights,Independent House,2151,3,2.0,Semi-Furnished,1,2,9.0,1,7,Ready To Move,1.0,985200.0
PROP_13202,Greenwood Heights,Independent House,2413,5,5.0,Semi-Furnished,3,2,14.0,0,5,Ready To Move,1.0,1021200.0
PROP_14856,Harbor Point,Independent House,2654,3,3.0,Furnished,2,3,4.0,1,4,Ready To Move,5.0,1695100.0
PROP_11099,Oakridge Valley,Studio Apartment,413,1,1.0,Furnished,1,3,0.0,1,4,Ready To Move,3.0,251400.0
PROP_14996,Midtown Corridor,Independent House,2006,3,2.0,Semi-Furnished,3,3,0.0,0,6,Ready To Move,3.0,1175000.0
PROP_12845,Greenwood Heights,Apartment,1086,2,2.0,Furnished,1,24,10.0,1,4,Under Construction,3.0,498900.0
PROP_10887,Midtown Corridor,Independent House,2375,3,2.0,Unfurnished,3,3,3.0,3,6,Under Construction,1.0,1242200.0
PROP_15944,Greenwood Heights,Independent House,2871,4,5.0,Unfurnished,1,1,14.0,2,1,Under Construction,1.0,1194600.0
PROP_14668,Oakridge Valley,Studio Apartment,567,1,1.0,Semi-Furnished,1,2,6.0,3,3,Under Construction,2.0,249800.0
PROP_10516,Westend Terrace,Independent House,2204,3,2.0,Unfurnished,1,2,7.0,2,4,Ready To Move,3.0,987700.0
PROP_15556,Greenwood Heights,Apartment,1044,1,1.0,Semi-Furnished,1,11,14.0,2,10,Ready To Move,3.0,438000.0
PROP_11454,Westend Terrace,Apartment,1796,3,3.0,Unfurnished,2,12,4.0,1,6,Ready To Move,3.0,875700.0
PROP_13554,Harbor Point,Independent House,2298,3,2.0,Furnished,0,2,10.0,1,4,Under Construction,2.0,1183200.0
PROP_13610,Sunset Park,Apartment,2203,4,4.0,Semi-Furnished,1,5,9.0,1,3,Under Construction,1.0,835200.0
PROP_12507,Riverside District,Penthouse,4865,3,4.0,Furnished,3,29,12.0,1,8,Ready To Move,5.0,3034000.0
PROP_12995,Westend Terrace,Luxury Villa,4107,5,5.0,Unfurnished,1,2,4.0,2,7,Under Construction,3.0,2072400.0
PROP_14000,Riverside District,Independent House,2499,3,2.0,Furnished,2,3,10.0,2,3,Ready To Move,2.0,1190600.0
PROP_15710,Oakridge Valley,Apartment,1270,2,2.0,Furnished,0,9,18.0,1,4,Under Construction,4.0,412000.0
PROP_10907,Sunset Park,Penthouse,4026,3,4.0,Semi-Furnished,1,21,15.0,1,4,Ready To Move,1.0,1944000.0
PROP_10029,Midtown Corridor,Apartment,1909,3,3.0,Unfurnished,0,4,2.0,2,7,Under Construction,5.0,930500.0
PROP_12508,Harbor Point,Apartment,1336,2,2.0,Semi-Furnished,1,20,11.0,1,8,Under Construction,5.0,660700.0
PROP_12429,Harbor Point,Studio Apartment,555,1,1.0,Furnished,1,14,9.0,2,7,Ready To Move,2.0,341900.0
PROP_10763,Westend Terrace,Apartment,773,1,2.0,Unfurnished,1,6,8.0,0,5,Ready To Move,5.0,386300.0
PROP_13748,Sunset Park,Apartment,1177,2,1.0,Furnished,1,16,5.0,2,7,Under Construction,5.0,531100.0
PROP_10285,Harbor Point,Apartment,806,1,1.0,Furnished,1,19,12.0,1,6,Ready To Move,2.0,504900.0
PROP_10687,Harbor Point,Apartment,1050,2,1.0,Semi-Furnished,1,18,5.0,2,8,Under Construction,1.0,609100.0
PROP_12354,Midtown Corridor,Penthouse,5569,5,6.0,Furnished,1,30,1.0,3,4,Ready To Move,1.0,3568200.0
PROP_14842,Greenwood Heights,Independent House,2084,2,1.0,Furnished,2,3,13.0,1,5,Under Construction,2.0,859600.0
PROP_10022,Downtown Central,Apartment,1413,2,2.0,Furnished,0,3,7.0,2,4,Ready To Move,2.0,771300.0
PROP_12753,Midtown Corridor,Independent House,2342,3,2.0,Furnished,1,1,20.0,2,6,Ready To Move,3.0,1044000.0
PROP_10886,Lakeside Estates,Luxury Villa,4453,4,5.0,Furnished,2,2,17.0,1,3,Ready To Move,2.0,2972000.0
PROP_10918,Lakeside Estates,Apartment,1679,3,2.0,Semi-Furnished,1,20,11.0,2,10,Under Construction,2.0,807100.0
PROP_11041,Sunset Park,Apartment,1237,2,2.0,Unfurnished,2,13,1.0,1,4,Ready To Move,4.0,588000.0
PROP_11266,Midtown Corridor,Luxury Villa,4879,5,6.0,Furnished,2,2,3.0,2,5,Under Construction,4.0,2839600.0
PROP_15205,Downtown Central,Independent House,2644,4,5.0,Semi-Furnished,2,2,13.0,1,10,Ready To Move,1.0,1707400.0
PROP_10278,Greenwood Heights,Apartment,1269,2,2.0,Unfurnished,1,8,6.0,1,6,Ready To Move,1.0,598500.0
PROP_12085,Silicon Hills,Studio Apartment,442,1,1.0,Semi-Furnished,2,13,2.0,0,6,Under Construction,2.0,284700.0
PROP_11246,Riverside District,Luxury Villa,4762,3,4.0,Furnished,1,3,1.0,2,2,Ready To Move,3.0,2804400.0
PROP_12383,Lakeside Estates,Luxury Villa,5388,5,6.0,Furnished,0,3,3.0,1,6,Under Construction,5.0,3356300.0
PROP_10572,Westend Terrace,Apartment,1467,2,1.0,Semi-Furnished,1,20,2.0,3,8,Ready To Move,3.0,728200.0
PROP_11436,Sunset Park,Penthouse,3846,4,5.0,Furnished,1,27,13.0,1,8,Ready To Move,2.0,2073200.0
PROP_13903,Westend Terrace,Apartment,1847,4,4.0,Unfurnished,2,17,2.0,1,6,Ready To Move,3.0,964000.0
PROP_11248,Greenwood Heights,Independent House,3151,5,6.0,Semi-Furnished,1,3,0.0,2,9,Ready To Move,5.0,1566800.0
PROP_13527,Silicon Hills,Apartment,1692,3,3.0,Furnished,2,12,22.0,0,10,Ready To Move,2.0,1054900.0
PROP_12515,Downtown Central,Apartment,1191,2,2.0,Furnished,1,16,35.0,1,8,Under Construction,4.0,529800.0
PROP_11008,Oakridge Valley,Studio Apartment,587,1,1.0,Furnished,3,18,3.0,1,7,Ready To Move,1.0,324600.0
PROP_15210,Oakridge Valley,Luxury Villa,5612,5,5.0,Semi-Furnished,2,3,2.0,1,3,Ready To Move,1.0,2922100.0
PROP_12065,Greenwood Heights,Independent House,1709,2,3.0,Furnished,1,2,1.0,3,3,Ready To Move,4.0,919000.0
PROP_15592,Greenwood Heights,Independent House,1939,3,2.0,Furnished,2,2,21.0,1,7,Ready To Move,5.0,883200.0
PROP_11691,Riverside District,Independent House,2558,4,4.0,Furnished,0,2,3.0,1,7,Ready To Move,4.0,1483200.0
PROP_15191,Midtown Corridor,Independent House,2377,3,2.0,Furnished,1,3,18.0,1,10,Under Construction,4.0,1210300.0
PROP_11986,Downtown Central,Penthouse,4160,4,6.0,Furnished,1,25,6.0,2,5,Ready To Move,2.0,3219100.0
PROP_10295,Downtown Central,Apartment,1175,2,2.0,Furnished,1,13,3.0,3,8,Ready To Move,1.0,717600.0
PROP_11548,Sunset Park,Studio Apartment,570,1,1.0,Semi-Furnished,0,3,5.0,1,7,Ready To Move,2.0,281300.0
PROP_12013,Midtown Corridor,Apartment,1387,2,1.0,Furnished,2,12,12.0,2,3,Ready To Move,1.0,732600.0
PROP_10589,Harbor Point,Independent House,2314,3,4.0,Unfurnished,3,1,14.0,1,6,Under Construction,5.0,1248700.0
PROP_13330,Lakeside Estates,Apartment,1365,2,2.0,Furnished,1,24,6.0,1,7,Ready To Move,4.0,777700.0
PROP_12404,Harbor Point,Apartment,923,1,1.0,Furnished,3,18,7.0,1,6,Ready To Move,3.0,583400.0
PROP_12130,Silicon Hills,Independent House,2072,3,3.0,Unfurnished,0,2,2.0,2,7,Ready To Move,3.0,1364900.0
PROP_13999,Oakridge Valley,Apartment,1271,1,1.0,Furnished,2,12,7.0,1,7,Under Construction,5.0,510800.0
PROP_15268,Downtown Central,Luxury Villa,5158,5,5.0,Furnished,1,4,15.0,2,8,Under Construction,1.0,2915700.0
PROP_13742,Westend Terrace,Independent House,2581,4,5.0,Unfurnished,1,2,4.0,1,2,Ready To Move,1.0,1262200.0
PROP_13509,Harbor Point,Apartment,1200,2,2.0,Semi-Furnished,1,6,13.0,1,8,Under Construction,2.0,641500.0
PROP_12720,Silicon Hills,Apartment,1669,3,2.0,Semi-Furnished,0,9,8.0,1,10,Ready To Move,3.0,970600.0
PROP_14522,Harbor Point,Penthouse,5058,3,4.0,Semi-Furnished,1,18,11.0,1,9,Ready To Move,5.0,3825300.0
PROP_15482,Downtown Central,Apartment,912,1,1.0,Unfurnished,0,13,8.0,2,7,Ready To Move,1.0,502000.0
PROP_15488,Downtown Central,Apartment,1051,2,1.0,Unfurnished,1,9,1.0,1,7,Ready To Move,5.0,677000.0
PROP_10557,Downtown Central,Apartment,1463,3,3.0,Furnished,1,19,4.0,1,3,Ready To Move,2.0,845500.0
PROP_12470,Riverside District,Apartment,1580,3,3.0,Furnished,1,19,8.0,2,5,Ready To Move,3.0,825200.0
PROP_13739,Harbor Point,Independent House,2280,3,3.0,Semi-Furnished,1,1,7.0,0,9,Ready To Move,3.0,1441500.0
PROP_14287,Silicon Hills,Apartment,1276,2,1.0,Unfurnished,2,19,10.0,0,6,Ready To Move,5.0,712200.0
PROP_15299,Harbor Point,Apartment,1080,1,1.0,Unfurnished,1,13,24.0,2,3,Under Construction,1.0,483100.0
PROP_11717,Downtown Central,Penthouse,3734,4,6.0,Semi-Furnished,0,20,5.0,1,7,Ready To Move,3.0,2858200.0
PROP_12605,Lakeside Estates,Apartment,2013,4,5.0,Unfurnished,2,22,6.0,1,4,Under Construction,2.0,914200.0
PROP_14960,Silicon Hills,Independent House,2039,3,3.0,Semi-Furnished,0,2,4.0,1,8,Under Construction,1.0,1211500.0
PROP_11705,Riverside District,Apartment,874,1,1.0,Furnished,1,20,4.0,1,6,Ready To Move,1.0,495500.0
PROP_12140,Riverside District,Apartment,1788,3,4.0,Furnished,1,12,0.0,1,5,Ready To Move,3.0,931700.0
PROP_13240,Silicon Hills,Studio Apartment,444,1,1.0,Semi-Furnished,1,2,7.0,2,4,Ready To Move,4.0,323900.0
PROP_12384,Greenwood Heights,Luxury Villa,4917,4,5.0,Furnished,1,3,8.0,3,9,Ready To Move,2.0,2571000.0
PROP_14312,Westend Terrace,Independent House,2468,3,3.0,Furnished,2,2,7.0,2,6,Ready To Move,4.0,1171000.0
PROP_11286,Downtown Central,Independent House,3222,4,5.0,Furnished,2,2,2.0,2,5,Ready To Move,1.0,1896300.0
PROP_15122,Oakridge Valley,Penthouse,4428,4,5.0,Semi-Furnished,0,22,3.0,2,7,Ready To Move,3.0,2310800.0
PROP_15378,Lakeside Estates,Apartment,973,1,1.0,Furnished,1,9,5.0,2,5,Ready To Move,4.0,478000.0
PROP_13931,Westend Terrace,Apartment,1248,1,1.0,Semi-Furnished,1,11,6.0,2,7,Ready To Move,4.0,553600.0
PROP_14553,Downtown Central,Penthouse,3598,3,4.0,Furnished,0,19,2.0,0,9,Ready To Move,2.0,2636500.0
PROP_11592,Silicon Hills,Apartment,1382,2,2.0,Furnished,2,6,26.0,1,7,Ready To Move,3.0,681000.0
PROP_15330,Downtown Central,Independent House,3335,5,5.0,Unfurnished,3,1,9.0,1,5,Under Construction,4.0,1931500.0
PROP_12163,Silicon Hills,Studio Apartment,603,1,1.0,Furnished,1,4,20.0,1,3,Ready To Move,4.0,366700.0
PROP_12397,Sunset Park,Apartment,1484,2,2.0,Unfurnished,1,8,3.0,2,5,Ready To Move,1.0,606700.0
PROP_10318,Oakridge Valley,Independent House,2174,3,3.0,Semi-Furnished,1,3,1.0,2,1,Ready To Move,2.0,969200.0
PROP_15404,Midtown Corridor,Apartment,1757,3,3.0,Semi-Furnished,0,4,7.0,3,5,Under Construction,3.0,857600.0
PROP_13112,Oakridge Valley,Apartment,1159,2,1.0,Semi-Furnished,2,20,0.0,1,2,Under Construction,1.0,446800.0
PROP_14037,Riverside District,Independent House,1969,3,3.0,Furnished,1,2,5.0,2,7,Under Construction,5.0,1051900.0
PROP_10796,Midtown Corridor,Independent House,2223,3,2.0,Semi-Furnished,1,2,3.0,3,3,Ready To Move,4.0,1259600.0
PROP_13021,Sunset Park,Apartment,1869,3,3.0,Furnished,0,18,5.0,1,5,Ready To Move,1.0,798500.0
PROP_11712,Harbor Point,Luxury Villa,4638,3,3.0,Furnished,2,2,11.0,1,1,Under Construction,4.0,2805100.0
PROP_13388,Harbor Point,Studio Apartment,713,1,1.0,Semi-Furnished,3,11,2.0,3,6,Ready To Move,2.0,434400.0
PROP_10037,Sunset Park,Apartment,1141,1,1.0,Furnished,0,13,7.0,1,4,Ready To Move,1.0,463200.0
PROP_14550,Riverside District,Penthouse,3935,4,5.0,Semi-Furnished,1,29,0.0,1,7,Ready To Move,1.0,2592200.0
PROP_10914,Oakridge Valley,Studio Apartment,605,1,1.0,Semi-Furnished,1,13,2.0,1,6,Ready To Move,3.0,295600.0
PROP_13973,Greenwood Heights,Independent House,3158,4,4.0,Unfurnished,1,1,0.0,1,9,Under Construction,1.0,1513800.0
PROP_14134,Midtown Corridor,Independent House,2272,4,4.0,Furnished,0,1,14.0,2,2,Under Construction,1.0,1082400.0
PROP_10975,Riverside District,Apartment,1635,2,2.0,Semi-Furnished,0,14,5.0,1,6,Ready To Move,2.0,790500.0
PROP_10984,Greenwood Heights,Apartment,1896,3,2.0,Semi-Furnished,2,16,0.0,3,5,Ready To Move,3.0,867600.0
PROP_14909,Riverside District,Apartment,1331,2,1.0,Semi-Furnished,2,6,8.0,0,6,Under Construction,1.0,613300.0
PROP_11419,Greenwood Heights,Apartment,1301,2,2.0,Furnished,1,19,29.0,2,5,Ready To Move,2.0,488500.0
PROP_11561,Sunset Park,Apartment,1751,3,3.0,Unfurnished,1,5,12.0,2,3,Under Construction,1.0,615600.0
PROP_14136,Downtown Central,Independent House,3080,4,4.0,Semi-Furnished,1,3,1.0,3,6,Ready To Move,4.0,1916900.0
PROP_14266,Lakeside Estates,Independent House,2760,4,4.0,Furnished,1,2,7.0,1,6,Ready To Move,1.0,1600500.0
PROP_11356,Sunset Park,Apartment,1505,2,2.0,Unfurnished,2,2,3.0,1,7,Ready To Move,1.0,643500.0
PROP_15713,Oakridge Valley,Apartment,965,1,1.0,Unfurnished,2,22,0.0,1,4,Under Construction,2.0,410900.0
PROP_10988,Lakeside Estates,Luxury Villa,4915,4,5.0,Furnished,1,2,0.0,1,2,Ready To Move,2.0,3441300.0
PROP_12683,Midtown Corridor,Apartment,1381,2,2.0,Unfurnished,2,21,2.0,1,9,Under Construction,4.0,712800.0
PROP_11641,Silicon Hills,Apartment,1177,2,2.0,Unfurnished,2,22,6.0,0,5,Ready To Move,2.0,786100.0
PROP_11291,Oakridge Valley,Apartment,1786,3,3.0,Furnished,1,16,0.0,2,7,Ready To Move,4.0,774300.0
PROP_13682,Midtown Corridor,Apartment,1036,2,2.0,Unfurnished,1,7,0.0,1,2,Ready To Move,4.0,527400.0
PROP_11381,Oakridge Valley,Independent House,2540,3,3.0,Furnished,1,2,2.0,1,4,Ready To Move,3.0,1086300.0
PROP_11934,Westend Terrace,Apartment,1480,2,2.0,Semi-Furnished,2,12,11.0,0,7,Ready To Move,3.0,745500.0
PROP_15062,Westend Terrace,Independent House,2537,3,3.0,Unfurnished,1,2,4.0,1,8,Ready To Move,2.0,1219300.0
PROP_13161,Silicon Hills,Penthouse,4116,3,5.0,Furnished,1,22,5.0,2,6,Ready To Move,1.0,3008200.0
PROP_12031,Oakridge Valley,Studio Apartment,560,1,1.0,Unfurnished,2,17,3.0,2,4,Under Construction,1.0,231600.0
PROP_10893,Downtown Central,Independent House,2455,4,4.0,Unfurnished,2,1,3.0,1,5,Under Construction,2.0,1524700.0
PROP_14070,Downtown Central,Apartment,1864,3,2.0,Furnished,1,9,3.0,1,5,Under Construction,1.0,932100.0
PROP_14256,Westend Terrace,Studio Apartment,556,1,1.0,Semi-Furnished,1,3,16.0,1,9,Ready To Move,4.0,293000.0
PROP_10003,Oakridge Valley,Studio Apartment,512,1,1.0,Semi-Furnished,1,5,2.0,1,7,Ready To Move,3.0,276700.0
PROP_12110,Westend Terrace,Independent House,3525,4,3.0,Semi-Furnished,1,3,3.0,1,5,Ready To Move,2.0,1684600.0
PROP_10850,Harbor Point,Independent House,2301,4,3.0,Semi-Furnished,1,1,1.0,1,6,Ready To Move,2.0,1516900.0
PROP_12738,Silicon Hills,Apartment,1652,3,3.0,Unfurnished,1,21,6.0,2,4,Under Construction,3.0,862500.0
PROP_12467,Midtown Corridor,Apartment,1725,2,2.0,Semi-Furnished,2,14,6.0,2,5,Ready To Move,5.0,830800.0
PROP_11915,Riverside District,Penthouse,4103,3,4.0,Semi-Furnished,2,25,9.0,1,8,Ready To Move,1.0,2346100.0
PROP_11597,Harbor Point,Independent House,2307,2,2.0,Semi-Furnished,2,1,40.0,1,5,Ready To Move,1.0,961100.0
PROP_11914,Silicon Hills,Penthouse,3713,3,5.0,Semi-Furnished,1,28,4.0,1,6,Ready To Move,4.0,3137700.0
PROP_15674,Oakridge Valley,Apartment,1257,2,1.0,Semi-Furnished,2,24,7.0,2,5,Ready To Move,3.0,474500.0
PROP_12737,Greenwood Heights,Luxury Villa,4155,4,5.0,Furnished,1,2,14.0,1,2,Under Construction,3.0,2059700.0
PROP_10727,Oakridge Valley,Independent House,2866,3,2.0,Unfurnished,1,2,10.0,2,6,Ready To Move,5.0,1117600.0
PROP_10054,Silicon Hills,Apartment,1639,3,3.0,Semi-Furnished,2,6,12.0,1,7,Ready To Move,3.0,965100.0
PROP_11797,Silicon Hills,Apartment,1777,3,3.0,Unfurnished,1,1,1.0,2,2,Ready To Move,1.0,1080100.0
PROP_13846,Westend Terrace,Apartment,1212,2,2.0,Unfurnished,1,21,16.0,2,6,Under Construction,5.0,512100.0
PROP_12554,Oakridge Valley,Independent House,3503,5,4.0,Semi-Furnished,2,2,4.0,2,6,Ready To Move,1.0,1373700.0
PROP_12801,Greenwood Heights,Independent House,2711,4,4.0,Furnished,2,3,39.0,1,2,Ready To Move,4.0,951900.0
PROP_10937,Sunset Park,Independent House,2909,4,5.0,Semi-Furnished,1,1,13.0,1,10,Ready To Move,1.0,1297300.0
PROP_14958,Midtown Corridor,Studio Apartment,591,1,1.0,Unfurnished,2,4,2.0,2,9,Under Construction,3.0,366800.0
PROP_10825,Riverside District,Apartment,1528,2,1.0,Semi-Furnished,1,16,0.0,1,5,Ready To Move,3.0,748000.0
PROP_14322,Silicon Hills,Independent House,2590,3,2.0,Semi-Furnished,1,3,17.0,2,3,Ready To Move,3.0,1518600.0
PROP_13402,Greenwood Heights,Apartment,1617,3,3.0,Semi-Furnished,1,4,0.0,2,5,Under Construction,3.0,714000.0
PROP_11390,Harbor Point,Apartment,1670,3,2.0,Furnished,2,15,12.0,2,7,Ready To Move,5.0,1005200.0
PROP_13565,Oakridge Valley,Independent House,2498,3,2.0,Furnished,1,3,1.0,2,6,Ready To Move,5.0,1184500.0
PROP_10885,Westend Terrace,Apartment,1881,3,2.0,Semi-Furnished,0,23,0.0,1,3,Ready To Move,5.0,840400.0
PROP_11869,Lakeside Estates,Apartment,1565,2,2.0,Semi-Furnished,1,8,12.0,2,4,Ready To Move,4.0,760200.0
PROP_10011,Riverside District,Apartment,1354,2,2.0,Furnished,2,2,1.0,2,6,Ready To Move,5.0,710200.0
PROP_13416,Riverside District,Independent House,2776,3,3.0,Furnished,1,2,1.0,1,7,Ready To Move,4.0,1550500.0
PROP_11464,Oakridge Valley,Studio Apartment,539,1,1.0,Furnished,2,13,1.0,1,3,Under Construction,5.0,293200.0
PROP_10807,Riverside District,Penthouse,4404,4,6.0,Unfurnished,2,26,12.0,0,8,Ready To Move,3.0,2855900.0
PROP_14732,Westend Terrace,Studio Apartment,516,1,1.0,Furnished,0,13,12.0,1,8,Ready To Move,4.0,272000.0
PROP_14069,Midtown Corridor,Independent House,2666,3,3.0,Unfurnished,1,1,13.0,3,3,Under Construction,5.0,1261400.0
PROP_12109,Riverside District,Penthouse,3920,3,4.0,Semi-Furnished,1,33,1.0,2,9,Under Construction,2.0,2455500.0
PROP_15079,Downtown Central,Luxury Villa,5191,5,6.0,Semi-Furnished,0,2,32.0,1,3,Ready To Move,2.0,2781400.0
PROP_15972,Harbor Point,Independent House,2989,5,4.0,Semi-Furnished,1,1,5.0,0,1,Ready To Move,2.0,1838700.0
PROP_12235,Greenwood Heights,Apartment,1083,2,3.0,Unfurnished,0,3,7.0,1,5,Ready To Move,3.0,498800.0
PROP_10964,Midtown Corridor,Apartment,1556,2,1.0,Semi-Furnished,2,9,10.0,1,6,Ready To Move,1.0,771300.0
PROP_14495,Westend Terrace,Studio Apartment,582,1,1.0,Semi-Furnished,1,14,4.0,1,9,Ready To Move,4.0,358200.0
PROP_12633,Harbor Point,Apartment,1212,1,1.0,Semi-Furnished,0,8,34.0,2,4,Ready To Move,5.0,560300.0
PROP_10705,Silicon Hills,Apartment,1043,1,1.0,Semi-Furnished,1,15,8.0,0,2,Ready To Move,4.0,563400.0
PROP_10432,Westend Terrace,Apartment,1493,2,2.0,Semi-Furnished,2,18,2.0,2,10,Ready To Move,5.0,758900.0
PROP_14389,Oakridge Valley,Studio Apartment,601,1,1.0,Furnished,2,14,1.0,0,8,Under Construction,1.0,299400.0
PROP_10146,Downtown Central,Studio Apartment,548,1,1.0,Unfurnished,1,5,1.0,2,9,Ready To Move,5.0,354600.0
PROP_12034,Silicon Hills,Studio Apartment,507,1,1.0,Furnished,1,12,2.0,1,6,Under Construction,5.0,378100.0
PROP_15047,Silicon Hills,Penthouse,4927,4,5.0,Semi-Furnished,2,27,2.0,1,4,Ready To Move,3.0,3951900.0
PROP_11166,Westend Terrace,Penthouse,3528,3,5.0,Furnished,2,32,5.0,3,5,Under Construction,2.0,2007700.0
PROP_13501,Silicon Hills,Luxury Villa,4825,6,7.0,Furnished,3,2,3.0,1,9,Ready To Move,3.0,3701100.0
PROP_12051,Harbor Point,Apartment,1463,2,1.0,Semi-Furnished,1,22,0.0,1,6,Ready To Move,3.0,828100.0
PROP_13761,Westend Terrace,Apartment,1175,1,1.0,Semi-Furnished,0,19,4.0,1,10,Ready To Move,1.0,532800.0
PROP_12625,Riverside District,Independent House,2213,3,3.0,Furnished,3,2,8.0,1,2,Ready To Move,4.0,1234800.0
PROP_14485,Greenwood Heights,Penthouse,4859,5,6.0,Semi-Furnished,1,33,0.0,2,5,Ready To Move,3.0,2802300.0
PROP_14436,Greenwood Heights,Apartment,1469,2,2.0,Semi-Furnished,2,1,13.0,2,2,Ready To Move,2.0,583800.0
PROP_14795,Harbor Point,Apartment,1776,3,2.0,Semi-Furnished,1,13,18.0,1,9,Under Construction,1.0,812700.0
PROP_14665,Greenwood Heights,Luxury Villa,5723,6,7.0,Furnished,1,2,6.0,1,7,Ready To Move,5.0,3022700.0
PROP_14362,Downtown Central,Independent House,2772,3,3.0,Semi-Furnished,2,2,0.0,2,1,Under Construction,3.0,1627300.0
PROP_12425,Westend Terrace,Penthouse,3363,3,5.0,Unfurnished,1,25,20.0,1,9,Ready To Move,2.0,1914500.0
PROP_11263,Oakridge Valley,Independent House,3171,5,6.0,Unfurnished,2,1,14.0,1,9,Ready To Move,1.0,1357100.0
PROP_11772,Harbor Point,Apartment,1441,2,3.0,Furnished,0,6,0.0,3,5,Ready To Move,2.0,825400.0
PROP_13512,Greenwood Heights,Apartment,1544,2,1.0,Furnished,0,20,7.0,1,6,Under Construction,4.0,618000.0
PROP_10272,Oakridge Valley,Luxury Villa,5837,6,7.0,Unfurnished,2,2,6.0,1,5,Ready To Move,2.0,2816100.0
PROP_10245,Harbor Point,Independent House,2120,3,3.0,Furnished,2,2,2.0,1,4,Ready To Move,4.0,1310000.0
PROP_15845,Riverside District,Apartment,1048,1,2.0,Semi-Furnished,2,6,3.0,2,7,Under Construction,4.0,557200.0
PROP_14573,Sunset Park,Apartment,1156,2,2.0,Semi-Furnished,0,16,4.0,1,8,Ready To Move,4.0,540100.0
PROP_12033,Oakridge Valley,Independent House,3770,5,5.0,Furnished,1,1,6.0,1,3,Under Construction,1.0,1393900.0
PROP_14757,Oakridge Valley,Apartment,2044,3,3.0,Furnished,1,23,0.0,1,3,Ready To Move,4.0,873400.0
PROP_10814,Riverside District,Apartment,1617,3,3.0,Furnished,0,23,6.0,2,4,Ready To Move,5.0,821700.0
PROP_13811,Riverside District,Apartment,1484,3,3.0,Semi-Furnished,2,21,7.0,1,8,Ready To Move,3.0,741500.0
PROP_14885,Midtown Corridor,Independent House,2659,5,4.0,Semi-Furnished,2,1,0.0,1,6,Ready To Move,1.0,1640700.0
PROP_11805,Midtown Corridor,Independent House,2232,3,2.0,Semi-Furnished,2,2,8.0,1,7,Ready To Move,2.0,1252600.0
PROP_14347,Oakridge Valley,Apartment,1100,2,2.0,Furnished,1,13,1.0,0,7,Ready To Move,4.0,521800.0
PROP_12462,Riverside District,Apartment,984,2,1.0,Furnished,1,14,2.0,1,4,Ready To Move,1.0,572700.0
PROP_10546,Silicon Hills,Independent House,2569,3,4.0,Furnished,1,1,0.0,1,6,Ready To Move,3.0,1742000.0
PROP_13242,Greenwood Heights,Apartment,764,2,1.0,Semi-Furnished,2,2,2.0,0,4,Ready To Move,3.0,393000.0
PROP_10739,Riverside District,Independent House,2385,3,3.0,Semi-Furnished,1,2,3.0,0,5,Ready To Move,4.0,1292000.0
PROP_10311,Greenwood Heights,Studio Apartment,526,1,1.0,Furnished,1,1,2.0,2,3,Ready To Move,3.0,280800.0
PROP_13522,Oakridge Valley,Independent House,2693,4,5.0,Semi-Furnished,3,2,3.0,1,6,Under Construction,3.0,1188100.0
PROP_11132,Riverside District,Apartment,1670,3,3.0,Unfurnished,1,10,2.0,0,5,Under Construction,5.0,797600.0
PROP_15932,Lakeside Estates,Penthouse,3747,3,4.0,Unfurnished,3,18,7.0,0,4,Under Construction,4.0,2459400.0
PROP_14112,Greenwood Heights,Luxury Villa,4485,4,5.0,Furnished,0,2,11.0,1,6,Ready To Move,3.0,2351200.0
PROP_12770,Lakeside Estates,Apartment,1878,3,2.0,Furnished,2,24,1.0,2,4,Ready To Move,5.0,937200.0
PROP_10921,Greenwood Heights,Apartment,1525,3,2.0,Semi-Furnished,1,11,1.0,1,3,Ready To Move,4.0,643400.0
PROP_13588,Lakeside Estates,Apartment,1582,2,2.0,Furnished,0,12,5.0,2,9,Ready To Move,4.0,957500.0
PROP_13960,Oakridge Valley,Independent House,2317,3,2.0,Semi-Furnished,1,2,1.0,2,2,Ready To Move,3.0,1013000.0
PROP_10039,Silicon Hills,Apartment,1913,4,5.0,Semi-Furnished,1,11,11.0,2,4,Ready To Move,2.0,1077700.0
PROP_14460,Midtown Corridor,Apartment,1097,1,1.0,Furnished,2,1,5.0,1,2,Ready To Move,2.0,586300.0
PROP_14279,Harbor Point,Luxury Villa,3856,3,3.0,Furnished,1,2,5.0,0,2,Ready To Move,3.0,2767900.0
PROP_12984,Lakeside Estates,Apartment,1073,2,2.0,Unfurnished,1,12,8.0,1,10,Ready To Move,2.0,609300.0
PROP_12668,Sunset Park,Independent House,2929,4,3.0,Unfurnished,1,3,0.0,1,6,Ready To Move,2.0,1358700.0
PROP_13224,Oakridge Valley,Apartment,1396,2,2.0,Semi-Furnished,0,19,12.0,1,3,Ready To Move,5.0,552200.0
PROP_11183,Harbor Point,Studio Apartment,666,1,1.0,Semi-Furnished,2,7,1.0,2,3,Ready To Move,5.0,421000.0
PROP_10615,Westend Terrace,Apartment,1515,2,2.0,Semi-Furnished,2,3,10.0,1,4,Ready To Move,2.0,631300.0
PROP_15914,Silicon Hills,Luxury Villa,4192,4,4.0,Semi-Furnished,2,3,3.0,2,8,Under Construction,4.0,3207800.0
PROP_11467,Sunset Park,Studio Apartment,352,1,1.0,Furnished,1,7,23.0,1,5,Ready To Move,3.0,188200.0
PROP_14498,Sunset Park,Luxury Villa,4847,4,5.0,Furnished,1,3,18.0,2,7,Under Construction,1.0,2110100.0
PROP_13043,Harbor Point,Apartment,1673,3,3.0,Unfurnished,1,12,30.0,1,10,Ready To Move,2.0,809800.0
PROP_10935,Midtown Corridor,Independent House,2674,4,5.0,Furnished,1,2,10.0,2,8,Under Construction,5.0,1411000.0
PROP_12420,Riverside District,Studio Apartment,488,1,1.0,Semi-Furnished,0,17,1.0,1,6,Ready To Move,1.0,293600.0
PROP_15432,Midtown Corridor,Apartment,1135,1,2.0,Semi-Furnished,1,22,18.0,3,7,Ready To Move,5.0,516300.0
PROP_14873,Oakridge Valley,Apartment,1592,3,3.0,Furnished,2,7,14.0,2,3,Ready To Move,4.0,611000.0
PROP_10827,Silicon Hills,Apartment,1099,2,2.0,Semi-Furnished,3,22,0.0,1,4,Ready To Move,5.0,820400.0
PROP_11522,Downtown Central,Independent House,2766,4,5.0,Unfurnished,3,2,5.0,0,5,Ready To Move,2.0,1725000.0
PROP_12931,Midtown Corridor,Independent House,2583,4,4.0,Unfurnished,2,1,8.0,1,9,Ready To Move,3.0,1262000.0
PROP_14233,Oakridge Valley,Apartment,1528,2,2.0,Furnished,0,21,4.0,2,8,Ready To Move,3.0,636200.0
PROP_10629,Harbor Point,Independent House,2980,3,3.0,Unfurnished,2,2,29.0,1,5,Ready To Move,5.0,1525800.0
PROP_14431,Oakridge Valley,Independent House,3077,4,4.0,Furnished,2,2,1.0,1,8,Under Construction,2.0,1247200.0
PROP_13854,Harbor Point,Independent House,2734,4,4.0,Unfurnished,2,2,16.0,1,9,Ready To Move,1.0,1715400.0
PROP_10391,Sunset Park,Apartment,1111,2,2.0,Semi-Furnished,0,10,17.0,1,7,Ready To Move,4.0,484300.0
PROP_14346,Silicon Hills,Apartment,1226,2,2.0,Furnished,1,1,9.0,2,7,Ready To Move,4.0,723900.0
PROP_15875,Midtown Corridor,Apartment,1002,2,2.0,Furnished,1,4,2.0,1,4,Ready To Move,1.0,609300.0
PROP_13991,Sunset Park,Penthouse,4828,4,6.0,Furnished,1,34,3.0,1,5,Ready To Move,1.0,2454100.0
PROP_10401,Lakeside Estates,Apartment,1377,2,2.0,Unfurnished,1,19,15.0,0,8,Under Construction,3.0,665400.0
PROP_13360,Sunset Park,Luxury Villa,5321,6,7.0,Unfurnished,0,4,1.0,2,4,Under Construction,4.0,2588200.0
PROP_10047,Silicon Hills,Studio Apartment,521,1,1.0,Unfurnished,2,14,0.0,0,7,Ready To Move,2.0,373200.0
PROP_15777,Sunset Park,Studio Apartment,570,1,1.0,Furnished,0,2,6.0,2,5,Ready To Move,2.0,286600.0
PROP_15935,Downtown Central,Apartment,1048,1,1.0,Furnished,1,4,9.0,2,5,Ready To Move,3.0,574500.0
PROP_13643,Sunset Park,Independent House,2455,3,3.0,Furnished,2,2,2.0,0,7,Ready To Move,2.0,1158100.0
PROP_13727,Harbor Point,Apartment,1397,2,2.0,Furnished,1,20,2.0,1,6,Ready To Move,3.0,832600.0
PROP_15849,Sunset Park,Studio Apartment,605,1,1.0,Furnished,1,9,4.0,3,9,Ready To Move,5.0,364000.0
PROP_12422,Oakridge Valley,Apartment,1413,2,2.0,Semi-Furnished,2,20,1.0,2,7,Ready To Move,4.0,656500.0
PROP_11751,Greenwood Heights,Apartment,1032,2,2.0,Furnished,1,8,2.0,0,6,Under Construction,4.0,529000.0
PROP_15823,Greenwood Heights,Independent House,2906,3,3.0,Semi-Furnished,1,1,5.0,0,5,Ready To Move,2.0,1229200.0
PROP_14924,Greenwood Heights,Luxury Villa,4468,4,5.0,Semi-Furnished,1,2,0.0,2,10,Ready To Move,1.0,2469000.0
PROP_14063,Midtown Corridor,Penthouse,3503,3,5.0,Unfurnished,2,24,2.0,3,8,Ready To Move,4.0,2514400.0
PROP_10339,Oakridge Valley,Independent House,2611,4,3.0,Semi-Furnished,1,3,21.0,1,7,Ready To Move,4.0,963000.0
PROP_10216,Downtown Central,Apartment,1836,3,2.0,Furnished,1,14,1.0,0,6,Under Construction,2.0,992700.0
PROP_13664,Downtown Central,Luxury Villa,4009,3,4.0,Furnished,1,2,9.0,1,4,Ready To Move,2.0,2751400.0
PROP_11342,Greenwood Heights,Apartment,941,1,1.0,Semi-Furnished,1,23,2.0,1,8,Ready To Move,1.0,443600.0
PROP_15856,Harbor Point,Studio Apartment,665,1,1.0,Semi-Furnished,0,13,6.0,1,5,Ready To Move,5.0,415700.0
PROP_13895,Downtown Central,Independent House,2329,4,3.0,Furnished,2,3,8.0,3,8,Under Construction,5.0,1407200.0
PROP_13641,Riverside District,Apartment,1675,3,2.0,Furnished,1,12,0.0,3,3,Under Construction,5.0,798100.0
PROP_10330,Sunset Park,Penthouse,4724,4,5.0,Unfurnished,1,34,3.0,1,2,Under Construction,4.0,2465200.0
PROP_13005,Harbor Point,Apartment,1985,4,3.0,Unfurnished,1,13,1.0,0,4,Ready To Move,5.0,1097600.0
PROP_15754,Midtown Corridor,Independent House,2504,4,4.0,Furnished,0,1,19.0,2,6,Ready To Move,2.0,1224400.0
PROP_13116,Westend Terrace,Apartment,1515,3,2.0,Semi-Furnished,1,23,0.0,0,5,Ready To Move,1.0,688500.0
PROP_15826,Riverside District,Independent House,2089,3,3.0,Unfurnished,0,2,11.0,2,2,Under Construction,1.0,895600.0
PROP_12323,Westend Terrace,Independent House,3496,5,6.0,Furnished,2,1,7.0,0,2,Ready To Move,1.0,1697100.0
PROP_14198,Oakridge Valley,Studio Apartment,425,1,1.0,Furnished,1,2,11.0,1,3,Ready To Move,3.0,227700.0
PROP_13550,Downtown Central,Independent House,2453,3,2.0,Unfurnished,1,2,0.0,1,7,Under Construction,4.0,1408800.0
PROP_11459,Oakridge Valley,Penthouse,5712,5,6.0,Semi-Furnished,2,27,8.0,0,7,Ready To Move,5.0,2859800.0
PROP_10172,Downtown Central,Penthouse,4307,5,6.0,Semi-Furnished,2,20,10.0,1,8,Under Construction,4.0,2845600.0
PROP_14204,Westend Terrace,Apartment,1443,2,2.0,Unfurnished,2,16,7.0,1,4,Under Construction,2.0,634200.0
PROP_15037,Riverside District,Penthouse,4411,5,6.0,Furnished,2,20,17.0,2,6,Ready To Move,3.0,2770800.0
PROP_13570,Lakeside Estates,Apartment,1293,2,2.0,Semi-Furnished,2,16,4.0,1,3,Ready To Move,1.0,697400.0
PROP_14227,Westend Terrace,Independent House,2929,4,4.0,Unfurnished,2,3,9.0,1,9,Ready To Move,4.0,1537400.0
PROP_14905,Greenwood Heights,Apartment,1509,2,2.0,Furnished,1,5,9.0,3,5,Ready To Move,4.0,706400.0
PROP_14953,Greenwood Heights,Independent House,2669,4,3.0,Furnished,1,1,1.0,1,8,Under Construction,2.0,1247700.0
PROP_10939,Downtown Central,Apartment,895,1,1.0,Semi-Furnished,1,18,11.0,2,4,Ready To Move,4.0,476700.0
PROP_10061,Riverside District,Independent House,2323,5,4.0,Unfurnished,1,1,2.0,2,5,Ready To Move,3.0,1248800.0
PROP_11241,Harbor Point,Independent House,2727,3,3.0,Furnished,1,3,1.0,1,5,Ready To Move,2.0,1638000.0
PROP_15026,Riverside District,Luxury Villa,5227,5,6.0,Furnished,2,4,24.0,2,4,Ready To Move,3.0,2409900.0
PROP_12121,Riverside District,Studio Apartment,566,1,1.0,Furnished,0,6,36.0,1,8,Under Construction,1.0,243400.0
PROP_11525,Westend Terrace,Apartment,1673,3,2.0,Furnished,3,12,9.0,2,3,Ready To Move,1.0,781900.0
PROP_10154,Oakridge Valley,Independent House,2352,3,3.0,Semi-Furnished,2,2,11.0,2,6,Ready To Move,2.0,952000.0
PROP_10482,Westend Terrace,Independent House,2857,4,5.0,Semi-Furnished,0,2,8.0,2,4,Ready To Move,2.0,1337500.0
PROP_14461,Harbor Point,Independent House,3056,4,5.0,Semi-Furnished,1,3,18.0,1,7,Ready To Move,1.0,1696200.0
PROP_13921,Riverside District,Apartment,1897,4,3.0,Semi-Furnished,0,24,33.0,1,9,Ready To Move,3.0,793100.0
PROP_11763,Riverside District,Apartment,1517,2,2.0,Unfurnished,3,14,2.0,1,10,Ready To Move,2.0,756300.0
PROP_10751,Lakeside Estates,Apartment,750,1,1.0,Furnished,3,23,19.0,1,4,Ready To Move,5.0,448700.0
PROP_11786,Lakeside Estates,Apartment,1349,3,3.0,Semi-Furnished,1,22,1.0,1,4,Ready To Move,4.0,815200.0
PROP_14502,Sunset Park,Independent House,2083,3,3.0,Semi-Furnished,1,2,27.0,2,6,Ready To Move,1.0,803100.0
PROP_12712,Greenwood Heights,Studio Apartment,496,1,1.0,Semi-Furnished,2,2,4.0,1,7,Ready To Move,4.0,313400.0
PROP_14862,Westend Terrace,Apartment,1681,3,2.0,Semi-Furnished,1,22,19.0,1,4,Ready To Move,5.0,713700.0
PROP_14194,Silicon Hills,Independent House,2741,4,5.0,Semi-Furnished,1,1,0.0,3,5,Ready To Move,1.0,1919600.0
PROP_11334,Riverside District,Apartment,1379,2,2.0,Furnished,0,6,4.0,2,8,Ready To Move,4.0,738500.0
PROP_15355,Greenwood Heights,Luxury Villa,5480,6,6.0,Semi-Furnished,2,2,7.0,1,7,Ready To Move,4.0,3054500.0
PROP_12855,Downtown Central,Luxury Villa,4674,4,4.0,Unfurnished,2,3,0.0,1,4,Ready To Move,4.0,3122900.0
PROP_10187,Lakeside Estates,Luxury Villa,4479,5,6.0,Furnished,0,3,1.0,1,5,Under Construction,4.0,2583900.0
PROP_11137,Silicon Hills,Independent House,2616,3,3.0,Unfurnished,1,1,11.0,1,6,Ready To Move,2.0,1575100.0
PROP_12059,Midtown Corridor,Studio Apartment,513,1,1.0,Furnished,2,11,2.0,1,6,Ready To Move,4.0,334600.0
PROP_15039,Silicon Hills,Luxury Villa,5050,6,7.0,Unfurnished,1,3,5.0,2,6,Ready To Move,2.0,3708900.0
PROP_10149,Riverside District,Luxury Villa,5685,5,5.0,Furnished,1,2,21.0,1,2,Ready To Move,4.0,2973700.0
PROP_14125,Midtown Corridor,Apartment,1671,3,2.0,Semi-Furnished,2,21,3.0,1,3,Ready To Move,1.0,855400.0
PROP_13364,Oakridge Valley,Independent House,2906,4,3.0,Furnished,0,2,0.0,3,7,Ready To Move,3.0,1328400.0
PROP_12867,Greenwood Heights,Independent House,2702,3,3.0,Unfurnished,3,1,5.0,1,4,Ready To Move,4.0,1306800.0
PROP_13777,Harbor Point,Independent House,2583,4,3.0,Furnished,1,1,3.0,2,6,Ready To Move,2.0,1655300.0
PROP_11387,Riverside District,Luxury Villa,4291,4,4.0,Semi-Furnished,1,2,40.0,0,4,Under Construction,1.0,1703300.0
PROP_15693,Oakridge Valley,Apartment,1522,2,2.0,Semi-Furnished,3,6,16.0,1,5,Ready To Move,5.0,584500.0
PROP_14976,Harbor Point,Independent House,2073,3,3.0,Furnished,1,2,1.0,0,6,Ready To Move,3.0,1423100.0
PROP_13630,Midtown Corridor,Apartment,1595,3,3.0,Semi-Furnished,1,24,7.0,1,4,Under Construction,2.0,777000.0
PROP_15417,Lakeside Estates,Independent House,2752,4,4.0,Unfurnished,1,3,3.0,2,6,Ready To Move,2.0,1697200.0
PROP_13029,Lakeside Estates,Independent House,3516,4,4.0,Unfurnished,1,2,2.0,1,10,Ready To Move,5.0,1853400.0
PROP_12970,Sunset Park,Luxury Villa,4504,4,5.0,Unfurnished,2,4,12.0,3,8,Ready To Move,2.0,2256200.0
PROP_15225,Greenwood Heights,Luxury Villa,5558,5,6.0,Furnished,2,4,17.0,1,4,Ready To Move,5.0,2639400.0
PROP_11709,Greenwood Heights,Penthouse,4169,3,4.0,Unfurnished,1,18,20.0,1,10,Ready To Move,2.0,2210100.0
PROP_12954,Silicon Hills,Apartment,1429,2,3.0,Semi-Furnished,1,14,0.0,0,5,Ready To Move,4.0,926200.0
PROP_10455,Oakridge Valley,Penthouse,5295,4,5.0,Unfurnished,1,19,1.0,1,4,Ready To Move,5.0,2817600.0
PROP_10610,Oakridge Valley,Independent House,2060,3,2.0,Semi-Furnished,1,3,5.0,1,5,Under Construction,2.0,799400.0
PROP_14264,Riverside District,Apartment,1658,3,3.0,Unfurnished,0,21,4.0,1,8,Under Construction,3.0,802900.0
PROP_15098,Silicon Hills,Independent House,2588,2,1.0,Semi-Furnished,1,1,6.0,2,6,Ready To Move,1.0,1621600.0
PROP_12075,Riverside District,Penthouse,6347,5,6.0,Furnished,1,19,2.0,1,4,Ready To Move,1.0,3847400.0
PROP_14053,Westend Terrace,Apartment,2202,4,4.0,Semi-Furnished,1,5,5.0,1,6,Under Construction,4.0,944000.0
PROP_14890,Oakridge Valley,Penthouse,4073,4,5.0,Semi-Furnished,3,21,2.0,1,4,Ready To Move,5.0,2236200.0
PROP_11623,Silicon Hills,Apartment,1212,2,2.0,Semi-Furnished,2,3,4.0,2,3,Ready To Move,3.0,759300.0
PROP_14684,Sunset Park,Luxury Villa,4805,4,5.0,Furnished,3,3,9.0,1,2,Ready To Move,3.0,2413700.0
PROP_15270,Downtown Central,Penthouse,4687,5,6.0,Semi-Furnished,1,23,2.0,1,9,Ready To Move,2.0,3392500.0
PROP_10041,Sunset Park,Studio Apartment,527,1,1.0,Unfurnished,1,10,5.0,2,2,Under Construction,3.0,239600.0
PROP_12090,Silicon Hills,Independent House,2099,3,4.0,Unfurnished,2,1,3.0,2,8,Ready To Move,2.0,1267100.0
PROP_13925,Riverside District,Penthouse,3252,3,4.0,Furnished,2,33,4.0,2,4,Ready To Move,2.0,2019500.0
PROP_12176,Greenwood Heights,Apartment,1229,2,1.0,Semi-Furnished,1,23,4.0,3,6,Ready To Move,1.0,501100.0
PROP_10075,Oakridge Valley,Apartment,757,1,1.0,Furnished,2,23,0.0,0,2,Ready To Move,1.0,377100.0
PROP_14815,Lakeside Estates,Studio Apartment,465,1,1.0,Furnished,0,8,38.0,1,1,Ready To Move,2.0,201900.0
PROP_15942,Westend Terrace,Luxury Villa,4830,4,5.0,Unfurnished,2,2,1.0,2,5,Ready To Move,4.0,2874800.0
PROP_12658,Oakridge Valley,Apartment,1335,2,2.0,Semi-Furnished,1,2,11.0,2,5,Ready To Move,3.0,539700.0
PROP_13181,Harbor Point,Apartment,1096,2,3.0,Furnished,1,8,12.0,2,9,Ready To Move,2.0,674500.0
PROP_12077,Harbor Point,Apartment,1921,3,3.0,Unfurnished,1,1,1.0,1,6,Ready To Move,3.0,1109700.0
PROP_10442,Silicon Hills,Apartment,1025,2,1.0,Furnished,1,24,1.0,1,4,Under Construction,4.0,627000.0
PROP_12052,Westend Terrace,Studio Apartment,563,1,1.0,Unfurnished,1,9,5.0,2,6,Ready To Move,4.0,290700.0
PROP_12542,Oakridge Valley,Apartment,1075,2,2.0,Furnished,2,7,0.0,2,4,Ready To Move,2.0,440500.0
PROP_11302,Westend Terrace,Luxury Villa,5059,6,6.0,Semi-Furnished,2,4,18.0,1,3,Under Construction,3.0,2369900.0
PROP_13431,Downtown Central,Apartment,1118,2,2.0,Semi-Furnished,1,5,7.0,1,2,Ready To Move,2.0,617200.0
PROP_11305,Westend Terrace,Apartment,1890,4,4.0,Unfurnished,2,14,0.0,0,5,Ready To Move,5.0,1011700.0
PROP_10237,Midtown Corridor,Independent House,2106,3,3.0,Furnished,0,1,4.0,2,9,Ready To Move,3.0,1280900.0
PROP_15012,Silicon Hills,Penthouse,4468,4,6.0,Furnished,1,19,0.0,3,7,Ready To Move,5.0,3870900.0
PROP_12600,Harbor Point,Apartment,608,1,1.0,Furnished,1,4,4.0,1,9,Ready To Move,5.0,454400.0
PROP_14617,Lakeside Estates,Independent House,2554,3,3.0,Furnished,1,3,7.0,1,7,Ready To Move,4.0,1299700.0
PROP_12574,Greenwood Heights,Independent House,1434,2,2.0,Furnished,1,1,2.0,1,7,Ready To Move,4.0,779300.0
PROP_13281,Silicon Hills,Apartment,1208,2,2.0,Furnished,1,4,4.0,2,8,Ready To Move,4.0,845400.0
PROP_13187,Silicon Hills,Luxury Villa,3834,5,5.0,Furnished,2,2,5.0,1,7,Under Construction,4.0,2644600.0
PROP_13954,Midtown Corridor,Apartment,1638,3,2.0,Semi-Furnished,1,6,3.0,2,4,Ready To Move,5.0,807600.0
PROP_12769,Lakeside Estates,Penthouse,5323,4,5.0,Furnished,1,29,13.0,3,5,Ready To Move,4.0,3526000.0
PROP_14224,Lakeside Estates,Apartment,2047,4,4.0,Semi-Furnished,2,12,5.0,0,5,Ready To Move,4.0,1175400.0
PROP_12107,Harbor Point,Apartment,1504,3,3.0,Furnished,1,5,4.0,1,5,Ready To Move,5.0,837100.0
PROP_12680,Harbor Point,Apartment,1537,2,2.0,Semi-Furnished,1,21,11.0,2,7,Ready To Move,3.0,841300.0
PROP_12762,Riverside District,Independent House,1914,3,4.0,Furnished,3,2,5.0,1,5,Ready To Move,5.0,1136700.0
PROP_14689,Harbor Point,Apartment,794,1,1.0,Furnished,1,2,6.0,0,5,Ready To Move,2.0,509600.0
PROP_11388,Oakridge Valley,Apartment,2182,4,3.0,Furnished,1,2,17.0,2,5,Ready To Move,2.0,788800.0
PROP_15653,Silicon Hills,Penthouse,3646,4,5.0,Semi-Furnished,0,21,6.0,1,6,Ready To Move,5.0,2729300.0
PROP_15447,Lakeside Estates,Apartment,1584,3,3.0,Furnished,1,9,19.0,2,7,Ready To Move,1.0,763900.0
PROP_11280,Midtown Corridor,Apartment,1633,3,4.0,Furnished,0,23,3.0,2,7,Ready To Move,1.0,917900.0
PROP_15904,Harbor Point,Studio Apartment,502,1,1.0,Unfurnished,2,19,16.0,1,3,Ready To Move,1.0,281300.0
PROP_11556,Downtown Central,Studio Apartment,507,1,1.0,Furnished,0,18,3.0,3,7,Ready To Move,4.0,356300.0
PROP_15659,Harbor Point,Apartment,1100,2,2.0,Furnished,1,4,5.0,2,2,Ready To Move,5.0,674400.0
PROP_13191,Oakridge Valley,Independent House,2777,3,3.0,Semi-Furnished,2,1,2.0,1,2,Under Construction,5.0,1120200.0
PROP_14567,Oakridge Valley,Independent House,2523,4,4.0,Semi-Furnished,2,2,0.0,1,4,Ready To Move,2.0,1078900.0
PROP_14803,Downtown Central,Apartment,908,1,2.0,Semi-Furnished,1,9,2.0,3,6,Ready To Move,1.0,589700.0
PROP_15648,Sunset Park,Independent House,2576,4,4.0,Furnished,1,2,8.0,2,4,Ready To Move,3.0,1180100.0
PROP_13595,Silicon Hills,Luxury Villa,5358,5,6.0,Furnished,0,2,1.0,0,3,Ready To Move,4.0,4141800.0
PROP_11921,Riverside District,Luxury Villa,4114,4,4.0,Furnished,0,3,0.0,1,4,Under Construction,1.0,2208100.0
PROP_10514,Riverside District,Studio Apartment,533,1,1.0,Unfurnished,1,19,11.0,0,5,Ready To Move,5.0,279700.0
PROP_14178,Sunset Park,Luxury Villa,5657,6,7.0,Semi-Furnished,1,3,7.0,0,10,Ready To Move,4.0,2703100.0
PROP_11309,Sunset Park,Apartment,1437,2,2.0,Semi-Furnished,2,15,36.0,0,5,Ready To Move,4.0,468300.0
PROP_10915,Sunset Park,Independent House,2437,4,4.0,Semi-Furnished,1,3,0.0,0,8,Ready To Move,2.0,1174700.0
PROP_13453,Sunset Park,Apartment,1734,3,3.0,Semi-Furnished,0,15,11.0,1,5,Ready To Move,5.0,671400.0
PROP_13696,Westend Terrace,Studio Apartment,507,1,1.0,Semi-Furnished,0,17,5.0,2,7,Ready To Move,2.0,264700.0
PROP_14243,Silicon Hills,Studio Apartment,605,1,1.0,Furnished,2,9,10.0,1,3,Under Construction,5.0,360500.0
PROP_13157,Silicon Hills,Independent House,3183,4,5.0,Furnished,1,2,6.0,0,9,Ready To Move,3.0,2139600.0
PROP_12199,Harbor Point,Apartment,1313,2,2.0,Semi-Furnished,1,9,29.0,3,5,Ready To Move,2.0,635100.0
PROP_10775,Downtown Central,Independent House,2817,4,4.0,Semi-Furnished,1,1,1.0,1,6,Ready To Move,1.0,1703000.0
PROP_14426,Westend Terrace,Studio Apartment,543,1,1.0,Furnished,3,2,15.0,2,6,Ready To Move,4.0,334600.0
PROP_10944,Oakridge Valley,Studio Apartment,503,1,1.0,Unfurnished,1,8,32.0,1,5,Ready To Move,3.0,186500.0
PROP_10823,Lakeside Estates,Penthouse,5968,5,6.0,Semi-Furnished,1,22,8.0,2,4,Under Construction,4.0,4196400.0
PROP_14278,Silicon Hills,Luxury Villa,5404,6,7.0,Semi-Furnished,1,4,4.0,1,4,Ready To Move,5.0,4120400.0
PROP_10165,Downtown Central,Independent House,3181,4,4.0,Furnished,2,1,1.0,1,4,Ready To Move,4.0,2075900.0
PROP_14548,Midtown Corridor,Penthouse,4581,4,5.0,Furnished,1,21,3.0,1,5,Ready To Move,5.0,3377900.0
PROP_13984,Harbor Point,Independent House,2518,4,5.0,Semi-Furnished,2,2,9.0,1,8,Ready To Move,3.0,1561200.0
PROP_12539,Harbor Point,Independent House,2204,4,5.0,Semi-Furnished,1,3,0.0,2,2,Ready To Move,4.0,1448600.0
PROP_15747,Midtown Corridor,Studio Apartment,496,1,1.0,Furnished,1,14,2.0,1,6,Ready To Move,4.0,351900.0
PROP_11312,Silicon Hills,Apartment,1810,3,2.0,Semi-Furnished,1,24,11.0,1,1,Ready To Move,3.0,930100.0
PROP_15014,Silicon Hills,Luxury Villa,5449,4,5.0,Furnished,1,3,3.0,2,2,Ready To Move,1.0,3917700.0
PROP_15589,Oakridge Valley,Penthouse,4118,4,5.0,Semi-Furnished,2,19,9.0,2,8,Ready To Move,1.0,1980200.0
PROP_13301,Sunset Park,Luxury Villa,6457,6,7.0,Furnished,2,2,2.0,1,6,Ready To Move,2.0,3362800.0
PROP_13311,Riverside District,Independent House,2862,4,5.0,Furnished,0,2,5.0,2,5,Ready To Move,5.0,1612900.0
PROP_10328,Oakridge Valley,Apartment,1461,2,2.0,Furnished,1,9,1.0,1,6,Ready To Move,2.0,612700.0
PROP_12491,Harbor Point,Luxury Villa,2782,3,4.0,Unfurnished,1,3,5.0,1,2,Under Construction,1.0,1820200.0
PROP_15642,Greenwood Heights,Luxury Villa,4513,4,5.0,Furnished,1,3,31.0,3,1,Ready To Move,3.0,2063000.0
PROP_14409,Westend Terrace,Luxury Villa,4560,5,5.0,Semi-Furnished,2,2,5.0,1,5,Under Construction,1.0,2633800.0
PROP_10833,Lakeside Estates,Apartment,1469,4,3.0,Furnished,1,18,3.0,2,1,Ready To Move,5.0,868000.0
PROP_13080,Downtown Central,Apartment,1110,2,3.0,Semi-Furnished,0,4,17.0,1,6,Ready To Move,5.0,571300.0
PROP_13463,Lakeside Estates,Luxury Villa,3994,4,5.0,Semi-Furnished,0,2,6.0,1,9,Ready To Move,2.0,2531300.0
PROP_15271,Greenwood Heights,Studio Apartment,558,1,1.0,Semi-Furnished,1,17,5.0,2,4,Under Construction,4.0,261400.0
PROP_10055,Oakridge Valley,Independent House,2827,4,3.0,Semi-Furnished,1,1,21.0,2,8,Ready To Move,5.0,995700.0
PROP_14065,Sunset Park,Apartment,911,1,1.0,Unfurnished,1,8,2.0,1,4,Ready To Move,1.0,402900.0
PROP_13452,Greenwood Heights,Studio Apartment,610,1,1.0,Furnished,1,10,26.0,1,5,Ready To Move,1.0,254700.0
PROP_11902,Silicon Hills,Luxury Villa,3619,3,3.0,Unfurnished,1,2,3.0,0,6,Ready To Move,5.0,2815800.0
PROP_11482,Silicon Hills,Independent House,2629,4,5.0,Semi-Furnished,1,1,40.0,1,6,Ready To Move,3.0,1297100.0
PROP_14151,Downtown Central,Apartment,1497,3,3.0,Furnished,1,22,18.0,2,6,Ready To Move,2.0,800000.0
PROP_13336,Riverside District,Apartment,1160,2,1.0,Semi-Furnished,1,19,5.0,2,7,Ready To Move,2.0,597800.0
PROP_10947,Greenwood Heights,Independent House,2645,4,4.0,Semi-Furnished,0,3,3.0,2,6,Ready To Move,3.0,1228700.0
PROP_13294,Harbor Point,Studio Apartment,473,1,1.0,Semi-Furnished,1,5,18.0,2,2,Ready To Move,3.0,274600.0
PROP_12162,Greenwood Heights,Apartment,1208,2,1.0,Unfurnished,1,2,3.0,2,3,Under Construction,3.0,511200.0
PROP_15558,Greenwood Heights,Apartment,1223,2,1.0,Semi-Furnished,0,15,1.0,1,3,Ready To Move,1.0,538200.0
PROP_13058,Riverside District,Apartment,1431,2,2.0,Furnished,1,14,12.0,0,6,Ready To Move,5.0,649500.0
PROP_10769,Oakridge Valley,Penthouse,4216,5,7.0,Unfurnished,1,33,0.0,1,3,Ready To Move,3.0,2135700.0
PROP_15662,Harbor Point,Independent House,1854,2,2.0,Semi-Furnished,2,2,3.0,1,3,Ready To Move,2.0,1201800.0
PROP_13496,Riverside District,Penthouse,3653,3,5.0,Unfurnished,0,27,0.0,1,5,Under Construction,4.0,2380000.0
PROP_10286,Oakridge Valley,Independent House,3723,5,4.0,Furnished,1,1,2.0,0,5,Ready To Move,3.0,1636000.0
PROP_15952,Harbor Point,Independent House,2359,3,3.0,Semi-Furnished,2,3,8.0,1,8,Ready To Move,3.0,1402800.0
PROP_14525,Lakeside Estates,Apartment,2316,4,3.0,Semi-Furnished,1,1,5.0,1,3,Ready To Move,5.0,1246500.0
PROP_12333,Silicon Hills,Independent House,2610,3,3.0,Furnished,2,1,2.0,1,6,Ready To Move,1.0,1846800.0
PROP_12718,Greenwood Heights,Apartment,1236,2,2.0,Semi-Furnished,2,13,3.0,1,7,Under Construction,3.0,499800.0
PROP_12080,Midtown Corridor,Apartment,1428,2,1.0,Unfurnished,1,6,0.0,1,4,Ready To Move,2.0,736800.0
PROP_13390,Westend Terrace,Apartment,1842,3,3.0,Furnished,1,18,22.0,2,6,Ready To Move,5.0,832100.0
PROP_10723,Downtown Central,Independent House,2482,3,4.0,Semi-Furnished,2,2,0.0,1,9,Ready To Move,2.0,1647600.0
PROP_10952,Greenwood Heights,Luxury Villa,3734,3,4.0,Furnished,1,2,13.0,2,7,Ready To Move,1.0,2063800.0
PROP_15240,Harbor Point,Apartment,768,1,1.0,Furnished,2,9,10.0,2,7,Ready To Move,5.0,498700.0
PROP_12263,Midtown Corridor,Independent House,2352,3,4.0,Furnished,1,1,5.0,1,8,Ready To Move,3.0,1291800.0
PROP_10990,Westend Terrace,Apartment,901,1,1.0,Semi-Furnished,1,6,4.0,2,5,Ready To Move,3.0,418000.0
PROP_13213,Downtown Central,Independent House,2951,3,3.0,Furnished,0,1,9.0,1,5,Ready To Move,3.0,1756600.0
PROP_11760,Downtown Central,Studio Apartment,546,1,1.0,Furnished,1,16,7.0,1,7,Ready To Move,5.0,379800.0
PROP_14936,Riverside District,Independent House,2860,4,4.0,Unfurnished,1,2,5.0,0,10,Under Construction,5.0,1413000.0
PROP_14423,Silicon Hills,Independent House,1909,3,2.0,Semi-Furnished,1,2,11.0,2,3,Ready To Move,3.0,1267100.0
PROP_11725,Midtown Corridor,Apartment,1402,3,3.0,Unfurnished,1,21,5.0,3,10,Ready To Move,2.0,776600.0
PROP_10342,Sunset Park,Apartment,1661,2,2.0,Furnished,0,6,1.0,1,6,Ready To Move,2.0,719100.0
PROP_13702,Harbor Point,Apartment,1605,3,3.0,Semi-Furnished,2,15,0.0,0,9,Under Construction,4.0,919800.0
PROP_14244,Downtown Central,Apartment,1307,2,2.0,Unfurnished,2,14,3.0,2,7,Ready To Move,5.0,811500.0
PROP_10689,Greenwood Heights,Independent House,1763,2,1.0,Semi-Furnished,2,3,12.0,1,3,Ready To Move,1.0,732500.0
PROP_13433,Westend Terrace,Luxury Villa,3750,3,3.0,Unfurnished,3,3,2.0,1,4,Ready To Move,4.0,2115700.0
PROP_10967,Harbor Point,Apartment,888,1,1.0,Furnished,3,18,7.0,1,9,Ready To Move,4.0,615500.0
PROP_15688,Silicon Hills,Studio Apartment,754,1,1.0,Unfurnished,2,14,5.0,1,10,Ready To Move,5.0,553000.0
PROP_12204,Harbor Point,Luxury Villa,5108,5,6.0,Semi-Furnished,1,2,3.0,2,4,Ready To Move,4.0,3844900.0
PROP_12714,Riverside District,Apartment,1590,3,2.0,Furnished,1,9,2.0,3,10,Ready To Move,2.0,758800.0
PROP_14758,Midtown Corridor,Independent House,2839,3,4.0,Furnished,2,1,7.0,1,4,Ready To Move,4.0,1554400.0
PROP_15298,Westend Terrace,Luxury Villa,6045,6,6.0,Furnished,0,2,3.0,1,3,Under Construction,4.0,3221000.0
PROP_15507,Oakridge Valley,Studio Apartment,404,1,1.0,Semi-Furnished,1,7,4.0,2,5,Ready To Move,3.0,219000.0
PROP_13573,Westend Terrace,Apartment,1764,3,3.0,Semi-Furnished,1,12,1.0,1,10,Ready To Move,5.0,851700.0
PROP_14806,Westend Terrace,Luxury Villa,5737,6,6.0,Unfurnished,3,3,9.0,2,7,Under Construction,4.0,2955200.0
PROP_11991,Westend Terrace,Penthouse,4585,4,5.0,Semi-Furnished,1,25,3.0,0,4,Ready To Move,4.0,2926800.0
PROP_14121,Downtown Central,Independent House,2387,4,3.0,Furnished,2,2,5.0,0,5,Ready To Move,4.0,1467900.0
PROP_14760,Westend Terrace,Independent House,2220,3,3.0,Furnished,2,2,5.0,0,8,Ready To Move,5.0,1121900.0
PROP_14931,Sunset Park,Apartment,885,1,1.0,Semi-Furnished,1,10,0.0,2,7,Ready To Move,5.0,427000.0
PROP_15714,Midtown Corridor,Apartment,1811,3,3.0,Furnished,2,17,5.0,1,5,Ready To Move,1.0,910700.0
PROP_15707,Midtown Corridor,Independent House,3214,5,4.0,Semi-Furnished,2,2,3.0,2,3,Ready To Move,1.0,1782000.0
PROP_13601,Downtown Central,Independent House,3079,4,5.0,Furnished,1,2,31.0,2,2,Ready To Move,5.0,1463400.0
PROP_15493,Westend Terrace,Apartment,1696,3,3.0,Furnished,0,7,4.0,1,10,Ready To Move,2.0,883600.0
PROP_15997,Harbor Point,Apartment,1783,3,2.0,Semi-Furnished,1,19,6.0,2,4,Ready To Move,5.0,1053900.0
PROP_14955,Lakeside Estates,Apartment,2102,4,4.0,Furnished,2,3,0.0,3,6,Ready To Move,3.0,1125900.0
PROP_10386,Westend Terrace,Studio Apartment,629,1,1.0,Furnished,2,5,0.0,1,6,Ready To Move,4.0,366000.0
PROP_15246,Riverside District,Independent House,2251,3,3.0,Semi-Furnished,2,2,37.0,1,3,Ready To Move,1.0,916700.0
PROP_15495,Riverside District,Independent House,2607,4,4.0,Semi-Furnished,1,2,1.0,2,5,Ready To Move,1.0,1527700.0
PROP_10537,Sunset Park,Apartment,724,1,2.0,Semi-Furnished,1,11,5.0,2,2,Ready To Move,4.0,355500.0
PROP_15831,Silicon Hills,Independent House,2063,2,3.0,Unfurnished,2,1,10.0,1,6,Ready To Move,5.0,1266900.0
PROP_14213,Midtown Corridor,Apartment,1576,3,3.0,Semi-Furnished,1,4,10.0,1,1,Ready To Move,3.0,768800.0
PROP_13508,Harbor Point,Apartment,2034,3,4.0,Furnished,2,6,3.0,2,10,Ready To Move,4.0,1239900.0
PROP_10202,Downtown Central,Independent House,1624,2,2.0,Unfurnished,1,2,6.0,1,5,Ready To Move,2.0,950900.0
PROP_11333,Downtown Central,Independent House,2635,3,3.0,Unfurnished,2,3,1.0,2,7,Ready To Move,2.0,1723300.0
PROP_13503,Silicon Hills,Luxury Villa,3793,3,3.0,Semi-Furnished,1,2,4.0,2,4,Ready To Move,4.0,2841000.0
PROP_12709,Silicon Hills,Independent House,2528,3,3.0,Semi-Furnished,3,1,1.0,1,2,Ready To Move,1.0,1666400.0
PROP_14663,Riverside District,Luxury Villa,5496,6,6.0,Semi-Furnished,1,2,2.0,3,4,Ready To Move,3.0,3313800.0
PROP_14022,Harbor Point,Studio Apartment,470,1,1.0,Furnished,1,4,2.0,1,10,Ready To Move,4.0,382800.0
PROP_11855,Riverside District,Apartment,1641,3,2.0,Semi-Furnished,2,14,3.0,1,3,Ready To Move,2.0,747400.0
PROP_15379,Midtown Corridor,Independent House,1786,3,3.0,Furnished,2,2,19.0,2,4,Under Construction,2.0,831700.0
PROP_12873,Midtown Corridor,Penthouse,4912,5,6.0,Unfurnished,3,24,17.0,1,1,Ready To Move,2.0,3147600.0
PROP_13031,Riverside District,Apartment,1480,3,3.0,Furnished,3,3,13.0,2,7,Ready To Move,4.0,773100.0
PROP_11206,Westend Terrace,Studio Apartment,627,1,1.0,Semi-Furnished,1,18,5.0,0,6,Ready To Move,1.0,330700.0
PROP_11646,Midtown Corridor,Independent House,2820,3,3.0,Furnished,3,2,14.0,1,4,Ready To Move,4.0,1555800.0
PROP_13418,Downtown Central,Apartment,1578,2,3.0,Unfurnished,0,2,4.0,2,4,Ready To Move,2.0,877300.0
PROP_13477,Greenwood Heights,Independent House,2322,4,5.0,Semi-Furnished,1,1,8.0,2,5,Ready To Move,2.0,1093900.0
PROP_12862,Westend Terrace,Independent House,2625,3,3.0,Furnished,2,2,6.0,1,6,Under Construction,5.0,1240600.0
PROP_11793,Silicon Hills,Apartment,1802,3,3.0,Semi-Furnished,1,15,2.0,1,5,Under Construction,5.0,993000.0
PROP_13798,Greenwood Heights,Apartment,1703,2,2.0,Furnished,1,2,9.0,2,2,Ready To Move,5.0,705400.0
PROP_13369,Silicon Hills,Apartment,1469,3,3.0,Unfurnished,2,4,20.0,2,4,Ready To Move,4.0,852500.0
PROP_13368,Midtown Corridor,Independent House,2068,3,4.0,Semi-Furnished,1,2,26.0,1,9,Ready To Move,1.0,1066800.0
PROP_13534,Westend Terrace,Apartment,1701,3,3.0,Semi-Furnished,1,16,5.0,2,5,Ready To Move,5.0,787100.0
PROP_15931,Downtown Central,Apartment,1571,2,3.0,Semi-Furnished,2,19,2.0,1,2,Ready To Move,2.0,887000.0
PROP_13450,Riverside District,Luxury Villa,5021,5,6.0,Unfurnished,1,4,1.0,2,5,Ready To Move,4.0,2827600.0
PROP_10604,Greenwood Heights,Apartment,1467,3,3.0,Unfurnished,1,11,20.0,3,4,Ready To Move,4.0,540000.0
PROP_13057,Greenwood Heights,Apartment,1550,3,3.0,Semi-Furnished,1,18,3.0,2,3,Ready To Move,1.0,694600.0
PROP_15230,Riverside District,Independent House,2299,3,2.0,Semi-Furnished,3,1,7.0,2,5,Under Construction,5.0,1133900.0
PROP_10127,Riverside District,Independent House,2969,4,4.0,Furnished,1,1,10.0,1,6,Ready To Move,5.0,1523100.0
PROP_13877,Midtown Corridor,Apartment,2058,4,4.0,Semi-Furnished,1,12,8.0,1,6,Ready To Move,1.0,966500.0
PROP_12936,Oakridge Valley,Independent House,2208,3,2.0,Semi-Furnished,2,2,0.0,2,5,Ready To Move,1.0,939900.0
PROP_14452,Lakeside Estates,Independent House,2502,4,5.0,Unfurnished,3,1,5.0,1,7,Ready To Move,5.0,1569500.0
PROP_13532,Harbor Point,Independent House,2441,3,2.0,Unfurnished,1,2,5.0,3,6,Ready To Move,5.0,1475400.0
PROP_12731,Downtown Central,Apartment,1087,2,2.0,Unfurnished,1,12,0.0,0,10,Ready To Move,4.0,671400.0
PROP_10828,Oakridge Valley,Apartment,963,1,1.0,Semi-Furnished,1,15,8.0,2,4,Ready To Move,2.0,425400.0
PROP_11640,Sunset Park,Independent House,3552,5,4.0,Furnished,2,2,13.0,2,8,Ready To Move,4.0,1574500.0
PROP_10985,Riverside District,Apartment,1337,2,2.0,Semi-Furnished,1,23,16.0,1,6,Ready To Move,2.0,589300.0
PROP_13282,Midtown Corridor,Apartment,1396,3,3.0,Semi-Furnished,2,22,9.0,1,6,Ready To Move,1.0,703600.0
PROP_15988,Downtown Central,Apartment,928,2,3.0,Furnished,2,4,4.0,1,2,Ready To Move,5.0,566100.0
PROP_12189,Harbor Point,Apartment,2056,3,3.0,Semi-Furnished,1,17,18.0,1,6,Ready To Move,2.0,1126700.0
PROP_15544,Midtown Corridor,Luxury Villa,4103,3,3.0,Semi-Furnished,1,3,20.0,1,1,Ready To Move,2.0,2531800.0
PROP_12444,Lakeside Estates,Independent House,2517,3,2.0,Semi-Furnished,0,2,0.0,1,6,Ready To Move,4.0,1452000.0
PROP_10363,Harbor Point,Apartment,1218,2,1.0,Semi-Furnished,1,1,2.0,1,4,Under Construction,2.0,634800.0
PROP_12350,Lakeside Estates,Independent House,3164,3,2.0,Furnished,2,1,1.0,3,6,Ready To Move,2.0,1741900.0
PROP_10346,Oakridge Valley,Penthouse,4409,4,6.0,Furnished,2,23,36.0,1,3,Ready To Move,1.0,1701300.0
PROP_10815,Harbor Point,Apartment,1329,2,2.0,Semi-Furnished,2,4,4.0,2,8,Under Construction,2.0,742600.0
PROP_14808,Harbor Point,Independent House,1671,2,3.0,Furnished,1,2,11.0,1,5,Ready To Move,1.0,1034400.0
PROP_13206,Lakeside Estates,Apartment,1086,2,1.0,Furnished,1,19,1.0,1,10,Under Construction,5.0,606700.0
PROP_14995,Westend Terrace,Independent House,2361,4,5.0,Semi-Furnished,1,2,0.0,1,6,Ready To Move,1.0,1247800.0
PROP_15772,Harbor Point,Penthouse,5018,4,5.0,Semi-Furnished,1,27,6.0,1,2,Ready To Move,4.0,3536500.0
PROP_13326,Oakridge Valley,Apartment,1432,2,1.0,Unfurnished,3,3,1.0,1,9,Ready To Move,3.0,618700.0
PROP_14107,Oakridge Valley,Independent House,2814,4,3.0,Furnished,2,2,25.0,1,5,Ready To Move,1.0,961600.0
PROP_12117,Westend Terrace,Apartment,1818,3,4.0,Semi-Furnished,1,20,0.0,2,6,Under Construction,5.0,786000.0
PROP_11835,Downtown Central,Independent House,3169,4,3.0,Semi-Furnished,2,2,6.0,3,6,Ready To Move,2.0,1825000.0
PROP_10794,Greenwood Heights,Studio Apartment,609,1,1.0,Semi-Furnished,2,11,7.0,2,4,Under Construction,1.0,290000.0
PROP_15961,Sunset Park,Apartment,1421,2,2.0,Semi-Furnished,1,2,7.0,1,6,Ready To Move,2.0,612100.0
PROP_12675,Midtown Corridor,Apartment,1579,3,2.0,Furnished,1,10,10.0,1,3,Ready To Move,2.0,808400.0
PROP_10095,Midtown Corridor,Apartment,1439,3,3.0,Semi-Furnished,1,12,1.0,2,6,Ready To Move,1.0,726500.0
PROP_14226,Harbor Point,Apartment,958,2,2.0,Semi-Furnished,1,5,4.0,1,6,Ready To Move,1.0,537700.0
PROP_13757,Midtown Corridor,Apartment,1328,1,3.0,Furnished,1,22,15.0,1,10,Ready To Move,4.0,689000.0
PROP_12892,Downtown Central,Penthouse,3996,3,4.0,Unfurnished,2,24,27.0,3,5,Ready To Move,3.0,2555800.0
PROP_12372,Harbor Point,Penthouse,5060,5,6.0,Semi-Furnished,1,24,1.0,1,4,Ready To Move,3.0,4006000.0
PROP_14982,Oakridge Valley,Apartment,1333,2,3.0,Furnished,0,17,5.0,1,3,Ready To Move,5.0,593800.0
PROP_15331,Silicon Hills,Studio Apartment,444,1,1.0,Semi-Furnished,0,4,2.0,1,3,Ready To Move,4.0,289000.0
PROP_13229,Silicon Hills,Independent House,2268,3,2.0,Unfurnished,1,2,5.0,1,4,Ready To Move,1.0,1289000.0
PROP_15363,Silicon Hills,Independent House,2800,3,4.0,Semi-Furnished,2,1,3.0,1,5,Ready To Move,5.0,1925700.0
PROP_12854,Oakridge Valley,Luxury Villa,4894,5,5.0,Furnished,1,2,9.0,2,9,Under Construction,4.0,2264700.0
PROP_12913,Westend Terrace,Apartment,971,2,2.0,Semi-Furnished,1,16,8.0,2,4,Ready To Move,4.0,453900.0
PROP_11866,Harbor Point,Luxury Villa,4070,4,5.0,Semi-Furnished,1,4,1.0,2,3,Under Construction,5.0,2623900.0
PROP_14613,Midtown Corridor,Luxury Villa,5414,6,7.0,Semi-Furnished,1,2,5.0,3,4,Ready To Move,3.0,3083300.0
PROP_11858,Harbor Point,Apartment,1538,3,3.0,Semi-Furnished,2,10,6.0,2,5,Ready To Move,1.0,881900.0
PROP_12646,Westend Terrace,Luxury Villa,4341,4,5.0,Furnished,1,2,0.0,2,6,Ready To Move,4.0,2786200.0
PROP_12244,Downtown Central,Apartment,1382,3,2.0,Semi-Furnished,0,8,2.0,2,4,Ready To Move,1.0,820400.0
PROP_12337,Lakeside Estates,Penthouse,3970,3,4.0,Furnished,2,30,0.0,1,7,Ready To Move,2.0,2763900.0
PROP_10951,Midtown Corridor,Apartment,702,2,3.0,Furnished,1,20,0.0,1,3,Ready To Move,3.0,460400.0
PROP_13069,Lakeside Estates,Apartment,732,1,1.0,Furnished,0,23,5.0,2,8,Under Construction,3.0,420100.0
PROP_11121,Sunset Park,Apartment,2252,4,3.0,Semi-Furnished,0,23,10.0,3,4,Ready To Move,2.0,788800.0
PROP_12598,Downtown Central,Penthouse,3492,3,4.0,Furnished,2,33,11.0,1,6,Ready To Move,1.0,2544900.0
PROP_12205,Harbor Point,Apartment,748,1,1.0,Furnished,1,13,14.0,1,8,Ready To Move,4.0,429600.0
PROP_10420,Midtown Corridor,Apartment,1638,2,2.0,Furnished,1,6,6.0,2,6,Ready To Move,2.0,854200.0
PROP_10923,Riverside District,Luxury Villa,5796,5,6.0,Furnished,2,3,8.0,1,8,Ready To Move,5.0,3353300.0
PROP_11255,Silicon Hills,Penthouse,4860,4,6.0,Furnished,2,24,0.0,0,4,Ready To Move,2.0,4408900.0
PROP_10478,Sunset Park,Apartment,1452,3,4.0,Furnished,1,12,3.0,2,4,Ready To Move,4.0,731000.0
PROP_12036,Harbor Point,Apartment,1734,3,3.0,Unfurnished,1,18,10.0,2,4,Ready To Move,1.0,979700.0
PROP_11203,Westend Terrace,Penthouse,4700,4,5.0,Semi-Furnished,2,30,1.0,2,8,Ready To Move,1.0,3152100.0
PROP_12627,Riverside District,Apartment,1948,4,3.0,Unfurnished,2,9,7.0,1,5,Ready To Move,5.0,927600.0
PROP_15797,Sunset Park,Independent House,2829,4,4.0,Semi-Furnished,2,1,5.0,1,6,Ready To Move,4.0,1403200.0
PROP_11971,Sunset Park,Apartment,1466,2,3.0,Semi-Furnished,2,20,10.0,1,5,Ready To Move,5.0,649800.0
PROP_13111,Silicon Hills,Penthouse,4310,3,5.0,Unfurnished,2,24,8.0,1,4,Under Construction,5.0,2965500.0
PROP_14019,Sunset Park,Independent House,3290,5,4.0,Unfurnished,2,1,2.0,2,5,Ready To Move,5.0,1656700.0
PROP_12152,Sunset Park,Independent House,2294,4,4.0,Semi-Furnished,2,2,35.0,0,4,Ready To Move,1.0,861800.0
PROP_13688,Harbor Point,Independent House,2431,4,3.0,Unfurnished,1,1,4.0,2,6,Ready To Move,2.0,1487900.0
PROP_14917,Greenwood Heights,Apartment,1353,2,2.0,Furnished,0,9,9.0,3,6,Ready To Move,5.0,610200.0
PROP_11998,Lakeside Estates,Apartment,1365,2,2.0,Semi-Furnished,0,11,1.0,2,8,Ready To Move,1.0,764300.0
PROP_14034,Riverside District,Independent House,3313,4,3.0,Semi-Furnished,1,2,12.0,1,5,Under Construction,5.0,1462900.0
PROP_15908,Downtown Central,Independent House,3169,4,4.0,Furnished,2,2,14.0,1,8,Under Construction,3.0,1552600.0
PROP_13055,Oakridge Valley,Independent House,2613,4,3.0,Semi-Furnished,0,2,6.0,3,8,Ready To Move,3.0,1143500.0
PROP_11249,Greenwood Heights,Luxury Villa,4840,4,4.0,Furnished,1,3,2.0,2,2,Ready To Move,3.0,2912600.0
PROP_12193,Riverside District,Apartment,1268,2,1.0,Semi-Furnished,1,15,19.0,1,2,Ready To Move,5.0,536600.0
PROP_12713,Sunset Park,Apartment,1431,2,1.0,Semi-Furnished,1,20,0.0,3,7,Ready To Move,4.0,696900.0
PROP_10993,Harbor Point,Studio Apartment,667,1,1.0,Semi-Furnished,1,1,15.0,2,8,Ready To Move,1.0,389200.0
PROP_12191,Silicon Hills,Studio Apartment,597,1,1.0,Semi-Furnished,1,7,7.0,2,5,Under Construction,1.0,373100.0
PROP_14671,Westend Terrace,Independent House,1832,2,1.0,Furnished,2,3,5.0,2,10,Ready To Move,4.0,995100.0
PROP_13763,Riverside District,Independent House,3565,5,5.0,Semi-Furnished,1,1,0.0,2,9,Ready To Move,2.0,1921100.0
PROP_13598,Lakeside Estates,Apartment,1470,2,1.0,Unfurnished,2,3,9.0,1,6,Ready To Move,5.0,737800.0
PROP_14712,Riverside District,Independent House,2585,3,2.0,Semi-Furnished,0,1,7.0,1,5,Ready To Move,4.0,1202300.0
PROP_11319,Westend Terrace,Apartment,1571,3,3.0,Unfurnished,1,5,1.0,1,7,Ready To Move,2.0,718700.0
PROP_11864,Downtown Central,Luxury Villa,5487,5,5.0,Furnished,1,3,13.0,2,9,Under Construction,4.0,2992200.0
PROP_12344,Midtown Corridor,Apartment,1540,3,3.0,Furnished,1,6,5.0,1,4,Ready To Move,2.0,814000.0
PROP_12450,Oakridge Valley,Luxury Villa,4457,4,4.0,Semi-Furnished,1,2,5.0,2,3,Ready To Move,3.0,2067600.0
PROP_12137,Riverside District,Apartment,1168,2,2.0,Furnished,1,3,9.0,2,4,Ready To Move,1.0,610800.0
PROP_11066,Lakeside Estates,Apartment,1611,3,2.0,Semi-Furnished,1,18,6.0,1,3,Ready To Move,2.0,826000.0
PROP_15976,Midtown Corridor,Apartment,1430,2,2.0,Semi-Furnished,1,6,11.0,2,3,Ready To Move,3.0,730800.0
PROP_14228,Westend Terrace,Apartment,1674,3,4.0,Semi-Furnished,1,12,8.0,0,4,Ready To Move,2.0,731400.0
PROP_12622,Downtown Central,Independent House,2483,3,2.0,Furnished,2,1,2.0,2,4,Under Construction,4.0,1495300.0
PROP_10078,Sunset Park,Independent House,2718,3,3.0,Furnished,0,2,9.0,1,5,Ready To Move,4.0,1161300.0
PROP_12899,Sunset Park,Apartment,1383,2,2.0,Semi-Furnished,1,19,5.0,1,7,Under Construction,2.0,593500.0
PROP_14821,Westend Terrace,Apartment,1820,3,3.0,Furnished,2,10,2.0,1,5,Ready To Move,2.0,995700.0
PROP_11315,Riverside District,Apartment,1235,2,2.0,Semi-Furnished,1,4,16.0,1,4,Ready To Move,5.0,550400.0
PROP_15925,Oakridge Valley,Independent House,2408,3,2.0,Furnished,0,2,1.0,1,7,Ready To Move,1.0,1134300.0
PROP_10873,Riverside District,Independent House,2257,3,3.0,Semi-Furnished,1,2,2.0,1,6,Ready To Move,1.0,1220200.0
PROP_13851,Westend Terrace,Apartment,1107,2,2.0,Semi-Furnished,0,21,1.0,1,5,Ready To Move,1.0,557800.0
PROP_15762,Silicon Hills,Studio Apartment,512,1,1.0,Furnished,0,7,8.0,2,5,Ready To Move,1.0,345700.0
PROP_12966,Greenwood Heights,Independent House,2576,3,2.0,Furnished,2,2,1.0,1,1,Ready To Move,4.0,1204300.0
PROP_13392,Lakeside Estates,Apartment,1675,3,3.0,Unfurnished,2,18,6.0,2,7,Ready To Move,4.0,892300.0
PROP_12561,Oakridge Valley,Luxury Villa,4077,4,4.0,Semi-Furnished,1,2,1.0,1,9,Ready To Move,5.0,2092600.0
PROP_15901,Harbor Point,Apartment,1400,2,1.0,Furnished,1,22,5.0,1,8,Under Construction,5.0,838500.0
PROP_12636,Oakridge Valley,Penthouse,2878,3,5.0,Unfurnished,0,33,7.0,1,4,Ready To Move,3.0,1410800.0
PROP_13531,Harbor Point,Luxury Villa,4216,3,3.0,Semi-Furnished,1,3,7.0,1,4,Ready To Move,4.0,2877200.0
PROP_10376,Oakridge Valley,Luxury Villa,5303,5,5.0,Unfurnished,0,2,1.0,1,10,Under Construction,5.0,2615200.0
PROP_11909,Greenwood Heights,Independent House,2707,4,3.0,Semi-Furnished,0,2,8.0,2,4,Ready To Move,5.0,1248500.0
PROP_14430,Harbor Point,Luxury Villa,4720,3,4.0,Semi-Furnished,2,2,6.0,1,6,Ready To Move,3.0,3245800.0
PROP_15200,Silicon Hills,Apartment,1190,2,2.0,Semi-Furnished,3,10,8.0,1,3,Under Construction,4.0,734800.0
PROP_15258,Greenwood Heights,Luxury Villa,4156,3,3.0,Semi-Furnished,1,3,5.0,0,4,Ready To Move,4.0,2144900.0
PROP_14028,Silicon Hills,Apartment,1355,2,3.0,Unfurnished,3,8,18.0,2,9,Ready To Move,3.0,732500.0
PROP_11605,Sunset Park,Apartment,1447,3,3.0,Furnished,2,14,1.0,1,9,Ready To Move,1.0,684700.0
PROP_11119,Oakridge Valley,Apartment,1150,2,2.0,Semi-Furnished,1,4,6.0,0,4,Under Construction,4.0,481900.0
PROP_13678,Sunset Park,Independent House,2394,3,4.0,Semi-Furnished,1,2,1.0,2,10,Ready To Move,3.0,1097700.0
PROP_13491,Westend Terrace,Studio Apartment,582,1,1.0,Unfurnished,2,1,13.0,1,5,Ready To Move,5.0,306000.0
PROP_15860,Downtown Central,Independent House,3105,5,4.0,Semi-Furnished,1,1,5.0,1,6,Ready To Move,3.0,1919800.0
PROP_12959,Lakeside Estates,Penthouse,4567,3,4.0,Unfurnished,0,22,4.0,1,7,Under Construction,4.0,2972300.0
PROP_11995,Silicon Hills,Independent House,2274,3,2.0,Semi-Furnished,2,2,1.0,2,4,Under Construction,1.0,1412900.0
PROP_15971,Downtown Central,Independent House,2579,4,3.0,Semi-Furnished,1,2,1.0,1,3,Ready To Move,3.0,1575600.0
PROP_15224,Oakridge Valley,Apartment,1356,2,2.0,Unfurnished,1,1,1.0,1,5,Ready To Move,2.0,589700.0
PROP_12377,Lakeside Estates,Studio Apartment,413,1,1.0,Furnished,2,16,1.0,2,3,Ready To Move,5.0,294500.0
PROP_11343,Westend Terrace,Apartment,2039,4,5.0,Semi-Furnished,1,17,0.0,1,10,Under Construction,4.0,1017200.0
PROP_10321,Harbor Point,Apartment,1210,2,2.0,Semi-Furnished,1,7,19.0,1,8,Ready To Move,2.0,582500.0
PROP_11620,Westend Terrace,Independent House,3134,5,4.0,Semi-Furnished,1,3,27.0,1,8,Ready To Move,1.0,1257200.0
PROP_13714,Westend Terrace,Independent House,2222,3,2.0,Furnished,1,2,10.0,1,5,Ready To Move,1.0,1063200.0
PROP_12061,Oakridge Valley,Apartment,1361,2,1.0,Unfurnished,1,21,4.0,1,9,Ready To Move,1.0,568000.0
PROP_12220,Lakeside Estates,Luxury Villa,4917,5,6.0,Furnished,1,4,13.0,0,3,Ready To Move,4.0,3080500.0
PROP_11674,Harbor Point,Studio Apartment,508,1,1.0,Furnished,1,5,25.0,1,4,Ready To Move,2.0,315200.0
PROP_10261,Silicon Hills,Studio Apartment,492,1,1.0,Unfurnished,2,8,4.0,1,7,Ready To Move,3.0,377000.0
PROP_15310,Riverside District,Apartment,1945,3,2.0,Semi-Furnished,1,6,4.0,1,5,Ready To Move,2.0,1019700.0
PROP_12040,Harbor Point,Studio Apartment,468,1,1.0,Furnished,0,16,5.0,0,4,Under Construction,2.0,279000.0
PROP_14786,Downtown Central,Luxury Villa,4360,4,5.0,Furnished,3,2,8.0,1,4,Under Construction,5.0,2951800.0
PROP_10902,Downtown Central,Apartment,1228,2,2.0,Furnished,1,22,7.0,2,3,Under Construction,4.0,700600.0
PROP_13745,Downtown Central,Apartment,1428,2,1.0,Semi-Furnished,0,12,1.0,2,5,Ready To Move,1.0,834900.0
PROP_12027,Downtown Central,Apartment,1277,2,2.0,Semi-Furnished,2,7,3.0,2,7,Under Construction,5.0,753000.0
PROP_14235,Westend Terrace,Independent House,3274,4,4.0,Semi-Furnished,1,3,0.0,1,8,Ready To Move,5.0,1758900.0
PROP_11918,Greenwood Heights,Apartment,1339,2,2.0,Unfurnished,1,2,1.0,2,5,Ready To Move,1.0,555700.0
PROP_11829,Oakridge Valley,Independent House,2539,4,4.0,Semi-Furnished,2,2,5.0,2,2,Ready To Move,5.0,983900.0
PROP_11574,Sunset Park,Studio Apartment,509,1,1.0,Unfurnished,1,2,3.0,1,7,Ready To Move,2.0,262300.0
PROP_14416,Midtown Corridor,Apartment,1184,2,2.0,Furnished,1,2,1.0,2,8,Under Construction,3.0,645300.0
PROP_14750,Greenwood Heights,Studio Apartment,559,1,1.0,Semi-Furnished,0,6,5.0,2,3,Ready To Move,4.0,274100.0
PROP_15278,Midtown Corridor,Apartment,1461,3,2.0,Semi-Furnished,1,14,3.0,2,7,Under Construction,4.0,734600.0
PROP_14655,Westend Terrace,Penthouse,5293,5,6.0,Semi-Furnished,3,28,8.0,0,5,Ready To Move,2.0,3381900.0
PROP_14209,Downtown Central,Independent House,2889,4,3.0,Semi-Furnished,1,2,3.0,2,6,Ready To Move,4.0,1788500.0
PROP_14628,Harbor Point,Penthouse,5475,5,7.0,Semi-Furnished,0,24,1.0,0,5,Ready To Move,3.0,4281200.0
PROP_10225,Midtown Corridor,Studio Apartment,517,1,1.0,Furnished,2,17,6.0,2,2,Ready To Move,1.0,304500.0
PROP_10724,Westend Terrace,Independent House,3127,4,3.0,Semi-Furnished,1,1,6.0,2,4,Ready To Move,1.0,1529300.0
PROP_15399,Harbor Point,Apartment,1159,2,2.0,Furnished,1,20,2.0,1,10,Ready To Move,2.0,753100.0
PROP_11142,Midtown Corridor,Apartment,1380,2,2.0,Semi-Furnished,2,1,1.0,0,4,Ready To Move,5.0,736600.0
PROP_12763,Westend Terrace,Apartment,1598,3,3.0,Semi-Furnished,1,3,7.0,1,6,Under Construction,3.0,724700.0
PROP_10847,Lakeside Estates,Apartment,715,1,1.0,Semi-Furnished,1,16,13.0,1,8,Under Construction,1.0,387400.0
PROP_14290,Downtown Central,Independent House,2309,3,2.0,Furnished,1,2,2.0,2,5,Under Construction,3.0,1427000.0
PROP_15043,Lakeside Estates,Apartment,1489,3,3.0,Semi-Furnished,2,3,3.0,2,2,Ready To Move,2.0,815600.0
PROP_12552,Harbor Point,Apartment,1281,2,2.0,Unfurnished,3,13,3.0,3,9,Ready To Move,5.0,771100.0
PROP_12929,Greenwood Heights,Studio Apartment,594,1,1.0,Semi-Furnished,2,7,13.0,1,5,Ready To Move,2.0,277200.0
PROP_10118,Midtown Corridor,Apartment,1660,3,3.0,Furnished,0,21,5.0,1,6,Under Construction,4.0,824200.0
PROP_10646,Lakeside Estates,Apartment,1812,3,2.0,Furnished,1,14,17.0,1,10,Ready To Move,5.0,5840900.0
PROP_10004,Lakeside Estates,Apartment,1707,3,3.0,Furnished,1,3,5.0,2,10,Ready To Move,5.0,898400.0
PROP_14171,Oakridge Valley,Apartment,1789,3,3.0,Furnished,2,5,4.0,2,6,Ready To Move,4.0,807100.0
PROP_10468,Silicon Hills,Independent House,3590,5,4.0,Semi-Furnished,1,1,5.0,3,5,Ready To Move,1.0,2227400.0
PROP_10006,Westend Terrace,Independent House,2289,2,3.0,Unfurnished,2,1,8.0,2,7,Ready To Move,3.0,1104500.0
PROP_10920,Lakeside Estates,Apartment,819,1,1.0,Semi-Furnished,2,20,26.0,1,3,Ready To Move,1.0,386300.0
PROP_12596,Harbor Point,Apartment,1519,3,2.0,Semi-Furnished,1,7,9.0,2,8,Ready To Move,3.0,861900.0
PROP_14325,Riverside District,Apartment,1244,2,2.0,Furnished,2,3,8.0,1,6,Ready To Move,3.0,677300.0
PROP_11064,Westend Terrace,Apartment,1337,2,2.0,Semi-Furnished,1,23,5.0,1,9,Ready To Move,4.0,652300.0
PROP_12591,Oakridge Valley,Independent House,2514,3,3.0,Unfurnished,2,3,8.0,2,6,Ready To Move,4.0,1014300.0
PROP_10243,Riverside District,Apartment,1798,2,2.0,Furnished,0,21,1.0,1,3,Under Construction,1.0,821300.0
PROP_15231,Riverside District,Apartment,703,1,1.0,Furnished,0,14,0.0,2,3,Ready To Move,5.0,399800.0
PROP_11161,Sunset Park,Apartment,1666,2,2.0,Semi-Furnished,2,9,1.0,1,8,Ready To Move,2.0,687000.0
PROP_12871,Greenwood Heights,Luxury Villa,4667,4,5.0,Furnished,2,3,16.0,2,8,Ready To Move,5.0,2377000.0
PROP_13736,Silicon Hills,Apartment,1442,3,2.0,Semi-Furnished,1,3,8.0,1,5,Under Construction,3.0,821200.0
PROP_12398,Riverside District,Luxury Villa,4492,4,5.0,Unfurnished,1,4,18.0,0,6,Ready To Move,5.0,2620400.0
PROP_13518,Harbor Point,Luxury Villa,4603,5,5.0,Furnished,0,4,28.0,2,8,Ready To Move,4.0,2656300.0
PROP_13422,Lakeside Estates,Apartment,1468,3,3.0,Semi-Furnished,1,16,0.0,2,4,Ready To Move,3.0,824800.0
PROP_12564,Westend Terrace,Penthouse,3988,5,6.0,Semi-Furnished,1,31,0.0,1,9,Ready To Move,1.0,2324300.0
PROP_11606,Harbor Point,Penthouse,4640,4,5.0,Furnished,2,19,10.0,1,3,Under Construction,5.0,3362100.0
PROP_15809,Harbor Point,Luxury Villa,4783,5,6.0,Unfurnished,1,2,3.0,3,4,Ready To Move,1.0,3495800.0
PROP_12325,Oakridge Valley,Apartment,1604,3,3.0,Unfurnished,1,16,3.0,2,2,Ready To Move,2.0,617400.0
PROP_12710,Westend Terrace,Studio Apartment,564,1,1.0,Furnished,1,16,3.0,2,6,Under Construction,1.0,282100.0
PROP_15284,Lakeside Estates,Independent House,2723,4,4.0,Semi-Furnished,1,1,9.0,1,4,Ready To Move,5.0,1596800.0
PROP_11313,Midtown Corridor,Studio Apartment,470,1,1.0,Semi-Furnished,1,10,17.0,1,4,Ready To Move,2.0,244300.0
PROP_13449,Harbor Point,Studio Apartment,496,1,1.0,Semi-Furnished,1,19,0.0,2,5,Ready To Move,2.0,320200.0
PROP_13813,Downtown Central,Studio Apartment,550,1,1.0,Furnished,2,19,5.0,1,6,Under Construction,4.0,371200.0
PROP_15695,Sunset Park,Independent House,2401,3,2.0,Furnished,1,2,13.0,1,4,Ready To Move,5.0,1038900.0
PROP_12363,Silicon Hills,Independent House,2598,4,3.0,Semi-Furnished,1,2,4.0,1,2,Ready To Move,3.0,1583700.0
PROP_11976,Downtown Central,Apartment,1180,1,1.0,Semi-Furnished,3,15,9.0,1,5,Ready To Move,1.0,604400.0
PROP_13515,Downtown Central,Apartment,1806,3,3.0,Semi-Furnished,3,10,18.0,2,6,Ready To Move,5.0,875900.0
PROP_11762,Harbor Point,Apartment,882,1,1.0,Semi-Furnished,1,7,2.0,2,9,Ready To Move,4.0,571400.0
PROP_12740,Sunset Park,Apartment,1246,2,2.0,Semi-Furnished,1,9,7.0,0,7,Ready To Move,5.0,574500.0
PROP_15608,Harbor Point,Independent House,2459,3,4.0,Semi-Furnished,2,2,1.0,2,5,Ready To Move,3.0,1603100.0
PROP_12473,Harbor Point,Independent House,2502,3,2.0,Unfurnished,1,1,21.0,1,9,Ready To Move,1.0,1322000.0
PROP_14008,Riverside District,Luxury Villa,4279,5,6.0,Unfurnished,1,2,12.0,1,6,Ready To Move,4.0,2543100.0
PROP_14719,Greenwood Heights,Independent House,2860,3,3.0,Furnished,1,1,8.0,1,6,Ready To Move,4.0,1272700.0
PROP_11494,Harbor Point,Apartment,1405,2,2.0,Semi-Furnished,1,19,7.0,2,3,Under Construction,2.0,776900.0
PROP_14207,Westend Terrace,Apartment,1309,2,2.0,Semi-Furnished,1,14,7.0,2,2,Ready To Move,4.0,525200.0
PROP_12159,Greenwood Heights,Luxury Villa,4077,5,5.0,Furnished,1,4,9.0,1,5,Ready To Move,3.0,2384200.0
PROP_11170,Westend Terrace,Penthouse,4512,4,6.0,Semi-Furnished,2,23,0.0,1,7,Under Construction,4.0,2793100.0
PROP_15436,Midtown Corridor,Independent House,3142,3,4.0,Unfurnished,1,2,0.0,1,2,Ready To Move,5.0,1657500.0
PROP_10233,Silicon Hills,Independent House,2991,5,4.0,Semi-Furnished,2,2,0.0,1,6,Ready To Move,1.0,2220300.0
PROP_10067,Riverside District,Apartment,1191,2,1.0,Furnished,2,13,24.0,1,9,Under Construction,4.0,513200.0
PROP_11604,Downtown Central,Penthouse,4660,4,5.0,Unfurnished,2,18,20.0,1,6,Ready To Move,5.0,2904000.0
PROP_13284,Silicon Hills,Apartment,1897,3,3.0,Semi-Furnished,1,24,0.0,1,6,Ready To Move,2.0,1172300.0
PROP_13597,Riverside District,Independent House,3377,4,4.0,Furnished,3,1,7.0,1,6,Ready To Move,4.0,1826000.0
PROP_14633,Greenwood Heights,Luxury Villa,3007,3,3.0,Unfurnished,2,3,11.0,1,2,Ready To Move,2.0,1661000.0
PROP_10126,Riverside District,Apartment,1496,3,3.0,Unfurnished,0,3,5.0,1,5,Under Construction,2.0,686100.0
PROP_11297,Westend Terrace,Apartment,1682,3,4.0,Furnished,0,12,10.0,0,6,Ready To Move,3.0,795500.0
PROP_11977,Midtown Corridor,Luxury Villa,4543,4,4.0,Unfurnished,0,4,20.0,2,7,Ready To Move,3.0,2413600.0
PROP_15437,Greenwood Heights,Luxury Villa,5381,6,6.0,Furnished,1,3,5.0,1,6,Ready To Move,4.0,3012400.0
PROP_15978,Harbor Point,Luxury Villa,4778,5,6.0,Semi-Furnished,1,2,10.0,0,3,Ready To Move,3.0,3223100.0
PROP_12076,Harbor Point,Apartment,1372,2,2.0,Semi-Furnished,1,23,23.0,1,6,Ready To Move,3.0,653900.0
PROP_14581,Silicon Hills,Apartment,1679,3,3.0,Semi-Furnished,1,14,17.0,2,4,Ready To Move,2.0,934300.0
PROP_13087,Silicon Hills,Apartment,1176,2,2.0,Semi-Furnished,3,4,9.0,3,5,Ready To Move,3.0,668100.0
PROP_15214,Riverside District,Apartment,1310,2,2.0,Furnished,1,12,28.0,3,1,Ready To Move,3.0,508500.0
PROP_13346,Lakeside Estates,Apartment,1159,2,1.0,Furnished,1,9,7.0,1,2,Ready To Move,1.0,569100.0
PROP_15374,Silicon Hills,Apartment,1350,2,1.0,Unfurnished,1,17,1.0,1,4,Under Construction,2.0,769400.0
PROP_12798,Harbor Point,Apartment,964,2,1.0,Unfurnished,1,13,7.0,1,8,Ready To Move,3.0,555800.0
PROP_10919,Lakeside Estates,Apartment,1691,3,3.0,Unfurnished,1,3,2.0,2,3,Ready To Move,2.0,901800.0
PROP_11647,Riverside District,Studio Apartment,350,1,1.0,Semi-Furnished,1,4,3.0,2,6,Ready To Move,1.0,240700.0
PROP_15123,Sunset Park,Independent House,3559,5,5.0,Unfurnished,2,2,1.0,1,4,Ready To Move,4.0,1636500.0
PROP_15127,Sunset Park,Apartment,1282,2,2.0,Unfurnished,0,18,0.0,0,4,Under Construction,3.0,460800.0
PROP_14979,Oakridge Valley,Apartment,2217,4,4.0,Semi-Furnished,1,6,17.0,1,8,Ready To Move,2.0,771000.0
PROP_14622,Harbor Point,Independent House,2218,3,3.0,Unfurnished,3,1,1.0,3,7,Ready To Move,4.0,1554300.0
PROP_10365,Lakeside Estates,Apartment,1247,2,2.0,Unfurnished,1,16,5.0,0,3,Ready To Move,4.0,600000.0
PROP_13288,Downtown Central,Luxury Villa,5135,5,6.0,Furnished,1,3,20.0,3,7,Under Construction,4.0,3123700.0
PROP_12126,Silicon Hills,Apartment,1383,2,3.0,Furnished,2,20,6.0,1,7,Ready To Move,4.0,824900.0
PROP_14124,Lakeside Estates,Penthouse,3947,4,5.0,Furnished,2,34,15.0,3,4,Ready To Move,3.0,2684500.0
PROP_14570,Midtown Corridor,Independent House,1988,3,3.0,Semi-Furnished,1,3,19.0,2,6,Ready To Move,2.0,994100.0
PROP_10526,Sunset Park,Independent House,2049,2,2.0,Semi-Furnished,1,1,9.0,0,7,Ready To Move,5.0,916500.0
PROP_14822,Downtown Central,Apartment,1130,2,1.0,Unfurnished,2,21,2.0,1,10,Ready To Move,2.0,683600.0
PROP_10056,Riverside District,Apartment,1449,2,2.0,Semi-Furnished,0,23,2.0,0,5,Under Construction,3.0,664300.0
PROP_10639,Midtown Corridor,Apartment,1171,2,1.0,Unfurnished,1,21,3.0,1,6,Under Construction,1.0,600900.0
PROP_10303,Downtown Central,Independent House,2285,2,1.0,Semi-Furnished,1,1,7.0,1,5,Under Construction,5.0,1215600.0
PROP_12767,Greenwood Heights,Studio Apartment,679,1,1.0,Semi-Furnished,1,8,12.0,2,4,Ready To Move,1.0,283500.0
PROP_11277,Downtown Central,Apartment,1030,1,1.0,Semi-Furnished,2,22,24.0,1,5,Ready To Move,2.0,518500.0
PROP_14721,Lakeside Estates,Apartment,1792,3,2.0,Semi-Furnished,1,18,8.0,1,5,Ready To Move,3.0,812700.0
PROP_12056,Midtown Corridor,Apartment,1421,2,2.0,Furnished,1,10,6.0,0,6,Ready To Move,5.0,753100.0
PROP_15146,Lakeside Estates,Apartment,576,1,1.0,Semi-Furnished,1,3,11.0,2,5,Ready To Move,3.0,292100.0
PROP_14433,Riverside District,Studio Apartment,530,1,1.0,Semi-Furnished,0,2,8.0,1,5,Under Construction,3.0,277600.0
PROP_13645,Midtown Corridor,Apartment,1725,3,3.0,Furnished,1,6,0.0,2,8,Ready To Move,3.0,1010500.0
PROP_14144,Lakeside Estates,Studio Apartment,605,1,1.0,Unfurnished,1,12,22.0,0,2,Ready To Move,5.0,289100.0
PROP_12879,Silicon Hills,Apartment,1560,2,1.0,Semi-Furnished,1,19,0.0,1,4,Ready To Move,4.0,921800.0
PROP_14203,Westend Terrace,Luxury Villa,5079,5,5.0,Semi-Furnished,1,2,3.0,0,5,Under Construction,3.0,2759600.0
PROP_15176,Midtown Corridor,Apartment,1415,3,3.0,Semi-Furnished,1,13,4.0,0,8,Ready To Move,4.0,701000.0
PROP_12287,Greenwood Heights,Independent House,2058,2,2.0,Semi-Furnished,0,2,1.0,1,7,Under Construction,1.0,915100.0
PROP_12262,Downtown Central,Independent House,2185,3,4.0,Furnished,1,2,6.0,2,9,Under Construction,1.0,1286200.0
PROP_12297,Harbor Point,Penthouse,3670,4,5.0,Furnished,1,32,1.0,2,4,Under Construction,5.0,2622800.0
PROP_11754,Westend Terrace,Apartment,1765,3,3.0,Semi-Furnished,1,6,5.0,3,3,Ready To Move,3.0,874100.0
PROP_11969,Midtown Corridor,Penthouse,4418,4,5.0,Furnished,2,31,10.0,1,10,Ready To Move,1.0,2793800.0
PROP_15220,Downtown Central,Apartment,1472,3,2.0,Semi-Furnished,0,12,17.0,1,6,Ready To Move,5.0,701900.0
PROP_13118,Lakeside Estates,Apartment,1850,2,2.0,Furnished,1,22,7.0,3,6,Ready To Move,2.0,962800.0
PROP_12394,Midtown Corridor,Apartment,1623,4,5.0,Semi-Furnished,1,7,12.0,2,6,Under Construction,2.0,787200.0
PROP_10524,Lakeside Estates,Studio Apartment,509,1,1.0,Semi-Furnished,2,16,13.0,1,6,Ready To Move,4.0,314300.0
PROP_13901,Downtown Central,Studio Apartment,567,1,1.0,Semi-Furnished,1,15,7.0,2,3,Ready To Move,5.0,349900.0
PROP_15613,Sunset Park,Apartment,1334,2,2.0,Furnished,0,5,1.0,2,6,Ready To Move,3.0,596200.0
PROP_14700,Greenwood Heights,Apartment,1228,2,2.0,Unfurnished,1,15,2.0,1,4,Under Construction,3.0,486300.0
PROP_15434,Lakeside Estates,Independent House,3145,4,5.0,Semi-Furnished,2,2,30.0,1,7,Under Construction,4.0,1465100.0
PROP_13123,Downtown Central,Apartment,1154,2,3.0,Unfurnished,3,12,5.0,1,4,Ready To Move,2.0,719300.0
PROP_14157,Harbor Point,Independent House,2811,4,4.0,Furnished,1,2,10.0,1,4,Ready To Move,2.0,1652800.0
PROP_11970,Westend Terrace,Apartment,1382,2,1.0,Unfurnished,3,4,1.0,1,7,Ready To Move,4.0,697400.0
PROP_10672,Downtown Central,Apartment,1816,3,2.0,Furnished,2,6,13.0,2,3,Under Construction,3.0,911600.0
PROP_14189,Oakridge Valley,Luxury Villa,4595,4,5.0,Semi-Furnished,1,3,27.0,1,2,Ready To Move,4.0,1889900.0
PROP_10667,Lakeside Estates,Luxury Villa,5209,5,5.0,Semi-Furnished,2,2,3.0,1,5,Under Construction,1.0,3312100.0
PROP_15206,Riverside District,Penthouse,4843,3,4.0,Semi-Furnished,0,30,10.0,1,2,Ready To Move,2.0,2953100.0
PROP_11888,Lakeside Estates,Apartment,945,1,1.0,Unfurnished,2,7,9.0,1,5,Ready To Move,5.0,539600.0
PROP_13267,Riverside District,Independent House,3115,3,2.0,Semi-Furnished,1,3,6.0,1,4,Under Construction,1.0,1401600.0
PROP_10281,Harbor Point,Apartment,1193,2,2.0,Unfurnished,1,4,9.0,2,5,Ready To Move,2.0,681100.0
PROP_11720,Oakridge Valley,Apartment,1434,2,1.0,Semi-Furnished,2,8,16.0,1,5,Ready To Move,3.0,545300.0
PROP_12948,Midtown Corridor,Luxury Villa,3785,3,4.0,Furnished,1,2,7.0,0,1,Under Construction,3.0,2218500.0
PROP_14456,Silicon Hills,Apartment,1500,3,2.0,Semi-Furnished,2,10,6.0,2,6,Ready To Move,5.0,937900.0
PROP_10900,Midtown Corridor,Apartment,1007,1,1.0,Semi-Furnished,1,14,5.0,2,6,Under Construction,1.0,500700.0
PROP_15839,Oakridge Valley,Luxury Villa,4851,5,5.0,Semi-Furnished,0,3,5.0,1,4,Ready To Move,3.0,2359600.0
PROP_10761,Silicon Hills,Apartment,1496,3,3.0,Semi-Furnished,2,13,9.0,3,9,Ready To Move,4.0,885200.0
PROP_11907,Sunset Park,Studio Apartment,556,1,1.0,Semi-Furnished,1,11,5.0,2,9,Ready To Move,2.0,291200.0
PROP_14043,Westend Terrace,Apartment,1453,2,3.0,Semi-Furnished,2,18,4.0,2,7,Ready To Move,3.0,755800.0
PROP_13824,Oakridge Valley,Penthouse,3951,4,5.0,Unfurnished,0,24,35.0,2,5,Ready To Move,2.0,1700900.0
PROP_14139,Downtown Central,Apartment,988,1,1.0,Furnished,2,16,1.0,1,5,Ready To Move,1.0,588300.0
PROP_13819,Downtown Central,Apartment,1793,3,4.0,Semi-Furnished,2,6,11.0,2,4,Ready To Move,3.0,937400.0
PROP_14301,Greenwood Heights,Independent House,2455,3,4.0,Furnished,1,2,7.0,2,8,Under Construction,3.0,1174800.0
PROP_12594,Sunset Park,Independent House,2763,4,3.0,Semi-Furnished,1,3,5.0,1,5,Ready To Move,5.0,1232500.0
PROP_14165,Lakeside Estates,Independent House,2149,3,3.0,Semi-Furnished,0,1,0.0,1,7,Under Construction,3.0,1274400.0
PROP_13032,Lakeside Estates,Apartment,1439,3,4.0,Furnished,2,15,11.0,1,8,Ready To Move,4.0,851300.0
PROP_13580,Greenwood Heights,Apartment,816,1,1.0,Semi-Furnished,0,5,2.0,1,5,Ready To Move,2.0,337700.0
PROP_12833,Harbor Point,Apartment,1270,2,2.0,Furnished,3,15,1.0,1,3,Ready To Move,2.0,745300.0
PROP_13473,Sunset Park,Apartment,1420,2,2.0,Semi-Furnished,0,14,6.0,2,2,Ready To Move,4.0,603800.0
PROP_10138,Lakeside Estates,Independent House,2745,4,4.0,Furnished,1,2,0.0,0,7,Under Construction,5.0,1586700.0
PROP_14893,Midtown Corridor,Apartment,845,1,1.0,Semi-Furnished,1,5,14.0,1,3,Ready To Move,1.0,382600.0
PROP_12181,Midtown Corridor,Apartment,1491,2,3.0,Unfurnished,1,13,0.0,2,4,Ready To Move,5.0,723000.0
PROP_12129,Riverside District,Independent House,2101,3,2.0,Unfurnished,2,3,1.0,2,4,Ready To Move,1.0,1026400.0
PROP_13178,Midtown Corridor,Luxury Villa,4421,4,4.0,Unfurnished,2,4,7.0,2,10,Ready To Move,1.0,2725300.0
PROP_14855,Riverside District,Independent House,2806,3,3.0,Semi-Furnished,2,2,5.0,1,7,Ready To Move,3.0,1528600.0
PROP_14638,Silicon Hills,Apartment,1120,2,2.0,Unfurnished,1,6,1.0,2,8,Ready To Move,2.0,732400.0
PROP_15116,Silicon Hills,Studio Apartment,392,1,1.0,Semi-Furnished,1,1,8.0,2,6,Ready To Move,5.0,293300.0
PROP_15241,Riverside District,Studio Apartment,719,1,1.0,Furnished,0,7,24.0,2,10,Under Construction,5.0,374800.0
PROP_14262,Harbor Point,Penthouse,4423,3,4.0,Semi-Furnished,2,27,25.0,2,5,Ready To Move,5.0,2853300.0
PROP_14345,Harbor Point,Luxury Villa,3859,4,4.0,Furnished,1,2,6.0,2,8,Ready To Move,3.0,2611000.0
PROP_11332,Oakridge Valley,Luxury Villa,4501,5,5.0,Semi-Furnished,1,4,0.0,2,10,Under Construction,1.0,2057100.0
PROP_12018,Riverside District,Studio Apartment,584,1,1.0,Semi-Furnished,2,19,4.0,2,9,Under Construction,2.0,349300.0
PROP_14543,Sunset Park,Penthouse,4833,5,6.0,Unfurnished,1,24,2.0,1,7,Ready To Move,3.0,2702600.0
PROP_12483,Lakeside Estates,Apartment,1365,2,1.0,Semi-Furnished,0,10,16.0,2,9,Ready To Move,4.0,640200.0
PROP_11359,Lakeside Estates,Apartment,1317,2,2.0,Semi-Furnished,0,14,10.0,1,8,Ready To Move,4.0,674900.0
PROP_11330,Midtown Corridor,Apartment,1377,2,1.0,Semi-Furnished,1,5,3.0,0,5,Ready To Move,3.0,660700.0
PROP_15934,Westend Terrace,Independent House,1752,2,2.0,Semi-Furnished,1,2,11.0,0,6,Ready To Move,1.0,786700.0
PROP_12151,Riverside District,Luxury Villa,4367,5,6.0,Semi-Furnished,2,3,5.0,1,4,Ready To Move,2.0,2870400.0
PROP_14531,Harbor Point,Independent House,2725,4,3.0,Furnished,1,1,6.0,1,2,Under Construction,4.0,1556500.0
PROP_12123,Lakeside Estates,Apartment,1224,2,2.0,Semi-Furnished,2,10,12.0,3,6,Ready To Move,4.0,665500.0
PROP_14674,Downtown Central,Apartment,1191,2,2.0,Semi-Furnished,2,12,9.0,2,7,Ready To Move,1.0,659100.0
PROP_13982,Downtown Central,Penthouse,3977,3,4.0,Furnished,3,27,4.0,1,8,Under Construction,4.0,2596300.0
PROP_11253,Sunset Park,Independent House,2414,3,3.0,Semi-Furnished,1,2,15.0,1,4,Ready To Move,4.0,1008700.0
PROP_13279,Midtown Corridor,Apartment,1177,2,2.0,Furnished,1,12,13.0,1,4,Under Construction,4.0,560400.0
PROP_13375,Silicon Hills,Independent House,2386,3,3.0,Semi-Furnished,0,2,5.0,3,6,Ready To Move,4.0,1456500.0
PROP_12815,Lakeside Estates,Apartment,1095,2,2.0,Unfurnished,1,14,4.0,1,2,Ready To Move,2.0,581600.0
PROP_14720,Westend Terrace,Apartment,1439,2,2.0,Semi-Furnished,1,9,0.0,1,6,Ready To Move,3.0,737000.0
PROP_11849,Sunset Park,Independent House,3365,5,5.0,Furnished,2,3,4.0,2,5,Under Construction,2.0,1363500.0
PROP_14859,Riverside District,Independent House,2940,4,5.0,Semi-Furnished,0,2,5.0,1,2,Under Construction,1.0,1381100.0
PROP_13038,Westend Terrace,Independent House,1551,2,2.0,Unfurnished,2,2,0.0,1,4,Ready To Move,3.0,795300.0
PROP_10389,Lakeside Estates,Studio Apartment,694,1,1.0,Unfurnished,1,8,2.0,2,4,Ready To Move,1.0,409800.0
PROP_10236,Lakeside Estates,Apartment,1694,3,4.0,Semi-Furnished,2,21,6.0,0,5,Ready To Move,1.0,962000.0
PROP_11078,Midtown Corridor,Independent House,2283,3,3.0,Semi-Furnished,0,1,6.0,2,3,Ready To Move,2.0,1236500.0
PROP_11985,Lakeside Estates,Luxury Villa,4869,5,5.0,Semi-Furnished,3,4,2.0,1,9,Under Construction,4.0,2840000.0
PROP_14364,Harbor Point,Apartment,1521,2,1.0,Furnished,1,1,3.0,2,8,Under Construction,1.0,827200.0
PROP_13963,Westend Terrace,Independent House,2919,4,3.0,Unfurnished,1,1,9.0,3,2,Ready To Move,5.0,1378400.0
PROP_10771,Westend Terrace,Studio Apartment,409,1,1.0,Furnished,1,16,0.0,1,7,Ready To Move,5.0,292700.0
PROP_12166,Silicon Hills,Apartment,1737,3,4.0,Unfurnished,1,20,7.0,1,5,Under Construction,3.0,974900.0
PROP_14534,Oakridge Valley,Luxury Villa,4150,3,3.0,Semi-Furnished,1,2,6.0,0,4,Ready To Move,2.0,1840500.0
PROP_10674,Sunset Park,Luxury Villa,4965,5,6.0,Semi-Furnished,1,2,12.0,1,5,Ready To Move,2.0,2257000.0
PROP_10250,Downtown Central,Independent House,2307,3,2.0,Furnished,0,2,2.0,1,2,Ready To Move,5.0,1473900.0
PROP_11575,Midtown Corridor,Apartment,1476,2,2.0,Semi-Furnished,1,24,2.0,1,5,Ready To Move,1.0,761500.0
PROP_13420,Westend Terrace,Luxury Villa,5726,6,7.0,Semi-Furnished,2,3,1.0,1,9,Ready To Move,1.0,3359400.0
PROP_12082,Lakeside Estates,Apartment,1976,4,4.0,Semi-Furnished,0,12,3.0,0,7,Ready To Move,4.0,1052300.0
PROP_11824,Westend Terrace,Independent House,3304,5,5.0,Furnished,1,2,8.0,2,6,Ready To Move,5.0,1628000.0
PROP_15571,Oakridge Valley,Apartment,1533,3,3.0,Unfurnished,2,16,15.0,0,2,Ready To Move,4.0,553300.0
PROP_15761,Oakridge Valley,Apartment,1829,4,4.0,Furnished,1,5,6.0,1,2,Ready To Move,3.0,715600.0
PROP_14545,Lakeside Estates,Apartment,1418,3,3.0,Semi-Furnished,1,10,0.0,2,2,Under Construction,2.0,714500.0
PROP_10717,Greenwood Heights,Luxury Villa,4417,3,3.0,Furnished,1,2,1.0,2,7,Ready To Move,2.0,2410400.0
PROP_15365,Riverside District,Studio Apartment,558,1,1.0,Unfurnished,1,17,0.0,2,5,Ready To Move,3.0,337000.0
PROP_15620,Harbor Point,Independent House,2473,4,4.0,Furnished,1,2,3.0,1,3,Under Construction,4.0,1502100.0
PROP_12049,Riverside District,Independent House,2080,2,1.0,Furnished,2,2,2.0,2,5,Ready To Move,3.0,1100800.0
PROP_15265,Harbor Point,Apartment,1834,3,3.0,Furnished,1,15,0.0,1,8,Ready To Move,2.0,1043200.0
PROP_14179,Downtown Central,Independent House,2680,4,4.0,Furnished,2,3,6.0,1,5,Ready To Move,3.0,1863900.0
PROP_14810,Harbor Point,Luxury Villa,4690,4,4.0,Semi-Furnished,1,4,5.0,2,7,Ready To Move,3.0,3091600.0
PROP_12725,Harbor Point,Apartment,1861,3,2.0,Semi-Furnished,1,4,1.0,1,4,Ready To Move,5.0,923700.0
PROP_15441,Westend Terrace,Independent House,3403,4,4.0,Semi-Furnished,2,2,20.0,2,5,Ready To Move,1.0,1430800.0
PROP_11461,Harbor Point,Apartment,1010,2,2.0,Furnished,0,3,28.0,0,6,Under Construction,4.0,481300.0
PROP_11669,Greenwood Heights,Studio Apartment,580,1,1.0,Semi-Furnished,0,2,2.0,1,4,Ready To Move,2.0,281600.0
PROP_12757,Downtown Central,Apartment,1332,2,2.0,Furnished,0,18,16.0,0,2,Ready To Move,3.0,666900.0
PROP_12001,Westend Terrace,Apartment,1497,2,2.0,Semi-Furnished,1,7,4.0,2,3,Ready To Move,2.0,726300.0
PROP_14572,Downtown Central,Apartment,1747,2,2.0,Unfurnished,2,18,4.0,2,6,Ready To Move,5.0,924800.0
PROP_14614,Downtown Central,Apartment,1251,2,2.0,Furnished,2,7,5.0,2,8,Ready To Move,2.0,738100.0
PROP_10405,Harbor Point,Studio Apartment,572,1,1.0,Unfurnished,1,9,7.0,1,6,Ready To Move,2.0,350400.0
PROP_10385,Midtown Corridor,Luxury Villa,4489,4,5.0,Semi-Furnished,2,2,11.0,2,5,Under Construction,1.0,2268400.0
PROP_15406,Lakeside Estates,Apartment,1451,3,2.0,Semi-Furnished,2,6,15.0,2,7,Ready To Move,1.0,736700.0
PROP_12153,Riverside District,Apartment,1776,2,1.0,Semi-Furnished,1,13,16.0,2,2,Under Construction,5.0,776800.0
PROP_11634,Greenwood Heights,Independent House,2994,4,4.0,Unfurnished,1,3,12.0,1,8,Ready To Move,4.0,1308900.0
PROP_15515,Oakridge Valley,Luxury Villa,4794,5,6.0,Semi-Furnished,1,3,9.0,2,6,Under Construction,2.0,2142600.0
PROP_14785,Sunset Park,Studio Apartment,492,1,1.0,Unfurnished,0,14,0.0,2,4,Under Construction,1.0,225200.0
PROP_13926,Sunset Park,Luxury Villa,4862,6,6.0,Furnished,1,2,26.0,2,4,Under Construction,3.0,2131200.0
PROP_14159,Midtown Corridor,Independent House,2180,3,4.0,Furnished,0,1,4.0,2,10,Ready To Move,2.0,1318500.0
PROP_14949,Greenwood Heights,Apartment,921,2,2.0,Semi-Furnished,1,2,20.0,1,1,Under Construction,3.0,331400.0
PROP_10224,Silicon Hills,Luxury Villa,4479,4,5.0,Semi-Furnished,1,4,3.0,2,6,Ready To Move,1.0,3545800.0
PROP_12194,Greenwood Heights,Apartment,1519,3,2.0,Furnished,0,23,14.0,2,1,Ready To Move,1.0,601700.0
PROP_13137,Oakridge Valley,Independent House,2905,4,3.0,Furnished,0,1,4.0,2,2,Ready To Move,4.0,1007200.0
PROP_14470,Midtown Corridor,Apartment,2397,4,4.0,Semi-Furnished,0,4,2.0,1,4,Ready To Move,1.0,1148100.0
PROP_11825,Silicon Hills,Luxury Villa,4906,6,7.0,Semi-Furnished,1,3,3.0,2,4,Ready To Move,4.0,3768500.0
PROP_15530,Sunset Park,Penthouse,5834,5,7.0,Semi-Furnished,0,18,3.0,0,8,Ready To Move,3.0,3169600.0
PROP_15125,Sunset Park,Independent House,2545,3,2.0,Unfurnished,1,2,20.0,0,6,Ready To Move,4.0,1053500.0
PROP_14973,Westend Terrace,Apartment,1333,1,1.0,Semi-Furnished,1,18,7.0,1,2,Under Construction,3.0,528300.0
PROP_10798,Westend Terrace,Independent House,2898,3,2.0,Semi-Furnished,3,2,7.0,3,7,Ready To Move,4.0,1477200.0
PROP_12872,Riverside District,Independent House,2825,4,4.0,Furnished,0,1,5.0,1,2,Ready To Move,3.0,1410100.0
PROP_10010,Lakeside Estates,Penthouse,4444,4,6.0,Furnished,2,26,15.0,1,7,Ready To Move,3.0,3215200.0
PROP_11945,Westend Terrace,Independent House,2600,3,2.0,Semi-Furnished,1,2,14.0,0,8,Ready To Move,2.0,1258900.0
PROP_11839,Lakeside Estates,Apartment,1382,2,2.0,Furnished,2,16,1.0,2,6,Under Construction,2.0,725500.0
PROP_14805,Harbor Point,Independent House,2830,4,4.0,Semi-Furnished,1,2,11.0,2,7,Under Construction,3.0,1585800.0
PROP_10256,Greenwood Heights,Independent House,2896,4,3.0,Furnished,1,1,12.0,2,1,Under Construction,3.0,1255800.0
PROP_14486,Oakridge Valley,Luxury Villa,4467,4,4.0,Semi-Furnished,1,4,2.0,1,3,Ready To Move,4.0,2208400.0
PROP_15423,Riverside District,Studio Apartment,585,1,1.0,Semi-Furnished,3,4,5.0,1,3,Ready To Move,5.0,335500.0
PROP_11582,Harbor Point,Independent House,3168,5,4.0,Unfurnished,2,2,16.0,1,6,Ready To Move,4.0,1798900.0
PROP_12957,Riverside District,Apartment,1488,3,2.0,Furnished,2,22,6.0,1,8,Ready To Move,1.0,773700.0
PROP_10925,Westend Terrace,Apartment,1459,2,2.0,Semi-Furnished,1,15,3.0,2,4,Under Construction,2.0,650200.0
PROP_15328,Midtown Corridor,Penthouse,5120,4,5.0,Semi-Furnished,2,30,16.0,1,9,Ready To Move,5.0,3209100.0
PROP_12509,Westend Terrace,Luxury Villa,4563,4,5.0,Furnished,2,3,2.0,3,6,Under Construction,2.0,2475600.0
PROP_15025,Riverside District,Independent House,3054,4,4.0,Furnished,3,2,5.0,3,5,Ready To Move,3.0,1473400.0
PROP_15321,Harbor Point,Apartment,960,1,1.0,Furnished,1,13,2.0,2,10,Ready To Move,5.0,644700.0
PROP_13776,Greenwood Heights,Apartment,891,1,1.0,Semi-Furnished,0,15,3.0,2,5,Ready To Move,5.0,447100.0
PROP_14836,Sunset Park,Apartment,1681,3,3.0,Unfurnished,2,19,9.0,0,4,Ready To Move,5.0,658200.0
PROP_14137,Midtown Corridor,Apartment,1071,2,3.0,Semi-Furnished,1,23,7.0,0,6,Ready To Move,1.0,607300.0
PROP_14965,Downtown Central,Penthouse,4753,4,6.0,Furnished,1,30,2.0,1,4,Ready To Move,4.0,3309900.0
PROP_12780,Harbor Point,Luxury Villa,4518,3,4.0,Semi-Furnished,0,3,15.0,1,9,Under Construction,2.0,2891700.0
PROP_10540,Downtown Central,Apartment,1340,2,1.0,Furnished,1,15,8.0,2,8,Ready To Move,2.0,737600.0
PROP_12746,Downtown Central,Apartment,1666,3,2.0,Semi-Furnished,1,12,5.0,1,7,Ready To Move,5.0,988600.0
PROP_15412,Silicon Hills,Apartment,1536,3,3.0,Furnished,2,5,0.0,2,5,Ready To Move,1.0,981200.0
PROP_15855,Sunset Park,Apartment,1087,2,3.0,Unfurnished,2,23,19.0,0,10,Ready To Move,4.0,497400.0
PROP_11146,Riverside District,Apartment,1297,2,1.0,Semi-Furnished,1,12,8.0,2,8,Under Construction,3.0,598400.0
PROP_15128,Silicon Hills,Studio Apartment,719,1,1.0,Furnished,2,5,3.0,1,10,Ready To Move,2.0,467200.0
PROP_14469,Greenwood Heights,Apartment,2108,4,4.0,Unfurnished,0,8,0.0,0,1,Ready To Move,4.0,904000.0
PROP_10668,Lakeside Estates,Penthouse,4022,4,5.0,Semi-Furnished,3,18,2.0,0,2,Under Construction,5.0,2831900.0
PROP_13020,Westend Terrace,Independent House,2637,4,4.0,Semi-Furnished,0,2,1.0,1,3,Ready To Move,2.0,1347800.0
PROP_10358,Westend Terrace,Luxury Villa,4155,4,5.0,Furnished,1,3,1.0,1,6,Ready To Move,3.0,2426000.0
PROP_15064,Silicon Hills,Luxury Villa,3979,4,5.0,Furnished,2,3,3.0,2,4,Ready To Move,2.0,3208300.0
PROP_12832,Sunset Park,Independent House,3245,5,5.0,Semi-Furnished,1,2,1.0,1,2,Ready To Move,4.0,1615100.0
PROP_12784,Harbor Point,Apartment,1384,2,2.0,Furnished,0,5,18.0,2,5,Under Construction,1.0,656300.0
PROP_11354,Sunset Park,Apartment,1067,1,1.0,Semi-Furnished,3,10,8.0,1,4,Ready To Move,3.0,441200.0
PROP_15132,Downtown Central,Apartment,1706,3,3.0,Semi-Furnished,1,8,3.0,3,5,Ready To Move,2.0,963000.0
PROP_10471,Midtown Corridor,Apartment,1368,2,1.0,Furnished,1,9,17.0,1,8,Ready To Move,5.0,697700.0
PROP_12704,Greenwood Heights,Apartment,1031,1,1.0,Furnished,2,9,5.0,1,3,Ready To Move,2.0,451800.0
PROP_13331,Lakeside Estates,Luxury Villa,4389,4,5.0,Unfurnished,1,4,7.0,3,2,Ready To Move,4.0,2801400.0
PROP_13638,Westend Terrace,Apartment,956,1,2.0,Furnished,1,20,4.0,1,5,Ready To Move,2.0,491400.0
PROP_11397,Sunset Park,Apartment,889,1,1.0,Semi-Furnished,1,17,11.0,1,8,Ready To Move,1.0,385800.0
PROP_13585,Greenwood Heights,Apartment,1016,2,1.0,Furnished,1,21,6.0,0,7,Under Construction,2.0,472200.0
PROP_15400,Midtown Corridor,Apartment,968,1,1.0,Semi-Furnished,3,12,19.0,1,4,Ready To Move,4.0,441600.0
PROP_15263,Silicon Hills,Independent House,2630,3,4.0,Semi-Furnished,2,1,6.0,1,4,Ready To Move,1.0,1702600.0
PROP_13377,Harbor Point,Apartment,1309,2,2.0,Semi-Furnished,1,2,7.0,2,8,Ready To Move,4.0,746800.0
PROP_11257,Sunset Park,Independent House,2622,3,4.0,Furnished,1,1,0.0,1,5,Ready To Move,1.0,1170600.0
PROP_13513,Harbor Point,Apartment,1929,3,3.0,Semi-Furnished,3,4,9.0,1,7,Ready To Move,5.0,1056100.0
PROP_11251,Downtown Central,Independent House,1956,3,3.0,Semi-Furnished,2,2,16.0,3,10,Ready To Move,3.0,1129600.0
PROP_15349,Westend Terrace,Penthouse,4855,4,5.0,Semi-Furnished,1,26,6.0,1,6,Under Construction,5.0,2727000.0
PROP_15786,Greenwood Heights,Apartment,1363,2,2.0,Semi-Furnished,2,1,24.0,1,7,Under Construction,3.0,504400.0
PROP_14299,Riverside District,Studio Apartment,550,1,1.0,Unfurnished,2,19,30.0,2,4,Under Construction,1.0,232600.0
PROP_13285,Oakridge Valley,Independent House,3018,3,4.0,Furnished,2,1,3.0,1,7,Ready To Move,3.0,1321400.0
PROP_12934,Greenwood Heights,Luxury Villa,3058,3,5.0,Semi-Furnished,0,3,2.0,1,6,Ready To Move,1.0,1693200.0
PROP_14176,Riverside District,Independent House,2330,3,3.0,Unfurnished,3,1,2.0,2,5,Under Construction,3.0,1208600.0
PROP_15269,Westend Terrace,Independent House,2700,3,3.0,Semi-Furnished,2,3,11.0,0,6,Under Construction,3.0,1155000.0
PROP_14911,Sunset Park,Apartment,1233,2,3.0,Semi-Furnished,1,15,18.0,2,6,Ready To Move,1.0,454200.0
PROP_11853,Silicon Hills,Apartment,1971,3,2.0,Furnished,2,4,12.0,2,1,Ready To Move,5.0,1016100.0
PROP_15633,Oakridge Valley,Independent House,2467,3,4.0,Furnished,1,2,30.0,0,7,Ready To Move,2.0,892200.0
PROP_15866,Lakeside Estates,Apartment,823,1,1.0,Unfurnished,0,5,7.0,1,6,Ready To Move,4.0,410700.0
PROP_12106,Harbor Point,Apartment,564,1,1.0,Semi-Furnished,0,8,3.0,2,10,Ready To Move,2.0,400800.0
PROP_10134,Harbor Point,Apartment,1147,2,2.0,Furnished,2,4,4.0,1,5,Ready To Move,4.0,651400.0
PROP_15237,Greenwood Heights,Penthouse,3633,3,4.0,Semi-Furnished,1,34,6.0,1,8,Ready To Move,3.0,2180700.0
PROP_15030,Greenwood Heights,Independent House,2997,4,4.0,Unfurnished,0,2,6.0,1,7,Under Construction,4.0,1428900.0
PROP_10929,Oakridge Valley,Apartment,1889,3,3.0,Furnished,1,18,0.0,2,7,Ready To Move,5.0,738500.0
PROP_10824,Harbor Point,Luxury Villa,4251,4,4.0,Furnished,2,3,6.0,1,6,Ready To Move,4.0,2932100.0
PROP_15467,Lakeside Estates,Independent House,2527,2,2.0,Unfurnished,1,2,13.0,1,3,Under Construction,4.0,1147000.0
PROP_11532,Greenwood Heights,Luxury Villa,4576,4,4.0,Furnished,2,3,12.0,2,4,Ready To Move,1.0,2308200.0
PROP_11215,Midtown Corridor,Independent House,2224,3,4.0,Furnished,2,3,1.0,1,3,Ready To Move,4.0,1257800.0
PROP_10505,Sunset Park,Apartment,1764,3,2.0,Unfurnished,1,21,0.0,1,4,Ready To Move,3.0,690600.0
PROP_14286,Harbor Point,Apartment,1397,2,2.0,Furnished,2,9,17.0,1,7,Ready To Move,5.0,772500.0
PROP_11997,Midtown Corridor,Studio Apartment,521,1,1.0,Semi-Furnished,1,15,26.0,1,7,Under Construction,2.0,234600.0
PROP_13073,Midtown Corridor,Studio Apartment,511,1,1.0,Semi-Furnished,2,3,7.0,1,7,Ready To Move,1.0,332100.0
PROP_11959,Oakridge Valley,Studio Apartment,647,1,1.0,Semi-Furnished,1,6,18.0,1,5,Ready To Move,4.0,249700.0
PROP_11385,Midtown Corridor,Apartment,1630,3,3.0,Semi-Furnished,1,9,0.0,2,3,Ready To Move,2.0,888700.0
PROP_10895,Sunset Park,Luxury Villa,3547,3,4.0,Furnished,1,3,1.0,1,9,Ready To Move,4.0,1840700.0
PROP_14925,Sunset Park,Apartment,1794,3,3.0,Unfurnished,2,11,4.0,1,5,Ready To Move,3.0,767500.0
PROP_10456,Westend Terrace,Independent House,2518,3,3.0,Unfurnished,1,2,2.0,2,6,Ready To Move,4.0,1276300.0
PROP_13710,Oakridge Valley,Apartment,1438,3,3.0,Furnished,1,23,2.0,1,2,Ready To Move,2.0,655000.0
PROP_15554,Lakeside Estates,Penthouse,3901,3,5.0,Semi-Furnished,2,25,1.0,2,7,Ready To Move,3.0,2563000.0
PROP_14850,Downtown Central,Apartment,1144,2,1.0,Semi-Furnished,3,6,5.0,1,10,Ready To Move,3.0,701900.0
PROP_14749,Midtown Corridor,Independent House,2989,4,4.0,Semi-Furnished,3,1,1.0,1,6,Under Construction,3.0,1602100.0
PROP_14269,Oakridge Valley,Apartment,1572,3,2.0,Furnished,1,18,9.0,2,9,Under Construction,1.0,651900.0
PROP_13523,Westend Terrace,Apartment,1184,2,1.0,Unfurnished,0,9,8.0,0,10,Ready To Move,4.0,535500.0
PROP_14135,Westend Terrace,Independent House,2453,3,4.0,Semi-Furnished,2,2,1.0,1,9,Ready To Move,3.0,1310100.0
PROP_13603,Downtown Central,Independent House,2878,4,3.0,Semi-Furnished,2,2,0.0,1,3,Ready To Move,4.0,1673900.0
PROP_10714,Oakridge Valley,Luxury Villa,4532,4,5.0,Furnished,1,4,5.0,1,7,Ready To Move,3.0,2115400.0
PROP_14187,Greenwood Heights,Apartment,1102,1,1.0,Furnished,1,17,4.0,2,5,Ready To Move,2.0,517900.0
PROP_12215,Westend Terrace,Independent House,3863,5,5.0,Semi-Furnished,2,1,1.0,1,10,Under Construction,3.0,1786100.0
PROP_15302,Midtown Corridor,Independent House,2580,4,5.0,Semi-Furnished,0,2,1.0,0,10,Ready To Move,3.0,1457900.0
PROP_12924,Downtown Central,Luxury Villa,4547,4,5.0,Furnished,1,3,1.0,3,4,Ready To Move,2.0,3348300.0
PROP_11811,Silicon Hills,Penthouse,5388,4,6.0,Semi-Furnished,1,33,11.0,3,7,Under Construction,1.0,3859700.0
PROP_13487,Harbor Point,Apartment,1495,2,1.0,Semi-Furnished,2,24,0.0,1,5,Ready To Move,1.0,871200.0
PROP_13142,Downtown Central,Independent House,2810,5,6.0,Semi-Furnished,1,2,27.0,2,8,Ready To Move,3.0,1433900.0
PROP_11828,Westend Terrace,Independent House,2926,3,3.0,Furnished,1,3,0.0,1,4,Under Construction,4.0,1445300.0
PROP_11156,Midtown Corridor,Independent House,2260,3,3.0,Unfurnished,1,2,21.0,3,4,Ready To Move,4.0,1180700.0
PROP_11325,Greenwood Heights,Luxury Villa,4018,4,4.0,Semi-Furnished,2,3,5.0,2,4,Under Construction,2.0,1950100.0
PROP_14313,Greenwood Heights,Independent House,1790,2,2.0,Semi-Furnished,2,3,11.0,0,3,Under Construction,2.0,737100.0
PROP_10511,Greenwood Heights,Apartment,1201,2,1.0,Semi-Furnished,2,23,5.0,1,5,Under Construction,3.0,453800.0
PROP_11681,Greenwood Heights,Independent House,2155,3,3.0,Semi-Furnished,0,2,0.0,1,6,Ready To Move,2.0,1129800.0
PROP_10500,Greenwood Heights,Apartment,1179,2,2.0,Semi-Furnished,1,19,8.0,2,6,Under Construction,4.0,485700.0
PROP_15458,Greenwood Heights,Independent House,2371,3,4.0,Furnished,0,3,8.0,0,4,Under Construction,4.0,1075100.0
PROP_11857,Greenwood Heights,Apartment,1955,4,5.0,Furnished,2,20,6.0,2,9,Ready To Move,3.0,970700.0
PROP_11389,Riverside District,Apartment,1256,2,1.0,Semi-Furnished,1,11,9.0,1,3,Ready To Move,2.0,594400.0
PROP_13720,Sunset Park,Penthouse,4009,4,5.0,Unfurnished,1,21,14.0,1,6,Ready To Move,3.0,2044900.0
PROP_12387,Oakridge Valley,Independent House,2924,4,5.0,Furnished,1,3,0.0,0,8,Ready To Move,2.0,1377900.0
PROP_13237,Silicon Hills,Apartment,1886,4,5.0,Semi-Furnished,1,8,14.0,1,8,Ready To Move,1.0,1098300.0
PROP_11541,Downtown Central,Apartment,1942,4,3.0,Furnished,1,6,1.0,2,4,Ready To Move,5.0,1149300.0
PROP_11218,Westend Terrace,Independent House,2390,4,5.0,Semi-Furnished,1,2,1.0,1,7,Ready To Move,2.0,1268800.0
PROP_12682,Downtown Central,Apartment,1571,2,2.0,Semi-Furnished,1,17,1.0,2,6,Ready To Move,2.0,904300.0
PROP_12994,Midtown Corridor,Independent House,2875,4,5.0,Semi-Furnished,2,3,16.0,3,8,Under Construction,3.0,1408600.0
PROP_11192,Silicon Hills,Independent House,1551,2,3.0,Unfurnished,2,2,0.0,1,2,Under Construction,2.0,1000900.0
PROP_15294,Harbor Point,Penthouse,5376,4,5.0,Semi-Furnished,1,25,3.0,1,7,Ready To Move,5.0,4317900.0
PROP_11543,Lakeside Estates,Independent House,2630,3,2.0,Unfurnished,1,2,15.0,2,5,Ready To Move,2.0,1357100.0
PROP_13302,Harbor Point,Studio Apartment,490,1,1.0,Unfurnished,0,1,0.0,1,4,Ready To Move,4.0,320800.0
PROP_13325,Sunset Park,Apartment,1240,2,2.0,Semi-Furnished,3,9,18.0,2,8,Ready To Move,1.0,579100.0
PROP_12540,Sunset Park,Independent House,3361,5,4.0,Furnished,1,2,7.0,1,6,Ready To Move,1.0,1324600.0
PROP_10954,Westend Terrace,Luxury Villa,4025,4,5.0,Semi-Furnished,0,3,0.0,1,2,Ready To Move,4.0,2275400.0
PROP_14847,Westend Terrace,Luxury Villa,4690,4,4.0,Unfurnished,1,4,4.0,1,5,Ready To Move,4.0,2599700.0
PROP_14331,Lakeside Estates,Apartment,983,1,1.0,Unfurnished,1,9,5.0,2,7,Under Construction,2.0,532000.0
PROP_10733,Greenwood Heights,Independent House,2428,3,2.0,Unfurnished,2,1,5.0,2,5,Ready To Move,5.0,1096700.0
PROP_11157,Riverside District,Apartment,1071,1,1.0,Furnished,2,2,6.0,3,5,Ready To Move,5.0,586900.0
PROP_15578,Greenwood Heights,Independent House,1743,2,1.0,Furnished,3,1,16.0,1,6,Ready To Move,1.0,712000.0
PROP_13295,Harbor Point,Independent House,2639,4,4.0,Furnished,0,2,1.0,0,4,Ready To Move,5.0,1639400.0
PROP_12983,Harbor Point,Penthouse,4820,4,6.0,Semi-Furnished,0,34,5.0,2,5,Ready To Move,3.0,3475300.0
PROP_15306,Sunset Park,Apartment,1442,2,2.0,Semi-Furnished,1,12,16.0,1,7,Ready To Move,1.0,551400.0
PROP_15162,Riverside District,Independent House,2229,4,3.0,Furnished,2,3,17.0,1,6,Ready To Move,5.0,1200500.0
PROP_12157,Silicon Hills,Independent House,2598,4,3.0,Semi-Furnished,1,2,4.0,1,3,Ready To Move,3.0,1697200.0
PROP_11063,Harbor Point,Apartment,2066,3,3.0,Unfurnished,2,12,16.0,2,8,Under Construction,3.0,1014800.0
PROP_12617,Oakridge Valley,Apartment,1721,3,4.0,Semi-Furnished,1,6,2.0,1,1,Ready To Move,2.0,723800.0
PROP_11168,Oakridge Valley,Apartment,936,2,2.0,Semi-Furnished,1,10,5.0,0,4,Ready To Move,4.0,466800.0
PROP_13223,Greenwood Heights,Luxury Villa,5453,6,7.0,Furnished,3,3,5.0,2,4,Ready To Move,4.0,2918600.0
PROP_13637,Midtown Corridor,Independent House,2543,3,3.0,Semi-Furnished,1,3,40.0,2,8,Under Construction,5.0,988200.0
PROP_12939,Oakridge Valley,Independent House,3054,4,4.0,Unfurnished,1,2,1.0,1,7,Ready To Move,2.0,1171900.0
PROP_14492,Sunset Park,Independent House,2401,3,2.0,Unfurnished,2,2,40.0,2,4,Ready To Move,4.0,800800.0
PROP_13141,Harbor Point,Apartment,1199,2,1.0,Semi-Furnished,1,9,9.0,1,1,Ready To Move,3.0,664500.0
PROP_14981,Midtown Corridor,Apartment,1845,3,2.0,Semi-Furnished,2,23,1.0,1,4,Under Construction,4.0,943400.0
PROP_10144,Midtown Corridor,Apartment,1401,2,2.0,Furnished,1,12,4.0,2,7,Ready To Move,4.0,790100.0
PROP_13578,Midtown Corridor,Apartment,1703,3,3.0,Semi-Furnished,1,23,0.0,2,8,Under Construction,2.0,913300.0
PROP_14947,Sunset Park,Luxury Villa,4403,4,5.0,Unfurnished,1,4,16.0,1,10,Under Construction,4.0,2115400.0
PROP_12783,Oakridge Valley,Apartment,892,1,2.0,Semi-Furnished,1,15,2.0,1,5,Ready To Move,5.0,423800.0
PROP_10718,Downtown Central,Luxury Villa,5722,5,6.0,Semi-Furnished,2,2,19.0,1,6,Ready To Move,4.0,4050600.0
PROP_11820,Downtown Central,Luxury Villa,5125,4,4.0,Furnished,1,3,4.0,0,6,Ready To Move,5.0,3855500.0
PROP_12503,Downtown Central,Apartment,1145,2,1.0,Furnished,0,12,11.0,2,3,Ready To Move,2.0,601700.0
PROP_14361,Riverside District,Studio Apartment,524,1,1.0,Furnished,1,2,3.0,1,3,Ready To Move,1.0,277200.0
PROP_14172,Harbor Point,Independent House,2162,4,4.0,Semi-Furnished,0,2,4.0,3,3,Ready To Move,2.0,1389800.0
PROP_10396,Downtown Central,Luxury Villa,4510,4,5.0,Semi-Furnished,2,3,2.0,1,4,Ready To Move,4.0,3043900.0
PROP_15822,Lakeside Estates,Apartment,1562,3,3.0,Unfurnished,1,5,3.0,2,4,Ready To Move,3.0,880900.0
PROP_14493,Oakridge Valley,Independent House,2417,3,3.0,Furnished,1,3,22.0,2,8,Ready To Move,2.0,894700.0
PROP_11366,Silicon Hills,Independent House,2504,4,4.0,Unfurnished,1,1,6.0,0,7,Ready To Move,5.0,1564500.0
PROP_15484,Downtown Central,Penthouse,4252,3,4.0,Furnished,1,30,3.0,1,6,Ready To Move,5.0,3270000.0
PROP_10596,Sunset Park,Apartment,1567,3,2.0,Unfurnished,1,10,5.0,1,2,Ready To Move,2.0,624800.0
PROP_13953,Lakeside Estates,Apartment,1661,3,2.0,Furnished,0,17,0.0,0,6,Ready To Move,4.0,973900.0
PROP_15393,Lakeside Estates,Apartment,1481,3,3.0,Furnished,2,12,9.0,1,6,Ready To Move,2.0,792900.0
PROP_14969,Lakeside Estates,Studio Apartment,590,1,1.0,Semi-Furnished,1,14,21.0,2,5,Ready To Move,4.0,319500.0
PROP_12915,Lakeside Estates,Apartment,1123,1,1.0,Furnished,2,11,16.0,3,2,Ready To Move,4.0,548400.0
PROP_12327,Midtown Corridor,Apartment,929,1,1.0,Semi-Furnished,1,9,11.0,1,7,Under Construction,5.0,472600.0
PROP_13767,Riverside District,Studio Apartment,491,1,1.0,Semi-Furnished,1,16,31.0,1,3,Ready To Move,2.0,214500.0
PROP_13441,Greenwood Heights,Luxury Villa,3614,3,4.0,Furnished,3,3,1.0,1,4,Under Construction,1.0,1837700.0
PROP_13852,Downtown Central,Apartment,1102,1,1.0,Furnished,2,22,8.0,2,5,Under Construction,3.0,601500.0
PROP_14133,Greenwood Heights,Apartment,1460,2,2.0,Semi-Furnished,0,20,0.0,1,2,Ready To Move,4.0,613000.0
PROP_15520,Sunset Park,Apartment,1198,2,2.0,Semi-Furnished,0,18,9.0,1,7,Ready To Move,4.0,496100.0
PROP_12144,Harbor Point,Apartment,1202,2,2.0,Furnished,2,11,5.0,1,6,Ready To Move,4.0,749900.0
PROP_15551,Greenwood Heights,Independent House,2567,3,3.0,Semi-Furnished,1,1,1.0,2,7,Ready To Move,1.0,1271500.0
PROP_15074,Midtown Corridor,Apartment,1517,3,3.0,Semi-Furnished,2,1,4.0,1,4,Ready To Move,5.0,791100.0
PROP_11572,Greenwood Heights,Apartment,1383,2,3.0,Unfurnished,2,3,1.0,2,4,Ready To Move,3.0,605800.0
PROP_14080,Downtown Central,Apartment,1845,3,3.0,Semi-Furnished,0,23,0.0,2,5,Under Construction,2.0,971200.0
PROP_11123,Greenwood Heights,Apartment,1363,2,2.0,Furnished,1,13,2.0,1,5,Ready To Move,3.0,669400.0
PROP_12787,Oakridge Valley,Apartment,1457,2,1.0,Furnished,1,8,20.0,1,1,Ready To Move,2.0,470700.0
PROP_12968,Midtown Corridor,Apartment,2086,3,3.0,Unfurnished,1,13,11.0,1,4,Ready To Move,3.0,977000.0
PROP_12505,Westend Terrace,Apartment,1144,2,3.0,Semi-Furnished,1,23,4.0,1,5,Ready To Move,4.0,578500.0
PROP_13466,Silicon Hills,Apartment,1174,1,1.0,Semi-Furnished,3,12,1.0,2,7,Ready To Move,1.0,699500.0
PROP_10676,Greenwood Heights,Apartment,1020,1,1.0,Unfurnished,1,14,2.0,1,5,Ready To Move,2.0,407900.0
PROP_12809,Midtown Corridor,Apartment,1662,4,4.0,Unfurnished,1,12,0.0,1,2,Ready To Move,2.0,957300.0
PROP_13349,Sunset Park,Apartment,1578,2,1.0,Furnished,1,23,23.0,3,5,Ready To Move,3.0,580500.0
PROP_10729,Silicon Hills,Apartment,1054,2,2.0,Semi-Furnished,1,17,0.0,1,3,Ready To Move,2.0,669900.0
PROP_10413,Lakeside Estates,Apartment,1567,3,2.0,Furnished,0,17,11.0,0,2,Under Construction,2.0,715800.0
PROP_13147,Harbor Point,Independent House,1945,2,3.0,Semi-Furnished,2,3,5.0,2,6,Ready To Move,2.0,1128600.0
PROP_11517,Silicon Hills,Luxury Villa,3805,3,4.0,Semi-Furnished,1,2,14.0,3,8,Ready To Move,2.0,2626300.0
PROP_10826,Westend Terrace,Penthouse,4436,4,5.0,Semi-Furnished,3,22,4.0,0,4,Ready To Move,1.0,2723600.0
PROP_13268,Oakridge Valley,Apartment,1998,3,2.0,Unfurnished,1,5,1.0,1,2,Ready To Move,3.0,763400.0
PROP_13975,Harbor Point,Studio Apartment,493,1,1.0,Unfurnished,1,4,1.0,0,6,Ready To Move,1.0,304900.0
PROP_10617,Westend Terrace,Apartment,1536,3,3.0,Unfurnished,0,6,2.0,2,5,Ready To Move,4.0,651400.0
PROP_10115,Downtown Central,Apartment,1688,3,3.0,Semi-Furnished,2,5,5.0,2,4,Ready To Move,3.0,886300.0
PROP_10418,Westend Terrace,Luxury Villa,4660,4,4.0,Furnished,1,4,4.0,1,4,Ready To Move,5.0,2579900.0
PROP_13070,Westend Terrace,Apartment,929,1,1.0,Semi-Furnished,1,8,0.0,1,6,Ready To Move,4.0,478200.0
PROP_11626,Westend Terrace,Apartment,1202,2,2.0,Semi-Furnished,1,16,6.0,1,9,Ready To Move,2.0,647000.0
PROP_15965,Greenwood Heights,Luxury Villa,4351,4,5.0,Unfurnished,0,3,3.0,1,5,Ready To Move,4.0,2401700.0
PROP_14186,Greenwood Heights,Independent House,2984,5,4.0,Semi-Furnished,1,1,25.0,0,4,Ready To Move,4.0,1178800.0
PROP_12897,Westend Terrace,Apartment,1066,1,1.0,Furnished,1,7,3.0,2,5,Ready To Move,3.0,544000.0
PROP_15623,Greenwood Heights,Independent House,2800,4,4.0,Unfurnished,0,1,1.0,1,2,Ready To Move,2.0,1411100.0
PROP_12083,Harbor Point,Apartment,1386,2,2.0,Furnished,1,11,10.0,0,3,Ready To Move,4.0,791900.0
PROP_10754,Harbor Point,Independent House,3365,5,4.0,Semi-Furnished,2,2,2.0,1,3,Ready To Move,5.0,2125800.0
PROP_12547,Lakeside Estates,Independent House,2371,3,2.0,Furnished,1,3,8.0,0,8,Under Construction,1.0,1367500.0
PROP_13970,Greenwood Heights,Apartment,1823,3,3.0,Semi-Furnished,1,10,16.0,1,3,Ready To Move,5.0,767600.0
PROP_13374,Riverside District,Apartment,1036,1,1.0,Furnished,1,22,6.0,1,5,Ready To Move,2.0,526100.0
PROP_14108,Sunset Park,Independent House,2283,3,3.0,Semi-Furnished,1,1,1.0,1,3,Under Construction,3.0,947800.0
PROP_12445,Westend Terrace,Apartment,1316,2,2.0,Furnished,0,14,10.0,1,3,Under Construction,3.0,566400.0
PROP_14381,Lakeside Estates,Apartment,697,1,1.0,Furnished,2,7,2.0,2,4,Ready To Move,5.0,462000.0
PROP_11067,Downtown Central,Luxury Villa,4702,4,4.0,Furnished,0,2,0.0,1,4,Under Construction,1.0,3006400.0
PROP_13914,Sunset Park,Apartment,1538,3,2.0,Furnished,2,3,23.0,1,5,Ready To Move,3.0,550200.0
PROP_15288,Sunset Park,Apartment,1253,3,3.0,Semi-Furnished,2,5,30.0,0,4,Ready To Move,4.0,523000.0
PROP_15388,Oakridge Valley,Penthouse,5238,4,5.0,Semi-Furnished,1,26,1.0,1,3,Under Construction,2.0,2475100.0
PROP_13499,Harbor Point,Apartment,1634,3,2.0,Semi-Furnished,0,11,2.0,2,10,Under Construction,3.0,935400.0
PROP_12739,Westend Terrace,Apartment,1357,2,2.0,Furnished,1,12,0.0,1,4,Ready To Move,2.0,670400.0
PROP_15053,Greenwood Heights,Apartment,1672,2,2.0,Semi-Furnished,1,5,2.0,2,3,Under Construction,3.0,683100.0
PROP_14001,Silicon Hills,Luxury Villa,5613,6,6.0,Semi-Furnished,3,2,14.0,1,7,Ready To Move,2.0,3956800.0
PROP_11569,Lakeside Estates,Independent House,3205,5,5.0,Semi-Furnished,1,1,0.0,0,4,Ready To Move,1.0,1819400.0
PROP_12428,Lakeside Estates,Apartment,1430,2,2.0,Semi-Furnished,0,18,15.0,2,10,Ready To Move,3.0,749100.0
PROP_13747,Sunset Park,Luxury Villa,4002,4,5.0,Semi-Furnished,1,3,6.0,1,8,Ready To Move,3.0,1994900.0
PROP_15899,Harbor Point,Luxury Villa,4516,4,4.0,Unfurnished,2,3,3.0,1,7,Ready To Move,3.0,3307100.0
PROP_11688,Oakridge Valley,Apartment,2004,3,3.0,Furnished,1,3,0.0,2,2,Ready To Move,4.0,841900.0
PROP_10852,Riverside District,Independent House,2495,3,3.0,Unfurnished,2,3,1.0,1,6,Under Construction,5.0,1317300.0
PROP_13547,Riverside District,Luxury Villa,5643,4,5.0,Semi-Furnished,1,3,12.0,2,7,Ready To Move,1.0,3269900.0
PROP_10896,Downtown Central,Apartment,1265,2,1.0,Semi-Furnished,1,11,9.0,2,3,Under Construction,1.0,621300.0
PROP_14593,Midtown Corridor,Apartment,707,1,1.0,Semi-Furnished,0,8,8.0,0,5,Under Construction,4.0,358900.0
PROP_10336,Greenwood Heights,Apartment,1476,3,2.0,Semi-Furnished,1,1,6.0,0,5,Ready To Move,1.0,636700.0
PROP_12840,Lakeside Estates,Apartment,1768,3,3.0,Semi-Furnished,1,4,2.0,1,6,Ready To Move,1.0,937900.0
PROP_13088,Harbor Point,Apartment,1312,2,2.0,Furnished,2,24,20.0,0,1,Under Construction,2.0,658600.0
PROP_14612,Greenwood Heights,Independent House,2058,3,2.0,Semi-Furnished,3,2,8.0,2,3,Ready To Move,2.0,961900.0
PROP_11349,Riverside District,Independent House,2776,4,4.0,Furnished,1,1,11.0,1,6,Ready To Move,2.0,1385000.0
PROP_11016,Sunset Park,Apartment,1418,2,1.0,Furnished,1,22,2.0,1,9,Ready To Move,3.0,652700.0
PROP_12817,Oakridge Valley,Apartment,1331,2,2.0,Unfurnished,2,16,9.0,1,6,Under Construction,1.0,490000.0
PROP_11632,Downtown Central,Studio Apartment,619,1,1.0,Semi-Furnished,3,6,4.0,2,3,Under Construction,2.0,337400.0
PROP_12490,Harbor Point,Penthouse,4433,4,6.0,Semi-Furnished,0,18,2.0,0,5,Ready To Move,2.0,3610800.0
PROP_13731,Greenwood Heights,Studio Apartment,520,1,1.0,Semi-Furnished,2,9,1.0,2,8,Ready To Move,1.0,303100.0
PROP_13252,Downtown Central,Apartment,1618,3,4.0,Semi-Furnished,0,24,12.0,0,3,Ready To Move,4.0,842900.0
PROP_15905,Downtown Central,Apartment,1259,2,2.0,Unfurnished,1,12,1.0,0,3,Ready To Move,3.0,719900.0
PROP_12071,Oakridge Valley,Independent House,2877,3,2.0,Furnished,1,1,4.0,1,7,Ready To Move,3.0,1255800.0
PROP_14453,Westend Terrace,Apartment,1294,2,1.0,Furnished,2,18,9.0,1,5,Ready To Move,5.0,676700.0
PROP_15883,Midtown Corridor,Apartment,1262,2,1.0,Furnished,0,19,0.0,0,4,Ready To Move,1.0,617200.0
PROP_15409,Midtown Corridor,Apartment,744,1,1.0,Semi-Furnished,1,20,8.0,1,3,Ready To Move,1.0,362100.0
PROP_11636,Sunset Park,Independent House,3111,4,5.0,Unfurnished,1,3,8.0,1,1,Under Construction,2.0,1236700.0
PROP_14647,Silicon Hills,Studio Apartment,501,1,1.0,Semi-Furnished,1,7,0.0,0,6,Under Construction,1.0,308500.0
PROP_12480,Midtown Corridor,Independent House,3497,5,4.0,Furnished,1,2,3.0,2,5,Ready To Move,1.0,1780000.0
PROP_12266,Lakeside Estates,Independent House,2635,3,4.0,Unfurnished,0,2,20.0,2,6,Ready To Move,3.0,1212800.0
PROP_12960,Greenwood Heights,Apartment,2179,4,4.0,Furnished,3,6,11.0,1,3,Under Construction,1.0,911300.0
PROP_15324,Harbor Point,Luxury Villa,4805,4,4.0,Furnished,0,3,12.0,1,8,Under Construction,2.0,3070500.0
PROP_15694,Greenwood Heights,Apartment,1776,3,3.0,Furnished,2,17,8.0,2,4,Ready To Move,4.0,914300.0
PROP_13060,Harbor Point,Apartment,1659,3,2.0,Semi-Furnished,2,16,13.0,2,3,Ready To Move,2.0,979300.0
PROP_15054,Westend Terrace,Independent House,2568,4,3.0,Semi-Furnished,1,2,1.0,2,7,Under Construction,5.0,1237100.0
PROP_12142,Greenwood Heights,Penthouse,4792,4,6.0,Furnished,1,33,2.0,2,9,Ready To Move,1.0,2877900.0
PROP_15105,Oakridge Valley,Studio Apartment,605,1,1.0,Semi-Furnished,1,19,19.0,1,3,Ready To Move,3.0,228800.0
PROP_13119,Midtown Corridor,Apartment,1324,3,3.0,Unfurnished,1,3,4.0,1,5,Ready To Move,3.0,743200.0
PROP_15189,Greenwood Heights,Apartment,1120,1,2.0,Semi-Furnished,1,23,1.0,0,3,Ready To Move,3.0,498700.0
PROP_15818,Lakeside Estates,Penthouse,4960,4,5.0,Semi-Furnished,1,26,16.0,1,5,Ready To Move,4.0,3033200.0
PROP_14046,Sunset Park,Luxury Villa,5085,4,5.0,Unfurnished,0,2,1.0,3,8,Ready To Move,3.0,2761400.0
PROP_13357,Lakeside Estates,Luxury Villa,4468,5,5.0,Furnished,2,3,3.0,3,6,Ready To Move,3.0,3000200.0
PROP_12745,Greenwood Heights,Apartment,1403,2,1.0,Furnished,1,18,16.0,2,3,Ready To Move,1.0,541600.0
PROP_15093,Westend Terrace,Luxury Villa,5122,5,6.0,Semi-Furnished,0,4,2.0,2,3,Ready To Move,1.0,2957400.0
PROP_13507,Harbor Point,Apartment,1124,2,2.0,Semi-Furnished,2,3,2.0,1,3,Ready To Move,4.0,641500.0
PROP_11680,Greenwood Heights,Apartment,1377,2,2.0,Furnished,2,23,3.0,1,7,Ready To Move,1.0,671500.0
PROP_14250,Downtown Central,Independent House,2294,3,3.0,Unfurnished,1,1,12.0,1,4,Under Construction,1.0,1171600.0
PROP_13148,Midtown Corridor,Luxury Villa,5570,5,5.0,Semi-Furnished,0,2,15.0,2,2,Ready To Move,5.0,3142600.0
PROP_12295,Oakridge Valley,Apartment,1319,2,3.0,Furnished,1,14,0.0,1,6,Ready To Move,2.0,637700.0
PROP_10581,Sunset Park,Apartment,1377,2,1.0,Furnished,2,5,11.0,0,10,Ready To Move,3.0,600400.0
PROP_11471,Harbor Point,Apartment,1635,2,2.0,Furnished,1,4,1.0,2,5,Ready To Move,4.0,985300.0
PROP_14800,Harbor Point,Apartment,1267,2,2.0,Semi-Furnished,1,12,2.0,3,6,Ready To Move,1.0,718500.0
PROP_14071,Midtown Corridor,Studio Apartment,402,1,1.0,Furnished,0,15,0.0,2,8,Ready To Move,2.0,288900.0
PROP_15309,Downtown Central,Apartment,1171,2,1.0,Furnished,0,11,0.0,3,2,Ready To Move,3.0,727300.0
PROP_13344,Westend Terrace,Apartment,1383,3,3.0,Semi-Furnished,0,5,9.0,1,4,Ready To Move,3.0,653500.0
PROP_14993,Lakeside Estates,Apartment,1431,3,2.0,Semi-Furnished,0,24,1.0,2,5,Ready To Move,3.0,738700.0
PROP_14584,Midtown Corridor,Apartment,1488,2,1.0,Semi-Furnished,1,15,0.0,2,4,Ready To Move,2.0,748900.0
PROP_13673,Sunset Park,Apartment,1882,4,4.0,Semi-Furnished,2,8,10.0,1,5,Under Construction,4.0,822900.0
PROP_10560,Riverside District,Independent House,2344,3,3.0,Semi-Furnished,0,1,0.0,2,4,Ready To Move,1.0,1129300.0
PROP_15238,Harbor Point,Apartment,1424,3,3.0,Semi-Furnished,1,10,8.0,2,3,Ready To Move,1.0,770100.0
PROP_15216,Downtown Central,Apartment,2019,3,3.0,Unfurnished,2,22,3.0,2,8,Ready To Move,5.0,1148900.0
PROP_12850,Riverside District,Independent House,2707,4,3.0,Semi-Furnished,1,3,9.0,1,4,Ready To Move,1.0,1335600.0
PROP_10513,Midtown Corridor,Studio Apartment,546,1,1.0,Semi-Furnished,3,17,17.0,1,8,Ready To Move,5.0,329500.0
PROP_14730,Harbor Point,Studio Apartment,611,1,1.0,Unfurnished,0,9,5.0,1,1,Under Construction,3.0,323900.0
PROP_11082,Oakridge Valley,Independent House,2460,3,2.0,Furnished,3,1,5.0,2,3,Ready To Move,3.0,1110700.0
PROP_11665,Oakridge Valley,Luxury Villa,4188,4,4.0,Unfurnished,1,2,3.0,1,10,Ready To Move,4.0,2182300.0
PROP_11013,Harbor Point,Penthouse,4244,5,6.0,Semi-Furnished,2,25,6.0,1,2,Under Construction,5.0,3114800.0
PROP_11932,Oakridge Valley,Apartment,1539,2,3.0,Semi-Furnished,1,14,20.0,0,10,Ready To Move,2.0,612500.0
PROP_11151,Riverside District,Apartment,1632,3,3.0,Semi-Furnished,0,1,0.0,1,6,Ready To Move,3.0,813300.0
PROP_12839,Silicon Hills,Apartment,1764,3,3.0,Unfurnished,1,20,3.0,1,5,Ready To Move,4.0,985500.0
PROP_10117,Westend Terrace,Apartment,1773,2,2.0,Furnished,1,13,7.0,2,8,Ready To Move,4.0,765600.0
PROP_10741,Riverside District,Apartment,1474,3,3.0,Semi-Furnished,0,20,17.0,0,9,Ready To Move,4.0,685900.0
PROP_15785,Harbor Point,Independent House,2164,3,4.0,Unfurnished,0,3,0.0,1,6,Ready To Move,2.0,1373500.0
PROP_15178,Sunset Park,Penthouse,4152,3,4.0,Furnished,3,21,8.0,1,4,Ready To Move,4.0,2206100.0
PROP_13676,Harbor Point,Luxury Villa,3934,4,5.0,Semi-Furnished,2,4,11.0,3,3,Under Construction,4.0,2316100.0
PROP_10831,Sunset Park,Luxury Villa,4742,4,5.0,Semi-Furnished,1,3,6.0,1,4,Ready To Move,1.0,2187800.0
PROP_10120,Sunset Park,Apartment,991,2,2.0,Unfurnished,3,21,22.0,2,7,Ready To Move,2.0,426500.0
PROP_14753,Westend Terrace,Luxury Villa,3603,3,4.0,Unfurnished,1,4,37.0,1,3,Ready To Move,1.0,1625800.0
PROP_15751,Greenwood Heights,Apartment,1601,3,4.0,Unfurnished,0,14,0.0,1,5,Under Construction,2.0,699100.0
PROP_15703,Westend Terrace,Luxury Villa,5831,6,7.0,Furnished,1,2,3.0,0,4,Ready To Move,3.0,3418200.0
PROP_15954,Downtown Central,Independent House,3098,5,5.0,Furnished,1,2,4.0,1,4,Ready To Move,3.0,2023400.0
PROP_10636,Oakridge Valley,Luxury Villa,5021,4,5.0,Furnished,0,2,4.0,1,7,Ready To Move,1.0,2652300.0
PROP_14466,Westend Terrace,Apartment,1577,3,3.0,Furnished,1,10,8.0,0,8,Ready To Move,2.0,725500.0
PROP_14365,Harbor Point,Studio Apartment,564,1,1.0,Semi-Furnished,2,13,16.0,0,8,Under Construction,2.0,342900.0
PROP_14143,Greenwood Heights,Penthouse,3836,3,4.0,Furnished,1,31,0.0,1,6,Ready To Move,4.0,2284200.0
PROP_10992,Harbor Point,Independent House,1926,2,3.0,Semi-Furnished,2,1,4.0,1,8,Ready To Move,2.0,1267200.0
PROP_10877,Harbor Point,Independent House,3027,4,3.0,Semi-Furnished,1,2,3.0,1,3,Ready To Move,2.0,1820400.0
PROP_14870,Silicon Hills,Luxury Villa,5123,6,7.0,Furnished,2,2,0.0,2,6,Ready To Move,1.0,3870200.0
PROP_15316,Sunset Park,Apartment,1055,1,2.0,Semi-Furnished,0,16,13.0,1,6,Ready To Move,1.0,441000.0
PROP_15223,Harbor Point,Studio Apartment,466,1,1.0,Semi-Furnished,1,18,5.0,2,2,Ready To Move,4.0,297300.0
PROP_10005,Midtown Corridor,Penthouse,4631,3,4.0,Unfurnished,2,21,6.0,0,2,Ready To Move,3.0,2822000.0
PROP_13052,Downtown Central,Independent House,2295,3,2.0,Semi-Furnished,1,1,12.0,2,3,Ready To Move,2.0,1345700.0
PROP_13125,Riverside District,Studio Apartment,536,1,1.0,Furnished,2,19,1.0,2,5,Ready To Move,4.0,316700.0
PROP_12661,Oakridge Valley,Independent House,2391,3,3.0,Unfurnished,1,3,8.0,3,6,Ready To Move,5.0,1027700.0
PROP_12492,Downtown Central,Apartment,1207,2,2.0,Furnished,1,9,16.0,1,9,Ready To Move,2.0,671300.0
PROP_15174,Downtown Central,Apartment,1192,1,1.0,Furnished,1,5,14.0,2,8,Ready To Move,2.0,724400.0
PROP_13855,Westend Terrace,Apartment,1471,3,2.0,Semi-Furnished,1,20,0.0,1,6,Ready To Move,3.0,727300.0
PROP_14934,Greenwood Heights,Luxury Villa,4237,4,5.0,Furnished,3,2,15.0,2,1,Ready To Move,2.0,2194000.0
PROP_14778,Midtown Corridor,Luxury Villa,4858,5,5.0,Unfurnished,0,2,4.0,2,7,Under Construction,4.0,2509200.0
PROP_11716,Lakeside Estates,Apartment,1277,2,2.0,Semi-Furnished,1,3,7.0,1,7,Under Construction,3.0,646700.0
PROP_11149,Downtown Central,Independent House,3419,5,4.0,Unfurnished,0,1,8.0,2,7,Under Construction,3.0,1774800.0
PROP_13262,Downtown Central,Apartment,2018,4,3.0,Furnished,2,7,13.0,1,5,Ready To Move,2.0,1007500.0
PROP_10575,Sunset Park,Independent House,2118,3,2.0,Unfurnished,1,3,3.0,1,4,Ready To Move,5.0,918700.0
PROP_13770,Westend Terrace,Apartment,1601,2,2.0,Furnished,1,2,7.0,0,5,Under Construction,1.0,616600.0
PROP_13737,Oakridge Valley,Apartment,1418,3,3.0,Semi-Furnished,2,22,1.0,2,5,Ready To Move,3.0,617800.0
PROP_14147,Harbor Point,Luxury Villa,4297,5,6.0,Furnished,2,3,20.0,2,2,Under Construction,1.0,2553900.0
PROP_10854,Harbor Point,Apartment,1358,2,1.0,Furnished,1,21,11.0,3,7,Ready To Move,2.0,806500.0
PROP_11983,Downtown Central,Independent House,2435,3,3.0,Semi-Furnished,1,3,9.0,1,5,Ready To Move,2.0,1395600.0
PROP_12775,Sunset Park,Apartment,1490,3,2.0,Semi-Furnished,0,7,5.0,1,5,Ready To Move,5.0,637600.0
PROP_14930,Sunset Park,Apartment,1543,3,3.0,Unfurnished,2,23,26.0,1,4,Ready To Move,3.0,536200.0
PROP_15212,Westend Terrace,Luxury Villa,5158,6,6.0,Furnished,2,2,3.0,3,9,Ready To Move,4.0,3144100.0
PROP_11167,Harbor Point,Studio Apartment,648,1,1.0,Furnished,0,19,2.0,1,5,Ready To Move,4.0,420000.0
PROP_10972,Downtown Central,Luxury Villa,5066,5,5.0,Unfurnished,0,2,9.0,1,6,Ready To Move,3.0,3246200.0
PROP_12702,Lakeside Estates,Penthouse,5001,5,7.0,Furnished,3,26,17.0,0,6,Ready To Move,5.0,2994200.0
PROP_14496,Lakeside Estates,Studio Apartment,537,1,1.0,Semi-Furnished,2,7,7.0,1,5,Ready To Move,5.0,331700.0
PROP_13848,Sunset Park,Apartment,1499,2,2.0,Unfurnished,1,21,7.0,2,8,Under Construction,4.0,579800.0
PROP_12369,Downtown Central,Apartment,1739,3,3.0,Semi-Furnished,2,20,34.0,1,6,Ready To Move,5.0,732200.0
PROP_14116,Downtown Central,Independent House,1992,3,3.0,Furnished,3,2,4.0,1,4,Ready To Move,1.0,1300900.0
PROP_14781,Oakridge Valley,Apartment,1343,2,1.0,Furnished,1,23,12.0,1,2,Ready To Move,5.0,463300.0
PROP_14132,Downtown Central,Apartment,1864,3,3.0,Semi-Furnished,1,4,0.0,2,4,Ready To Move,5.0,1065200.0
PROP_12951,Riverside District,Apartment,1393,2,1.0,Furnished,2,18,23.0,1,8,Ready To Move,3.0,612500.0
PROP_15626,Greenwood Heights,Penthouse,4759,4,5.0,Semi-Furnished,1,24,11.0,1,5,Ready To Move,2.0,2472700.0
PROP_10525,Midtown Corridor,Apartment,1066,1,1.0,Furnished,2,22,1.0,1,4,Ready To Move,2.0,627800.0
PROP_12456,Greenwood Heights,Independent House,2240,3,3.0,Furnished,0,2,6.0,2,8,Ready To Move,2.0,1110700.0
PROP_15017,Riverside District,Independent House,2988,4,5.0,Unfurnished,1,3,8.0,2,3,Ready To Move,3.0,1470800.0
PROP_11842,Silicon Hills,Luxury Villa,4219,4,4.0,Semi-Furnished,1,2,0.0,3,3,Under Construction,5.0,3169500.0
PROP_10538,Westend Terrace,Independent House,2465,3,2.0,Unfurnished,2,2,22.0,1,4,Ready To Move,2.0,1076200.0
PROP_12807,Midtown Corridor,Apartment,1178,2,2.0,Furnished,1,22,5.0,3,8,Ready To Move,1.0,690000.0
PROP_15597,Harbor Point,Independent House,1420,3,2.0,Semi-Furnished,1,1,0.0,1,8,Ready To Move,4.0,1002300.0
PROP_14342,Sunset Park,Apartment,1915,3,2.0,Unfurnished,0,15,5.0,2,6,Ready To Move,4.0,737400.0
PROP_13176,Greenwood Heights,Apartment,2188,4,3.0,Semi-Furnished,1,23,0.0,2,2,Ready To Move,1.0,996400.0
PROP_10785,Oakridge Valley,Independent House,3119,4,4.0,Unfurnished,3,2,11.0,1,5,Under Construction,4.0,1128400.0
PROP_14058,Lakeside Estates,Apartment,1025,2,2.0,Semi-Furnished,0,20,23.0,2,4,Ready To Move,5.0,512600.0
PROP_11410,Riverside District,Apartment,1736,3,3.0,Semi-Furnished,2,8,2.0,0,8,Ready To Move,3.0,892800.0
PROP_12538,Sunset Park,Apartment,1054,2,1.0,Semi-Furnished,0,22,15.0,0,5,Ready To Move,2.0,406300.0
PROP_10155,Sunset Park,Independent House,2463,4,4.0,Furnished,1,1,10.0,1,6,Under Construction,3.0,1033800.0
PROP_13010,Sunset Park,Apartment,1890,3,4.0,Unfurnished,3,22,6.0,2,5,Ready To Move,5.0,893800.0
PROP_11687,Westend Terrace,Studio Apartment,624,1,1.0,Furnished,2,1,0.0,2,6,Ready To Move,5.0,370400.0
PROP_12902,Oakridge Valley,Luxury Villa,4449,4,5.0,Unfurnished,1,4,26.0,1,5,Under Construction,2.0,1570100.0
PROP_15964,Oakridge Valley,Apartment,1215,2,2.0,Unfurnished,2,15,2.0,2,7,Ready To Move,5.0,533700.0
PROP_14722,Sunset Park,Independent House,2633,4,3.0,Unfurnished,1,2,4.0,0,5,Ready To Move,2.0,1238300.0
PROP_13864,Downtown Central,Independent House,3257,5,5.0,Furnished,1,2,6.0,2,8,Ready To Move,4.0,2041600.0
PROP_12734,Riverside District,Independent House,2452,3,4.0,Furnished,0,1,3.0,1,4,Ready To Move,4.0,1359300.0
PROP_11896,Lakeside Estates,Luxury Villa,4540,3,4.0,Furnished,1,2,4.0,2,6,Ready To Move,1.0,2832200.0
PROP_15443,Lakeside Estates,Independent House,3270,4,3.0,Furnished,1,3,6.0,1,5,Ready To Move,4.0,1867100.0
PROP_10570,Greenwood Heights,Apartment,1919,3,4.0,Unfurnished,1,19,5.0,1,6,Ready To Move,2.0,845100.0
PROP_11817,Lakeside Estates,Apartment,2097,4,4.0,Semi-Furnished,3,9,17.0,2,5,Ready To Move,2.0,1032400.0
PROP_12066,Oakridge Valley,Apartment,1103,1,1.0,Furnished,3,2,6.0,2,7,Ready To Move,2.0,498400.0
PROP_10128,Lakeside Estates,Apartment,2123,4,4.0,Semi-Furnished,1,8,8.0,3,5,Ready To Move,3.0,1092500.0
PROP_13395,Harbor Point,Apartment,1319,2,1.0,Furnished,2,15,0.0,1,8,Under Construction,3.0,896100.0
PROP_13328,Westend Terrace,Studio Apartment,428,1,1.0,Semi-Furnished,1,3,7.0,2,6,Ready To Move,3.0,266200.0
PROP_12976,Greenwood Heights,Apartment,912,2,1.0,Semi-Furnished,2,17,5.0,0,10,Ready To Move,1.0,441900.0
PROP_10981,Riverside District,Independent House,1906,3,4.0,Semi-Furnished,1,2,2.0,1,10,Ready To Move,3.0,1052400.0
PROP_12301,Sunset Park,Apartment,1605,2,3.0,Furnished,2,3,32.0,2,3,Ready To Move,3.0,541700.0
PROP_10191,Riverside District,Studio Apartment,584,1,1.0,Semi-Furnished,1,17,25.0,1,4,Ready To Move,3.0,272600.0
PROP_11140,Midtown Corridor,Apartment,1226,2,2.0,Furnished,0,20,2.0,2,5,Ready To Move,5.0,734700.0
PROP_15089,Oakridge Valley,Apartment,1285,2,2.0,Furnished,2,5,1.0,2,8,Ready To Move,5.0,592600.0
PROP_10700,Greenwood Heights,Independent House,2690,4,5.0,Semi-Furnished,1,1,5.0,1,9,Ready To Move,4.0,1316400.0
PROP_15752,Harbor Point,Apartment,1854,3,3.0,Semi-Furnished,2,11,22.0,2,8,Ready To Move,2.0,931800.0
PROP_10607,Westend Terrace,Studio Apartment,486,1,1.0,Furnished,0,4,11.0,3,2,Ready To Move,2.0,245800.0
PROP_14277,Oakridge Valley,Luxury Villa,4581,4,5.0,Unfurnished,1,2,2.0,0,9,Ready To Move,4.0,2119100.0
PROP_10302,Oakridge Valley,Independent House,2695,4,4.0,Unfurnished,0,2,13.0,2,5,Ready To Move,1.0,1072300.0
PROP_13421,Harbor Point,Penthouse,4990,5,6.0,Unfurnished,1,24,11.0,1,2,Ready To Move,3.0,3673100.0
PROP_15799,Oakridge Valley,Apartment,1699,3,3.0,Semi-Furnished,1,4,7.0,2,5,Ready To Move,2.0,679100.0
PROP_11061,Downtown Central,Independent House,3352,5,5.0,Furnished,1,1,4.0,2,4,Ready To Move,3.0,2007100.0
PROP_12566,Silicon Hills,Apartment,1305,2,2.0,Furnished,1,16,18.0,1,7,Under Construction,5.0,678900.0
PROP_11070,Riverside District,Independent House,2997,4,4.0,Furnished,1,3,0.0,3,3,Under Construction,3.0,1541300.0
PROP_12525,Sunset Park,Apartment,1807,3,2.0,Unfurnished,1,13,11.0,1,6,Ready To Move,3.0,739500.0
PROP_12206,Lakeside Estates,Apartment,1604,2,2.0,Semi-Furnished,2,3,1.0,1,6,Under Construction,3.0,829400.0
PROP_11244,Downtown Central,Apartment,1349,2,1.0,Furnished,1,22,0.0,2,10,Ready To Move,4.0,813900.0
PROP_10017,Silicon Hills,Studio Apartment,582,1,1.0,Furnished,1,2,6.0,1,6,Ready To Move,2.0,392300.0
PROP_13121,Oakridge Valley,Independent House,3024,4,4.0,Unfurnished,2,1,7.0,2,6,Ready To Move,3.0,1205200.0
PROP_14643,Harbor Point,Apartment,1415,3,3.0,Unfurnished,1,7,5.0,1,4,Ready To Move,1.0,803000.0
PROP_14755,Riverside District,Independent House,2105,3,2.0,Semi-Furnished,1,1,5.0,1,4,Ready To Move,5.0,1134900.0
PROP_10816,Silicon Hills,Penthouse,3778,3,4.0,Semi-Furnished,2,21,4.0,0,7,Ready To Move,2.0,3073700.0
PROP_13068,Westend Terrace,Apartment,1121,2,2.0,Semi-Furnished,0,23,9.0,1,10,Under Construction,3.0,513500.0
PROP_15757,Sunset Park,Apartment,1245,2,1.0,Furnished,1,3,0.0,2,3,Ready To Move,4.0,607500.0
PROP_15601,Lakeside Estates,Apartment,1235,2,1.0,Furnished,1,16,6.0,3,5,Ready To Move,3.0,704400.0
PROP_10960,Harbor Point,Apartment,1467,2,2.0,Semi-Furnished,0,24,19.0,0,4,Ready To Move,3.0,792000.0
PROP_14894,Harbor Point,Penthouse,4053,3,4.0,Furnished,1,34,33.0,1,4,Ready To Move,4.0,2448700.0
PROP_10226,Westend Terrace,Independent House,3652,5,5.0,Furnished,2,1,2.0,1,1,Under Construction,5.0,1723800.0
PROP_13355,Sunset Park,Luxury Villa,3735,4,5.0,Semi-Furnished,1,3,11.0,1,10,Ready To Move,3.0,1675600.0
PROP_12486,Westend Terrace,Independent House,2130,3,2.0,Unfurnished,1,3,15.0,1,6,Ready To Move,3.0,977700.0
PROP_10563,Greenwood Heights,Independent House,1873,2,1.0,Semi-Furnished,2,2,4.0,1,3,Under Construction,3.0,825100.0
PROP_13437,Lakeside Estates,Luxury Villa,5134,5,6.0,Unfurnished,1,3,2.0,2,5,Under Construction,3.0,2974700.0
PROP_11694,Silicon Hills,Apartment,1652,3,3.0,Furnished,0,17,15.0,1,9,Ready To Move,4.0,923000.0
PROP_11046,Harbor Point,Apartment,1562,3,3.0,Semi-Furnished,2,24,15.0,2,7,Under Construction,3.0,777200.0
PROP_13447,Oakridge Valley,Apartment,1585,3,2.0,Unfurnished,3,18,20.0,1,2,Ready To Move,2.0,610500.0
PROP_14566,Midtown Corridor,Independent House,2767,4,3.0,Semi-Furnished,2,3,2.0,1,4,Under Construction,2.0,1548800.0
PROP_10955,Riverside District,Studio Apartment,579,1,1.0,Semi-Furnished,2,16,3.0,2,7,Ready To Move,4.0,361600.0
PROP_12736,Sunset Park,Luxury Villa,3869,3,4.0,Unfurnished,2,2,2.0,2,7,Ready To Move,2.0,1779000.0
PROP_15909,Downtown Central,Independent House,2155,2,2.0,Furnished,2,1,7.0,0,4,Ready To Move,1.0,1242400.0
PROP_14736,Oakridge Valley,Apartment,1269,1,1.0,Unfurnished,1,14,30.0,2,5,Ready To Move,5.0,410000.0
PROP_15802,Riverside District,Apartment,1211,2,2.0,Unfurnished,0,6,9.0,2,6,Ready To Move,3.0,596500.0
PROP_11219,Lakeside Estates,Independent House,2217,3,3.0,Unfurnished,2,2,17.0,1,9,Under Construction,2.0,1065900.0
PROP_15255,Oakridge Valley,Independent House,2620,4,4.0,Furnished,1,3,21.0,2,6,Under Construction,4.0,944400.0
PROP_15512,Silicon Hills,Apartment,1381,3,2.0,Furnished,2,16,3.0,2,4,Ready To Move,3.0,951600.0
PROP_11528,Silicon Hills,Apartment,1519,2,1.0,Unfurnished,1,23,2.0,2,9,Ready To Move,4.0,928300.0
PROP_13988,Downtown Central,Luxury Villa,3758,4,5.0,Semi-Furnished,0,2,0.0,2,4,Ready To Move,1.0,2513300.0
PROP_15945,Midtown Corridor,Independent House,3142,4,5.0,Furnished,2,3,1.0,1,2,Ready To Move,2.0,1754100.0
PROP_11301,Midtown Corridor,Apartment,1513,3,2.0,Semi-Furnished,1,24,1.0,2,5,Ready To Move,3.0,816000.0
PROP_15894,Westend Terrace,Apartment,1470,3,3.0,Semi-Furnished,2,23,17.0,1,5,Ready To Move,5.0,715200.0
PROP_15700,Riverside District,Apartment,1639,3,2.0,Semi-Furnished,0,23,6.0,2,7,Under Construction,1.0,690200.0
PROP_10161,Harbor Point,Independent House,2902,4,3.0,Furnished,2,2,1.0,1,9,Ready To Move,1.0,1809300.0
PROP_14068,Westend Terrace,Independent House,2853,3,4.0,Furnished,1,3,2.0,0,3,Ready To Move,4.0,1417800.0
PROP_10957,Riverside District,Independent House,1984,3,4.0,Unfurnished,2,2,1.0,1,8,Ready To Move,2.0,1061300.0
PROP_13792,Riverside District,Apartment,1613,3,3.0,Unfurnished,1,7,4.0,1,4,Ready To Move,2.0,759800.0
PROP_13235,Harbor Point,Luxury Villa,4071,3,4.0,Semi-Furnished,1,4,10.0,2,9,Ready To Move,4.0,2815800.0
PROP_12870,Sunset Park,Apartment,1704,3,4.0,Unfurnished,1,24,11.0,1,6,Under Construction,3.0,624800.0
PROP_13778,Sunset Park,Apartment,1589,3,2.0,Semi-Furnished,2,23,10.0,3,3,Ready To Move,2.0,645500.0
PROP_14974,Riverside District,Apartment,1786,3,3.0,Furnished,1,17,3.0,1,5,Ready To Move,4.0,865800.0
PROP_12962,Riverside District,Apartment,1208,1,2.0,Unfurnished,1,17,2.0,2,4,Under Construction,2.0,543000.0
PROP_12201,Midtown Corridor,Apartment,1494,2,1.0,Unfurnished,0,9,3.0,2,10,Ready To Move,4.0,777500.0
PROP_10099,Sunset Park,Apartment,2034,3,4.0,Semi-Furnished,2,9,3.0,1,1,Ready To Move,1.0,783200.0
PROP_15859,Silicon Hills,Apartment,1964,3,3.0,Semi-Furnished,3,21,3.0,1,6,Ready To Move,2.0,1203300.0
PROP_12558,Lakeside Estates,Studio Apartment,455,1,1.0,Semi-Furnished,1,15,3.0,0,7,Ready To Move,2.0,300800.0
PROP_13184,Westend Terrace,Apartment,1468,3,3.0,Furnished,2,18,11.0,1,5,Ready To Move,1.0,671900.0
PROP_10254,Oakridge Valley,Apartment,1369,3,2.0,Semi-Furnished,3,17,9.0,0,6,Ready To Move,5.0,609800.0
PROP_13924,Westend Terrace,Apartment,1182,2,3.0,Semi-Furnished,0,14,9.0,0,4,Ready To Move,3.0,495600.0
PROP_14200,Riverside District,Studio Apartment,556,1,1.0,Furnished,1,7,7.0,1,8,Ready To Move,3.0,330900.0
PROP_11446,Silicon Hills,Independent House,2995,4,4.0,Semi-Furnished,1,1,3.0,1,8,Ready To Move,1.0,1978200.0
PROP_15540,Downtown Central,Penthouse,5568,5,6.0,Furnished,1,24,12.0,2,7,Ready To Move,5.0,3952800.0
PROP_11649,Harbor Point,Apartment,921,1,1.0,Unfurnished,1,23,12.0,1,6,Ready To Move,1.0,529200.0
PROP_14683,Midtown Corridor,Independent House,2765,4,5.0,Semi-Furnished,1,1,4.0,2,2,Ready To Move,4.0,1521700.0
PROP_14724,Downtown Central,Independent House,2264,3,4.0,Furnished,1,2,7.0,2,8,Ready To Move,5.0,1405700.0
PROP_13992,Silicon Hills,Apartment,1522,2,2.0,Furnished,1,11,15.0,1,4,Ready To Move,4.0,813800.0
PROP_11697,Sunset Park,Apartment,1292,2,1.0,Semi-Furnished,1,24,5.0,1,8,Ready To Move,2.0,509600.0
PROP_13192,Sunset Park,Apartment,1704,3,3.0,Semi-Furnished,2,16,2.0,2,9,Ready To Move,5.0,717400.0
PROP_14500,Greenwood Heights,Apartment,1323,2,2.0,Unfurnished,2,6,10.0,2,8,Ready To Move,4.0,531500.0
PROP_11155,Midtown Corridor,Apartment,2184,4,4.0,Semi-Furnished,0,4,0.0,1,5,Ready To Move,3.0,1163700.0
PROP_12256,Midtown Corridor,Apartment,1291,3,2.0,Unfurnished,1,11,0.0,1,3,Ready To Move,1.0,660900.0
PROP_11683,Downtown Central,Independent House,2179,3,2.0,Furnished,0,2,17.0,1,6,Ready To Move,1.0,1278700.0
PROP_13171,Downtown Central,Studio Apartment,654,1,1.0,Semi-Furnished,1,12,4.0,2,3,Ready To Move,3.0,355600.0
PROP_12057,Westend Terrace,Independent House,2826,4,4.0,Furnished,1,3,0.0,1,9,Ready To Move,3.0,1585600.0
PROP_14091,Downtown Central,Apartment,810,1,2.0,Semi-Furnished,2,3,1.0,0,7,Ready To Move,3.0,523400.0
PROP_15878,Lakeside Estates,Independent House,2102,3,3.0,Furnished,0,3,7.0,1,8,Ready To Move,4.0,1198300.0
PROP_13109,Downtown Central,Apartment,1120,2,1.0,Unfurnished,1,13,0.0,1,3,Under Construction,3.0,593900.0
PROP_14549,Harbor Point,Independent House,2934,3,3.0,Semi-Furnished,3,2,5.0,2,6,Under Construction,5.0,1727600.0
PROP_13724,Sunset Park,Apartment,1736,2,2.0,Unfurnished,1,17,1.0,1,6,Ready To Move,4.0,674800.0
PROP_15424,Downtown Central,Apartment,2118,4,3.0,Unfurnished,2,13,8.0,2,3,Ready To Move,1.0,1140500.0
PROP_12050,Oakridge Valley,Apartment,1259,2,2.0,Furnished,2,2,7.0,1,2,Ready To Move,5.0,504700.0
PROP_14977,Silicon Hills,Independent House,2397,3,2.0,Furnished,1,2,1.0,2,5,Ready To Move,2.0,1664500.0
PROP_13644,Greenwood Heights,Apartment,1500,2,2.0,Furnished,3,19,3.0,1,4,Ready To Move,1.0,726900.0
PROP_15940,Westend Terrace,Apartment,1144,2,2.0,Semi-Furnished,1,16,10.0,0,4,Ready To Move,3.0,531500.0
PROP_10624,Sunset Park,Apartment,1559,3,2.0,Furnished,2,17,13.0,2,2,Ready To Move,2.0,617900.0
PROP_10263,Harbor Point,Independent House,3065,5,5.0,Unfurnished,1,2,4.0,0,5,Ready To Move,3.0,1870700.0
PROP_15731,Midtown Corridor,Luxury Villa,5410,5,6.0,Semi-Furnished,1,3,5.0,2,6,Ready To Move,1.0,3310400.0
PROP_13370,Sunset Park,Apartment,1530,3,2.0,Furnished,0,22,0.0,1,5,Ready To Move,5.0,698200.0
PROP_14062,Greenwood Heights,Luxury Villa,4627,5,6.0,Semi-Furnished,1,3,4.0,1,7,Ready To Move,5.0,2444900.0
PROP_15535,Lakeside Estates,Apartment,1431,3,2.0,Semi-Furnished,1,21,0.0,2,4,Ready To Move,2.0,784300.0
PROP_11803,Harbor Point,Apartment,1279,2,1.0,Furnished,1,13,17.0,1,4,Under Construction,4.0,656700.0
PROP_14737,Sunset Park,Independent House,2364,3,3.0,Semi-Furnished,2,2,22.0,2,8,Ready To Move,1.0,934100.0
PROP_12386,Riverside District,Studio Apartment,525,1,1.0,Semi-Furnished,3,2,4.0,2,8,Ready To Move,4.0,334900.0
PROP_15760,Greenwood Heights,Studio Apartment,477,1,1.0,Furnished,0,10,2.0,1,7,Under Construction,4.0,251500.0
PROP_11960,Oakridge Valley,Apartment,1311,2,1.0,Unfurnished,1,7,0.0,1,3,Ready To Move,4.0,525500.0
PROP_12977,Harbor Point,Apartment,1579,3,2.0,Furnished,1,23,16.0,0,7,Under Construction,3.0,861800.0
PROP_10489,Riverside District,Apartment,1775,3,3.0,Semi-Furnished,1,10,1.0,0,3,Ready To Move,2.0,850700.0
PROP_11844,Harbor Point,Penthouse,4205,4,6.0,Furnished,2,22,2.0,1,2,Ready To Move,1.0,3323300.0
PROP_11735,Silicon Hills,Apartment,1183,2,2.0,Unfurnished,1,5,21.0,2,8,Ready To Move,4.0,630200.0
PROP_12912,Downtown Central,Apartment,1431,2,2.0,Semi-Furnished,3,3,18.0,1,4,Ready To Move,2.0,698100.0
PROP_13220,Silicon Hills,Penthouse,3859,4,5.0,Furnished,1,23,1.0,1,2,Under Construction,5.0,2934200.0
PROP_10147,Sunset Park,Independent House,2788,3,3.0,Semi-Furnished,0,1,2.0,1,5,Ready To Move,3.0,1204300.0
PROP_15631,Downtown Central,Apartment,956,2,1.0,Furnished,0,11,0.0,2,3,Ready To Move,3.0,590700.0
PROP_11987,Harbor Point,Studio Apartment,555,1,1.0,Unfurnished,1,14,1.0,2,9,Ready To Move,2.0,415800.0
PROP_11370,Lakeside Estates,Apartment,811,1,2.0,Furnished,0,20,0.0,1,7,Ready To Move,5.0,511400.0
PROP_12812,Riverside District,Apartment,1976,4,4.0,Semi-Furnished,2,6,4.0,0,8,Under Construction,5.0,925800.0
PROP_10660,Lakeside Estates,Studio Apartment,480,1,1.0,Unfurnished,1,13,2.0,2,6,Ready To Move,3.0,295300.0
PROP_11795,Silicon Hills,Luxury Villa,4582,3,3.0,Furnished,1,3,5.0,1,2,Ready To Move,2.0,3531500.0
PROP_12512,Midtown Corridor,Independent House,3018,3,2.0,Semi-Furnished,3,2,5.0,0,9,Ready To Move,4.0,1483500.0
PROP_13398,Harbor Point,Apartment,1448,2,1.0,Semi-Furnished,1,10,2.0,1,5,Under Construction,5.0,743900.0
PROP_14283,Oakridge Valley,Apartment,1377,2,2.0,Semi-Furnished,2,23,21.0,2,8,Ready To Move,3.0,513000.0
PROP_11148,Silicon Hills,Apartment,901,1,1.0,Unfurnished,1,15,2.0,1,4,Ready To Move,2.0,549900.0
PROP_13273,Silicon Hills,Luxury Villa,4811,4,5.0,Furnished,2,3,23.0,2,7,Under Construction,5.0,2900300.0
PROP_10609,Harbor Point,Apartment,1321,2,2.0,Semi-Furnished,1,7,7.0,1,5,Under Construction,2.0,719600.0
PROP_13583,Midtown Corridor,Independent House,2706,4,3.0,Semi-Furnished,0,2,0.0,2,3,Under Construction,3.0,1426600.0
PROP_11931,Midtown Corridor,Independent House,1968,3,3.0,Furnished,1,2,2.0,1,2,Ready To Move,2.0,1190800.0
PROP_10198,Riverside District,Apartment,809,1,1.0,Semi-Furnished,1,17,19.0,1,5,Ready To Move,3.0,329400.0
PROP_12932,Sunset Park,Apartment,1195,2,1.0,Furnished,0,3,23.0,2,3,Ready To Move,3.0,444600.0
PROP_12328,Sunset Park,Apartment,537,1,1.0,Furnished,1,15,1.0,1,9,Ready To Move,3.0,302200.0
PROP_14390,Harbor Point,Luxury Villa,4418,4,5.0,Unfurnished,1,3,1.0,1,7,Ready To Move,2.0,3060100.0
PROP_10767,Sunset Park,Independent House,2885,4,4.0,Semi-Furnished,1,1,3.0,2,6,Under Construction,1.0,1254700.0
PROP_14497,Silicon Hills,Penthouse,4232,4,6.0,Unfurnished,1,26,13.0,1,6,Ready To Move,5.0,2936000.0
PROP_14219,Greenwood Heights,Apartment,761,1,1.0,Semi-Furnished,1,16,0.0,0,4,Ready To Move,2.0,397600.0
PROP_13256,Greenwood Heights,Apartment,1515,2,1.0,Semi-Furnished,0,10,20.0,1,5,Ready To Move,4.0,561200.0
PROP_10203,Sunset Park,Penthouse,4651,4,6.0,Unfurnished,1,24,2.0,2,3,Ready To Move,4.0,2673900.0
PROP_13511,Westend Terrace,Independent House,2318,3,3.0,Furnished,1,1,2.0,1,3,Ready To Move,3.0,1260600.0
PROP_14932,Midtown Corridor,Luxury Villa,4058,4,5.0,Semi-Furnished,2,2,19.0,1,5,Ready To Move,4.0,2580700.0
PROP_15536,Westend Terrace,Luxury Villa,3963,4,5.0,Unfurnished,1,4,0.0,2,5,Ready To Move,2.0,1999800.0
PROP_11734,Riverside District,Apartment,547,1,1.0,Furnished,3,13,38.0,2,10,Ready To Move,5.0,303000.0
PROP_15792,Oakridge Valley,Independent House,3118,3,3.0,Semi-Furnished,1,1,4.0,3,3,Ready To Move,2.0,1215500.0
PROP_12778,Greenwood Heights,Luxury Villa,3883,4,4.0,Semi-Furnished,0,2,6.0,0,7,Ready To Move,3.0,2145400.0
PROP_11708,Westend Terrace,Studio Apartment,537,1,1.0,Semi-Furnished,1,16,29.0,2,5,Ready To Move,2.0,248000.0
PROP_15173,Harbor Point,Studio Apartment,496,1,1.0,Furnished,1,16,15.0,2,6,Ready To Move,4.0,339200.0
PROP_15250,Greenwood Heights,Studio Apartment,620,1,1.0,Unfurnished,3,18,1.0,1,1,Ready To Move,5.0,321500.0
PROP_15758,Harbor Point,Penthouse,4537,5,6.0,Furnished,1,28,23.0,3,5,Under Construction,5.0,2877700.0
PROP_13475,Sunset Park,Independent House,2850,4,4.0,Furnished,1,2,4.0,2,4,Ready To Move,3.0,1326600.0
PROP_10855,Harbor Point,Apartment,2141,4,4.0,Furnished,1,19,10.0,0,7,Ready To Move,2.0,1210000.0
PROP_15686,Riverside District,Penthouse,4917,4,5.0,Semi-Furnished,1,25,24.0,3,6,Ready To Move,2.0,2706900.0
PROP_14738,Westend Terrace,Luxury Villa,3483,4,5.0,Unfurnished,0,4,2.0,2,10,Ready To Move,1.0,2037700.0
PROP_14098,Silicon Hills,Independent House,2010,2,2.0,Unfurnished,0,2,6.0,1,10,Ready To Move,5.0,1262100.0
PROP_12161,Lakeside Estates,Independent House,2148,3,2.0,Furnished,2,2,11.0,2,8,Ready To Move,1.0,1140000.0
PROP_10699,Silicon Hills,Independent House,2241,3,4.0,Unfurnished,2,2,9.0,1,6,Ready To Move,1.0,1520500.0
PROP_15962,Westend Terrace,Apartment,1311,2,2.0,Furnished,1,16,0.0,2,4,Ready To Move,2.0,677500.0
PROP_13000,Midtown Corridor,Apartment,1128,2,1.0,Semi-Furnished,0,23,3.0,1,9,Ready To Move,5.0,641300.0
PROP_13697,Silicon Hills,Studio Apartment,577,1,1.0,Furnished,1,11,35.0,1,1,Ready To Move,4.0,287700.0
PROP_11637,Harbor Point,Independent House,3042,5,5.0,Furnished,1,1,3.0,1,6,Ready To Move,1.0,1900700.0
PROP_13458,Riverside District,Studio Apartment,470,1,1.0,Semi-Furnished,1,9,3.0,0,9,Ready To Move,2.0,319900.0
PROP_13582,Sunset Park,Apartment,1602,3,3.0,Furnished,3,10,8.0,0,3,Under Construction,3.0,675200.0
PROP_11292,Sunset Park,Luxury Villa,3902,3,4.0,Furnished,1,3,5.0,1,6,Ready To Move,3.0,2092500.0
PROP_14660,Westend Terrace,Apartment,1300,3,3.0,Unfurnished,1,19,0.0,1,5,Under Construction,4.0,569900.0
PROP_15617,Harbor Point,Independent House,1712,2,2.0,Semi-Furnished,1,2,1.0,0,6,Ready To Move,3.0,1161700.0
PROP_11854,Harbor Point,Apartment,1443,2,1.0,Semi-Furnished,1,11,1.0,1,5,Ready To Move,2.0,732700.0
PROP_15233,Midtown Corridor,Penthouse,5208,4,5.0,Furnished,1,18,4.0,2,4,Ready To Move,4.0,3210500.0
PROP_13764,Silicon Hills,Penthouse,3838,4,5.0,Furnished,2,34,7.0,2,2,Under Construction,4.0,2934300.0
PROP_13305,Sunset Park,Luxury Villa,4594,4,5.0,Unfurnished,1,3,5.0,1,7,Ready To Move,4.0,2227300.0
PROP_15922,Midtown Corridor,Apartment,1629,3,2.0,Unfurnished,1,1,19.0,0,4,Ready To Move,2.0,707700.0
PROP_15728,Westend Terrace,Apartment,1757,2,1.0,Furnished,2,15,1.0,2,2,Ready To Move,5.0,844800.0
PROP_13744,Sunset Park,Independent House,2684,4,4.0,Furnished,1,1,5.0,1,8,Ready To Move,3.0,1231200.0
PROP_13446,Sunset Park,Independent House,3050,5,5.0,Furnished,1,3,10.0,1,4,Ready To Move,3.0,1413500.0
PROP_11999,Silicon Hills,Apartment,1026,2,1.0,Unfurnished,2,21,0.0,1,6,Ready To Move,3.0,662300.0
PROP_10664,Lakeside Estates,Apartment,1334,2,2.0,Furnished,1,17,15.0,0,4,Ready To Move,2.0,610700.0
PROP_14780,Lakeside Estates,Apartment,1645,3,3.0,Unfurnished,1,2,12.0,3,6,Ready To Move,5.0,816600.0
PROP_15354,Sunset Park,Apartment,1365,2,2.0,Unfurnished,1,19,0.0,1,5,Ready To Move,5.0,551200.0
PROP_13749,Harbor Point,Apartment,1433,2,1.0,Furnished,1,6,6.0,2,5,Ready To Move,5.0,880700.0
PROP_14414,Lakeside Estates,Apartment,1416,2,2.0,Semi-Furnished,1,3,3.0,2,4,Ready To Move,2.0,778600.0
PROP_14745,Lakeside Estates,Apartment,775,2,2.0,Unfurnished,1,21,17.0,1,5,Ready To Move,1.0,402100.0
PROP_15531,Midtown Corridor,Luxury Villa,4285,4,5.0,Semi-Furnished,2,3,0.0,2,6,Ready To Move,1.0,2919100.0
PROP_15576,Harbor Point,Independent House,2629,3,4.0,Furnished,2,3,4.0,1,5,Ready To Move,4.0,1724600.0
PROP_10710,Riverside District,Independent House,3085,5,5.0,Semi-Furnished,1,2,11.0,1,2,Ready To Move,4.0,1542200.0
PROP_11283,Greenwood Heights,Apartment,1201,1,1.0,Semi-Furnished,1,9,3.0,1,5,Ready To Move,3.0,536200.0
PROP_15069,Oakridge Valley,Studio Apartment,628,1,1.0,Semi-Furnished,0,12,0.0,2,10,Ready To Move,1.0,332300.0
PROP_12676,Greenwood Heights,Independent House,3019,4,4.0,Unfurnished,0,2,1.0,1,3,Ready To Move,4.0,1511800.0
PROP_14030,Greenwood Heights,Apartment,1511,2,1.0,Unfurnished,2,16,2.0,1,4,Ready To Move,2.0,623300.0
PROP_11307,Lakeside Estates,Independent House,1803,3,3.0,Semi-Furnished,1,2,3.0,0,6,Ready To Move,3.0,1031700.0
PROP_15497,Midtown Corridor,Penthouse,4779,3,5.0,Furnished,2,32,22.0,0,8,Ready To Move,2.0,2684000.0
PROP_15505,Oakridge Valley,Apartment,1939,3,3.0,Semi-Furnished,2,14,8.0,1,4,Ready To Move,4.0,667200.0
PROP_12238,Harbor Point,Apartment,1807,3,2.0,Furnished,2,12,14.0,2,10,Under Construction,4.0,984200.0
PROP_13303,Lakeside Estates,Apartment,1949,4,4.0,Furnished,0,4,0.0,1,6,Under Construction,2.0,1049000.0
PROP_15593,Westend Terrace,Independent House,2695,4,3.0,Unfurnished,0,2,3.0,1,5,Ready To Move,1.0,1318700.0
PROP_12039,Harbor Point,Apartment,1527,2,1.0,Furnished,0,7,4.0,1,2,Ready To Move,5.0,845000.0
PROP_11530,Riverside District,Apartment,1618,2,2.0,Furnished,1,9,7.0,1,6,Ready To Move,4.0,777000.0
PROP_11664,Riverside District,Apartment,1206,2,1.0,Semi-Furnished,1,15,7.0,2,7,Under Construction,4.0,601800.0
PROP_15451,Midtown Corridor,Independent House,2189,3,4.0,Furnished,1,2,15.0,0,4,Ready To Move,3.0,1085600.0
PROP_15947,Silicon Hills,Penthouse,5003,4,5.0,Semi-Furnished,1,19,2.0,2,7,Ready To Move,4.0,4085200.0
PROP_15969,Harbor Point,Independent House,1571,2,2.0,Unfurnished,1,2,4.0,1,7,Ready To Move,5.0,998000.0
PROP_13628,Greenwood Heights,Studio Apartment,462,1,1.0,Semi-Furnished,1,9,6.0,1,10,Ready To Move,2.0,280600.0
PROP_15740,Greenwood Heights,Independent House,2232,3,2.0,Furnished,1,2,6.0,0,4,Ready To Move,2.0,1099300.0
PROP_15148,Oakridge Valley,Apartment,1660,3,2.0,Semi-Furnished,1,2,0.0,2,4,Ready To Move,1.0,693800.0
PROP_14892,Riverside District,Apartment,1732,2,2.0,Furnished,0,23,2.0,2,5,Ready To Move,2.0,945600.0
PROP_12694,Midtown Corridor,Independent House,2657,4,4.0,Semi-Furnished,1,2,2.0,3,6,Ready To Move,3.0,1601000.0
PROP_13061,Westend Terrace,Apartment,1631,3,3.0,Semi-Furnished,3,1,8.0,1,1,Ready To Move,2.0,808100.0
PROP_11598,Sunset Park,Apartment,1463,2,2.0,Furnished,1,22,16.0,1,6,Ready To Move,2.0,579400.0
PROP_12730,Westend Terrace,Apartment,1247,2,1.0,Semi-Furnished,2,2,5.0,1,10,Under Construction,1.0,557000.0
PROP_12626,Westend Terrace,Apartment,780,1,2.0,Semi-Furnished,1,6,8.0,2,6,Ready To Move,3.0,402000.0
PROP_13158,Downtown Central,Penthouse,4855,4,5.0,Furnished,0,19,2.0,1,10,Ready To Move,5.0,3608900.0
PROP_13315,Downtown Central,Apartment,1370,2,2.0,Semi-Furnished,2,13,0.0,1,6,Under Construction,3.0,716500.0
PROP_11723,Westend Terrace,Luxury Villa,5213,4,5.0,Unfurnished,2,3,2.0,2,2,Ready To Move,3.0,2646800.0
PROP_15280,Sunset Park,Studio Apartment,549,1,1.0,Semi-Furnished,1,4,9.0,1,6,Ready To Move,1.0,275200.0
PROP_11060,Oakridge Valley,Independent House,2156,3,4.0,Unfurnished,2,2,39.0,1,10,Ready To Move,3.0,758100.0
PROP_14637,Greenwood Heights,Luxury Villa,4771,5,5.0,Furnished,2,3,17.0,1,7,Ready To Move,2.0,2185700.0
PROP_13243,Oakridge Valley,Apartment,1496,2,2.0,Furnished,1,18,23.0,1,4,Under Construction,3.0,474800.0
PROP_11679,Westend Terrace,Independent House,2847,4,4.0,Semi-Furnished,2,2,2.0,3,2,Under Construction,3.0,1235100.0
PROP_11758,Riverside District,Apartment,902,1,1.0,Unfurnished,2,2,4.0,2,6,Ready To Move,1.0,437200.0
PROP_14192,Riverside District,Apartment,1250,3,2.0,Semi-Furnished,2,23,3.0,2,3,Ready To Move,2.0,609900.0
PROP_15117,Sunset Park,Apartment,1399,2,2.0,Furnished,2,13,4.0,2,7,Under Construction,1.0,608800.0
PROP_10564,Harbor Point,Independent House,1950,3,2.0,Semi-Furnished,0,3,6.0,2,6,Ready To Move,2.0,1151400.0
PROP_12791,Downtown Central,Apartment,1736,2,1.0,Semi-Furnished,1,16,6.0,1,4,Under Construction,5.0,889500.0
PROP_10864,Greenwood Heights,Independent House,2824,4,5.0,Semi-Furnished,1,2,0.0,1,9,Ready To Move,2.0,1324400.0
PROP_11485,Midtown Corridor,Apartment,1277,2,2.0,Furnished,2,4,14.0,1,1,Ready To Move,1.0,615800.0
PROP_15135,Oakridge Valley,Apartment,1085,2,2.0,Semi-Furnished,2,23,0.0,3,4,Under Construction,2.0,452900.0
PROP_10207,Riverside District,Luxury Villa,4756,5,6.0,Unfurnished,1,3,2.0,3,6,Ready To Move,1.0,3105800.0
PROP_14489,Midtown Corridor,Apartment,2095,4,4.0,Unfurnished,1,16,5.0,1,10,Ready To Move,4.0,1030800.0
PROP_10871,Riverside District,Penthouse,4960,3,4.0,Furnished,1,28,13.0,1,5,Under Construction,3.0,2853800.0
PROP_14494,Riverside District,Independent House,2721,4,4.0,Semi-Furnished,0,1,10.0,2,6,Ready To Move,5.0,1386000.0
PROP_10503,Downtown Central,Luxury Villa,4344,4,5.0,Semi-Furnished,3,2,36.0,2,4,Ready To Move,1.0,2300900.0
PROP_11029,Midtown Corridor,Apartment,1061,2,2.0,Furnished,1,16,6.0,1,10,Ready To Move,2.0,614400.0
PROP_13841,Harbor Point,Penthouse,4936,5,6.0,Unfurnished,1,29,6.0,2,1,Ready To Move,4.0,2955900.0
PROP_12691,Sunset Park,Apartment,1767,3,2.0,Unfurnished,1,24,7.0,2,6,Ready To Move,5.0,724800.0
PROP_15582,Midtown Corridor,Luxury Villa,4348,3,4.0,Unfurnished,1,2,2.0,1,8,Ready To Move,5.0,2939600.0
PROP_15057,Lakeside Estates,Apartment,1649,3,2.0,Semi-Furnished,1,2,1.0,0,6,Ready To Move,3.0,859800.0
PROP_11571,Westend Terrace,Independent House,2508,4,3.0,Semi-Furnished,0,2,5.0,3,3,Ready To Move,5.0,1050100.0
PROP_12774,Midtown Corridor,Luxury Villa,4491,3,4.0,Unfurnished,1,3,17.0,2,7,Ready To Move,2.0,2459900.0
PROP_12732,Lakeside Estates,Apartment,1140,2,3.0,Unfurnished,1,16,9.0,1,2,Under Construction,1.0,554700.0
PROP_10805,Sunset Park,Apartment,1337,2,2.0,Furnished,3,8,19.0,2,10,Ready To Move,4.0,560000.0
PROP_15848,Silicon Hills,Penthouse,4719,5,6.0,Semi-Furnished,1,25,6.0,2,4,Under Construction,2.0,3695800.0
PROP_13646,Sunset Park,Independent House,2880,3,3.0,Semi-Furnished,1,3,4.0,1,8,Under Construction,4.0,1180600.0
PROP_12455,Downtown Central,Apartment,1368,2,3.0,Furnished,1,6,15.0,1,4,Ready To Move,2.0,697800.0
PROP_14599,Harbor Point,Independent House,2714,4,4.0,Semi-Furnished,0,1,6.0,3,3,Ready To Move,3.0,1636400.0
PROP_13105,Greenwood Heights,Apartment,1700,3,2.0,Unfurnished,2,14,3.0,2,7,Ready To Move,2.0,773100.0
PROP_14876,Westend Terrace,Independent House,2898,3,3.0,Furnished,2,2,12.0,1,3,Ready To Move,5.0,1253100.0
PROP_10201,Harbor Point,Apartment,1097,2,2.0,Semi-Furnished,1,22,12.0,2,4,Under Construction,4.0,626200.0
PROP_13100,Midtown Corridor,Penthouse,4281,4,5.0,Semi-Furnished,1,28,3.0,2,6,Under Construction,5.0,2855800.0
PROP_12279,Downtown Central,Independent House,2711,3,2.0,Unfurnished,1,3,7.0,2,7,Ready To Move,3.0,1670400.0
PROP_13562,Lakeside Estates,Apartment,1660,3,3.0,Furnished,0,16,13.0,1,7,Ready To Move,1.0,897100.0
PROP_15893,Lakeside Estates,Studio Apartment,532,1,1.0,Furnished,0,17,9.0,1,8,Ready To Move,3.0,331100.0
PROP_14475,Sunset Park,Luxury Villa,4561,5,6.0,Semi-Furnished,2,2,2.0,1,3,Under Construction,5.0,2318200.0
PROP_14515,Sunset Park,Independent House,3060,4,4.0,Semi-Furnished,1,2,18.0,2,4,Under Construction,1.0,1218700.0
PROP_15795,Harbor Point,Penthouse,3715,4,6.0,Semi-Furnished,1,21,24.0,1,8,Under Construction,1.0,2275100.0
PROP_10392,Lakeside Estates,Luxury Villa,4305,3,4.0,Unfurnished,1,3,8.0,2,6,Under Construction,4.0,2511200.0
PROP_15619,Harbor Point,Apartment,1516,3,2.0,Semi-Furnished,2,18,2.0,1,1,Ready To Move,1.0,787200.0
PROP_15259,Midtown Corridor,Independent House,2374,3,2.0,Semi-Furnished,2,1,1.0,1,4,Under Construction,2.0,1342400.0
PROP_11496,Midtown Corridor,Penthouse,5521,3,4.0,Unfurnished,2,19,14.0,1,10,Ready To Move,1.0,3430400.0
PROP_12696,Lakeside Estates,Apartment,685,1,1.0,Furnished,1,11,2.0,1,5,Ready To Move,2.0,417500.0
PROP_12028,Silicon Hills,Apartment,1616,3,2.0,Unfurnished,1,18,9.0,1,7,Under Construction,1.0,878000.0
PROP_15249,Westend Terrace,Luxury Villa,5464,5,5.0,Semi-Furnished,3,3,3.0,2,5,Ready To Move,3.0,3171300.0
PROP_15464,Riverside District,Studio Apartment,748,1,1.0,Furnished,1,19,3.0,1,1,Under Construction,3.0,355100.0
PROP_12569,Midtown Corridor,Apartment,1414,3,4.0,Semi-Furnished,1,17,37.0,1,7,Ready To Move,2.0,563100.0
PROP_10065,Silicon Hills,Apartment,1963,3,4.0,Furnished,3,24,0.0,0,5,Ready To Move,1.0,1145100.0
PROP_13885,Riverside District,Apartment,1338,2,2.0,Semi-Furnished,1,4,23.0,2,6,Ready To Move,4.0,616600.0
PROP_12063,Greenwood Heights,Studio Apartment,621,1,1.0,Semi-Furnished,2,10,7.0,2,4,Under Construction,1.0,275700.0
PROP_15277,Midtown Corridor,Apartment,1842,3,3.0,Unfurnished,2,4,5.0,1,3,Ready To Move,3.0,866500.0
PROP_10493,Oakridge Valley,Apartment,1523,3,2.0,Furnished,1,18,1.0,1,6,Ready To Move,3.0,700300.0
PROP_10380,Greenwood Heights,Studio Apartment,558,1,1.0,Unfurnished,0,16,14.0,2,5,Ready To Move,3.0,228300.0
PROP_14860,Oakridge Valley,Luxury Villa,4701,6,7.0,Furnished,2,4,2.0,2,3,Ready To Move,5.0,2328700.0
PROP_13994,Lakeside Estates,Luxury Villa,5373,5,6.0,Furnished,1,2,5.0,3,2,Ready To Move,2.0,3444700.0
PROP_14888,Lakeside Estates,Apartment,1457,2,3.0,Unfurnished,1,15,6.0,1,5,Under Construction,1.0,712600.0
PROP_11077,Downtown Central,Penthouse,5410,4,5.0,Furnished,2,18,4.0,1,2,Ready To Move,1.0,4311600.0
PROP_10879,Riverside District,Luxury Villa,5534,6,6.0,Semi-Furnished,1,3,4.0,3,7,Ready To Move,1.0,3330600.0
PROP_10338,Sunset Park,Apartment,1706,3,3.0,Furnished,1,14,12.0,1,4,Ready To Move,1.0,661600.0
PROP_11017,Harbor Point,Apartment,1353,2,2.0,Unfurnished,2,14,18.0,3,1,Ready To Move,4.0,657500.0
PROP_11276,Downtown Central,Apartment,1260,2,1.0,Semi-Furnished,1,23,8.0,0,8,Ready To Move,5.0,737900.0
PROP_13799,Sunset Park,Independent House,2341,3,2.0,Semi-Furnished,1,3,0.0,2,3,Ready To Move,3.0,1125700.0
PROP_14552,Silicon Hills,Apartment,1801,3,3.0,Semi-Furnished,1,22,1.0,1,6,Ready To Move,3.0,1172500.0
PROP_13343,Lakeside Estates,Independent House,1824,3,2.0,Semi-Furnished,0,1,3.0,0,5,Ready To Move,2.0,1012700.0
PROP_14912,Greenwood Heights,Penthouse,4299,4,6.0,Semi-Furnished,2,29,7.0,2,2,Ready To Move,5.0,2410200.0
PROP_10996,Westend Terrace,Luxury Villa,5401,6,6.0,Unfurnished,1,2,21.0,0,4,Ready To Move,1.0,2718100.0
PROP_11982,Silicon Hills,Independent House,2340,3,2.0,Unfurnished,0,1,3.0,0,5,Ready To Move,4.0,1552800.0
PROP_14298,Greenwood Heights,Apartment,1490,2,1.0,Furnished,1,12,14.0,1,5,Ready To Move,2.0,574400.0
PROP_10162,Oakridge Valley,Apartment,716,1,1.0,Semi-Furnished,2,24,2.0,1,3,Ready To Move,1.0,343700.0
PROP_15676,Sunset Park,Apartment,1224,2,1.0,Semi-Furnished,0,23,17.0,2,4,Ready To Move,4.0,516000.0
PROP_14799,Harbor Point,Apartment,1533,2,1.0,Semi-Furnished,1,17,9.0,1,7,Ready To Move,5.0,842700.0
PROP_11501,Harbor Point,Luxury Villa,5074,6,6.0,Furnished,1,2,6.0,1,1,Under Construction,4.0,3162600.0
PROP_13844,Oakridge Valley,Apartment,1666,3,3.0,Semi-Furnished,3,8,8.0,1,10,Ready To Move,5.0,714900.0
PROP_15226,Downtown Central,Apartment,1401,2,1.0,Semi-Furnished,1,22,5.0,3,5,Ready To Move,1.0,834500.0
PROP_12614,Midtown Corridor,Penthouse,4893,5,6.0,Semi-Furnished,1,30,6.0,1,6,Under Construction,2.0,3065100.0
PROP_13462,Midtown Corridor,Apartment,1331,2,2.0,Semi-Furnished,1,4,11.0,1,2,Ready To Move,4.0,638400.0
PROP_11022,Westend Terrace,Apartment,1359,2,1.0,Furnished,1,22,0.0,1,9,Under Construction,1.0,632500.0
PROP_13074,Harbor Point,Penthouse,4716,5,6.0,Furnished,0,24,8.0,1,4,Ready To Move,1.0,3600100.0
PROP_13944,Downtown Central,Apartment,1176,2,2.0,Semi-Furnished,1,23,4.0,2,4,Ready To Move,5.0,668200.0
PROP_11586,Silicon Hills,Independent House,2623,3,3.0,Furnished,1,2,5.0,1,7,Ready To Move,1.0,1677500.0
PROP_11956,Westend Terrace,Apartment,1695,3,3.0,Furnished,2,20,10.0,2,4,Ready To Move,1.0,847600.0
PROP_13153,Oakridge Valley,Independent House,2044,2,2.0,Semi-Furnished,1,3,1.0,1,2,Ready To Move,4.0,953400.0
PROP_10035,Midtown Corridor,Independent House,2173,3,3.0,Semi-Furnished,2,1,15.0,2,1,Ready To Move,2.0,1095300.0
PROP_14015,Midtown Corridor,Independent House,2851,4,4.0,Unfurnished,1,2,24.0,0,5,Ready To Move,1.0,1285500.0
PROP_10776,Greenwood Heights,Apartment,1524,3,3.0,Semi-Furnished,0,1,20.0,1,4,Ready To Move,3.0,619500.0
PROP_12557,Midtown Corridor,Studio Apartment,571,1,1.0,Furnished,1,1,2.0,0,6,Under Construction,2.0,336200.0
PROP_11479,Westend Terrace,Penthouse,3452,3,5.0,Furnished,2,27,20.0,1,4,Ready To Move,4.0,1838500.0
PROP_15487,Oakridge Valley,Apartment,1047,1,1.0,Semi-Furnished,1,11,0.0,0,4,Ready To Move,1.0,407400.0
PROP_11364,Silicon Hills,Apartment,1274,2,2.0,Furnished,1,8,7.0,2,4,Under Construction,4.0,735900.0
PROP_12613,Greenwood Heights,Apartment,2066,3,3.0,Semi-Furnished,1,24,1.0,2,5,Under Construction,3.0,828200.0
PROP_12825,Greenwood Heights,Independent House,2614,4,4.0,Furnished,2,1,10.0,3,9,Under Construction,5.0,1154600.0
PROP_12042,Midtown Corridor,Apartment,1230,1,1.0,Semi-Furnished,2,8,1.0,1,8,Ready To Move,3.0,648800.0
PROP_10242,Greenwood Heights,Independent House,2503,2,1.0,Furnished,2,1,20.0,2,3,Ready To Move,2.0,1004200.0
PROP_12062,Riverside District,Studio Apartment,586,1,1.0,Furnished,1,8,7.0,2,7,Under Construction,4.0,346800.0
PROP_12364,Greenwood Heights,Independent House,2749,4,4.0,Furnished,1,1,19.0,2,3,Ready To Move,5.0,1245300.0
PROP_10601,Lakeside Estates,Apartment,1129,2,1.0,Semi-Furnished,1,8,0.0,1,8,Ready To Move,3.0,621900.0
PROP_12436,Sunset Park,Independent House,2928,4,3.0,Semi-Furnished,1,3,1.0,2,3,Ready To Move,3.0,1291500.0
PROP_15394,Sunset Park,Penthouse,4631,4,5.0,Semi-Furnished,1,26,8.0,1,2,Under Construction,4.0,2345000.0
PROP_12889,Harbor Point,Apartment,1587,2,1.0,Semi-Furnished,2,23,2.0,3,4,Ready To Move,4.0,937700.0
PROP_10647,Westend Terrace,Apartment,1623,3,3.0,Semi-Furnished,0,21,0.0,2,6,Under Construction,4.0,764000.0
PROP_13891,Greenwood Heights,Apartment,1387,2,1.0,Semi-Furnished,1,7,0.0,1,3,Ready To Move,4.0,651200.0
PROP_13557,Lakeside Estates,Apartment,1963,3,2.0,Furnished,1,11,7.0,1,5,Ready To Move,1.0,955300.0
PROP_13203,Downtown Central,Apartment,1511,3,2.0,Semi-Furnished,0,11,0.0,1,4,Ready To Move,2.0,883000.0
PROP_11529,Silicon Hills,Independent House,2348,3,2.0,Furnished,1,2,3.0,2,4,Ready To Move,4.0,1613000.0
PROP_11268,Greenwood Heights,Apartment,1182,2,1.0,Semi-Furnished,0,2,5.0,1,6,Under Construction,3.0,453500.0
PROP_11900,Midtown Corridor,Apartment,1536,3,3.0,Furnished,2,4,0.0,3,5,Ready To Move,3.0,891600.0
PROP_14659,Riverside District,Independent House,3428,5,4.0,Semi-Furnished,1,3,9.0,0,9,Under Construction,1.0,1655200.0
PROP_13006,Silicon Hills,Apartment,1341,2,3.0,Semi-Furnished,1,9,16.0,2,4,Ready To Move,4.0,778200.0
PROP_12735,Silicon Hills,Penthouse,5499,5,7.0,Semi-Furnished,1,34,1.0,1,10,Ready To Move,4.0,4262900.0
PROP_10190,Midtown Corridor,Luxury Villa,4775,5,6.0,Semi-Furnished,0,2,12.0,1,6,Ready To Move,4.0,2887800.0
PROP_11807,Silicon Hills,Apartment,1625,3,3.0,Unfurnished,2,23,5.0,1,6,Ready To Move,3.0,967400.0
PROP_10976,Oakridge Valley,Apartment,1322,2,1.0,Semi-Furnished,3,20,6.0,1,5,Under Construction,2.0,498800.0
PROP_12748,Silicon Hills,Apartment,1032,2,2.0,Furnished,1,24,0.0,3,4,Ready To Move,5.0,658100.0
PROP_12048,Midtown Corridor,Apartment,1359,2,1.0,Unfurnished,0,14,2.0,1,4,Under Construction,3.0,602600.0
PROP_12559,Westend Terrace,Apartment,1327,3,3.0,Semi-Furnished,1,20,3.0,2,3,Under Construction,1.0,625700.0
PROP_11083,Greenwood Heights,Apartment,1953,3,2.0,Furnished,1,10,31.0,0,5,Ready To Move,3.0,665300.0
PROP_10475,Silicon Hills,Independent House,2532,2,2.0,Semi-Furnished,1,2,1.0,1,4,Ready To Move,4.0,1662100.0
PROP_12905,Oakridge Valley,Apartment,927,2,2.0,Unfurnished,1,11,5.0,1,5,Ready To Move,2.0,410000.0
PROP_14844,Riverside District,Apartment,1582,3,3.0,Semi-Furnished,2,20,5.0,2,3,Ready To Move,3.0,839100.0
PROP_14118,Silicon Hills,Penthouse,4337,4,5.0,Furnished,1,30,5.0,1,3,Under Construction,4.0,3238300.0
PROP_13386,Sunset Park,Apartment,1565,2,2.0,Semi-Furnished,2,10,10.0,2,2,Under Construction,4.0,612000.0
PROP_14556,Downtown Central,Luxury Villa,3590,3,4.0,Semi-Furnished,1,4,33.0,2,8,Ready To Move,3.0,2066600.0
PROP_11185,Riverside District,Apartment,1673,3,3.0,Furnished,1,7,1.0,1,10,Ready To Move,5.0,856900.0
PROP_15052,Riverside District,Studio Apartment,620,1,1.0,Semi-Furnished,2,19,14.0,3,5,Ready To Move,4.0,355000.0
PROP_15312,Downtown Central,Apartment,1433,2,1.0,Semi-Furnished,3,23,13.0,1,4,Ready To Move,3.0,780100.0
PROP_12434,Harbor Point,Independent House,2887,3,4.0,Semi-Furnished,1,2,8.0,1,9,Ready To Move,5.0,1748800.0
PROP_15612,Silicon Hills,Luxury Villa,5261,6,7.0,Unfurnished,2,3,2.0,1,2,Under Construction,4.0,3858700.0
PROP_12392,Westend Terrace,Independent House,2577,5,6.0,Furnished,3,3,3.0,1,6,Ready To Move,2.0,1358800.0
PROP_10770,Downtown Central,Studio Apartment,666,1,1.0,Semi-Furnished,3,11,11.0,1,6,Ready To Move,3.0,390700.0
PROP_11686,Lakeside Estates,Independent House,1720,3,3.0,Furnished,0,3,13.0,2,6,Ready To Move,3.0,944200.0
PROP_10131,Riverside District,Apartment,1400,2,1.0,Furnished,1,23,4.0,3,10,Ready To Move,3.0,776300.0
PROP_12920,Sunset Park,Studio Apartment,618,1,1.0,Semi-Furnished,1,5,2.0,0,10,Ready To Move,2.0,354400.0
PROP_13172,Downtown Central,Independent House,3487,5,4.0,Furnished,1,1,16.0,1,7,Under Construction,1.0,1937000.0
PROP_13445,Midtown Corridor,Apartment,1380,2,2.0,Semi-Furnished,1,17,1.0,2,8,Under Construction,2.0,740800.0
PROP_15579,Midtown Corridor,Luxury Villa,2608,3,4.0,Furnished,1,3,2.0,1,8,Under Construction,5.0,1747400.0
PROP_14427,Silicon Hills,Apartment,958,1,1.0,Semi-Furnished,1,24,8.0,2,4,Ready To Move,4.0,550200.0
PROP_15335,Westend Terrace,Apartment,1770,3,3.0,Furnished,1,23,14.0,1,6,Ready To Move,4.0,782900.0
PROP_10467,Westend Terrace,Apartment,1264,2,1.0,Semi-Furnished,1,1,16.0,2,5,Ready To Move,2.0,474700.0
PROP_15735,Greenwood Heights,Independent House,3383,5,6.0,Unfurnished,1,2,2.0,0,8,Ready To Move,2.0,1618800.0
PROP_13093,Westend Terrace,Luxury Villa,4585,4,4.0,Furnished,1,2,6.0,1,4,Ready To Move,2.0,2238900.0
PROP_13773,Midtown Corridor,Apartment,1925,3,2.0,Semi-Furnished,0,15,3.0,2,7,Under Construction,5.0,902600.0
PROP_15192,Oakridge Valley,Apartment,2093,4,4.0,Furnished,1,8,0.0,1,7,Under Construction,1.0,837300.0
PROP_15227,Greenwood Heights,Studio Apartment,589,1,1.0,Furnished,2,3,0.0,2,8,Ready To Move,4.0,346000.0
PROP_15391,Lakeside Estates,Independent House,2248,3,4.0,Semi-Furnished,0,2,0.0,0,6,Ready To Move,2.0,1453300.0
PROP_10861,Silicon Hills,Apartment,1518,2,2.0,Unfurnished,1,23,2.0,3,3,Under Construction,4.0,865000.0
